txId,from_wallet,to_wallet,amount_btc,timestamp
1,1DUQpGNY5yCNs7U3,1D491Zgk2Y8bMKwZ,12.44898847,2019-01-08T02:23:00Z
2,1uJnJUziXWCaq5fA,1SvGE4M9BVGngCG7,1.45052833,2019-01-08T21:45:00Z
3,1zo6VADjfWFtx3d1,1mPgySB6nNp4NtTA,2.640654,2019-01-08T13:42:00Z
4,1GBqzXwG9BkMXDFf,1FCwKXNELWCLUa7F,8.68685352,2019-01-08T13:00:00Z
5,1MQnLDQJBZU1p4Tt,19yUWzvb2G43tDF5,1.63946834,2019-01-08T01:46:00Z
6,1QBKaXJNEFgNPPdB,3bBqbQivvMVbDbZj,3.50553834,2019-01-08T12:29:00Z
7,176bFA8cpA43nK9s,1NQ5KzpBCyTRmYeU,0.78519889,2019-01-08T14:52:00Z
8,1D491Zgk2Y8bMKwZ,1SVP4oHqRKN4e6DR,4.92910728,2019-01-08T19:24:00Z
9,1MFfMcX78QkPgPkH,1RJ5vK1m5XkFXC4p,3.91420432,2019-01-08T12:55:00Z
10,1XCTbHaM3HV8uAPU,1XL17xz8K629NxW2,3.13861634,2019-01-08T21:51:00Z
11,1WK83Xqamhw4HmCY,1qVtaChQVzoQPqUC,5.06455282,2019-01-08T05:06:00Z
12,1a21yySbuwDuB3ks,114219JPKvhccHHQ,7.44704812,2019-01-08T03:46:00Z
13,1zeLqQ8Jxj2vY36x,1Ze691FgqxPp3PhR,8.06208435,2019-01-08T20:41:00Z
14,13BHTAnXc77gk9xm,1f2nkejfSgUYoEPm,12.48836921,2019-01-08T03:44:00Z
15,1Qztqa7TeMpLNfG2,3AZSyahATYfVAd1i,14.62013191,2019-01-08T02:15:00Z
16,11YDkk59nLowFrWC,1WDuTzvPch7rmU1X,3.79665444,2019-01-08T16:25:00Z
17,1P5LZ9pox9y37PvG,1FQBNMGgntQKst2f,2.51233167,2019-01-08T23:35:00Z
18,1BxVvVSPBAfjHad1,1xiYe9aH2odBg91N,11.66241914,2019-01-08T07:15:00Z
19,1baPJZJavKVY7eW5,1CmCEQjx7QFdXDax,5.82116565,2019-01-08T07:01:00Z
20,1mu4unH7AU6TwDq5,1jVEEF9aaHDS2Xju,13.7542486,2019-01-08T15:13:00Z
21,1kTRDdcauBB9x9H7,11eYHFj3K6Q4neLR,8.1555285,2019-01-08T22:46:00Z
22,1npjBuCQ8DHY1vGP,17PXXmDZ8EYKP5DJ,1.33312757,2019-01-08T16:35:00Z
23,1YEs9MfeR9TTJ7HL,3bBqbQivvMVbDbZj,2.50070565,2019-01-08T09:54:00Z
24,13B2Q2Eg3888BFJv,1wGEGMDFxPNkzVNo,12.98908387,2019-01-08T01:19:00Z
25,1yQ8zfL35VnatKho,13wQdZHUzQQMBPQa,0.05554951,2019-01-08T04:45:00Z
26,1DMFiMv2VN2GJqkZ,1Nr6EZU6J1jaExxP,4.36428858,2019-01-08T05:25:00Z
27,19T21f7VpjFJCyHi,1N8wjBELrLKHbMA1,13.43290705,2019-01-08T19:45:00Z
28,1dBnZM2ZKr3V44Li,1DUQpGNY5yCNs7U3,13.93889534,2019-01-08T21:06:00Z
29,1TxPGdCGUmsBP2ew,1hzugAi4qWHZLX4b,1.22468197,2019-01-08T08:08:00Z
30,1duDD76PYqtoyNfz,1oszo1mWfFFYjxzp,1.07979125,2019-01-08T10:57:00Z
31,11rS7WKDdVLtmpG4,1bMADFnNRNjk26ri,5.95967849,2019-01-08T09:47:00Z
32,18orPehj2oQLcE2H,1j2k7sqBneFq8w3p,14.06891206,2019-01-08T09:12:00Z
33,13Pae9eivfoz8oAv,1Xm28HBz8K7oS2Ps,4.83988758,2019-01-08T04:56:00Z
34,1ZLVtyB12dfemPpP,1PWnXwLJN2cp18zN,3.13011941,2019-01-08T06:39:00Z
35,1vZyLz5AuLBMgk8a,1Kp41jcUfeoKB8Np,3.36345946,2019-01-08T09:26:00Z
36,1KuoQAUCvpfgWZ11,1G75HiEeJBQkDsS8,14.43830324,2019-01-08T17:57:00Z
37,1gQ2G56Eq5L3bQb3,1BWFUE95QLowe2NQ,0.48133555,2019-01-08T19:51:00Z
38,1X4qF1enzpoiWB8y,3fEw71S93wM8AFCq,1.23461628,2019-01-08T21:43:00Z
39,1WvHL67VhRpPce2m,158hVCttgqi6Pbws,22.23443864,2019-01-08T15:49:00Z
40,1yQ8zfL35VnatKho,1KpZXFFbQHyshdBR,0.03692483,2019-01-08T00:08:00Z
41,1sFptmjCiyXHK7hD,14Jd4ekZxoBJR4vJ,6.34805862,2019-01-08T23:08:00Z
42,1UQRKVhaaiBykuHQ,1oeTDN5HqCg3T7VM,10.59965206,2019-01-08T01:56:00Z
43,1W1z6QA3tiZwBVWm,18UGxBHYepxtgc8b,10.22555256,2019-01-08T10:44:00Z
44,1gyZ6NDSd4Fjqhz1,1AqzYMpNCWPVnXcB,8.71163213,2019-01-08T06:35:00Z
45,16vgu1XxbXQedo5J,13e5rMp8T3rKpF5m,4.80051505,2019-01-08T14:45:00Z
46,1oszo1mWfFFYjxzp,1zbrJmHtZS58T5mS,1.75440074,2019-01-08T06:02:00Z
47,1qXBAfygoKodh1X6,1Fd1eaAEp2SQCLn4,12.4659484,2019-01-08T13:34:00Z
48,17mpLDmL5RLB7QqP,1d8edzTH8oYWX94B,7.50300169,2019-01-08T16:36:00Z
49,1TmvfsTenGCM6p5i,1NtyM4w2eJYmcELe,8.01790664,2019-01-08T15:12:00Z
50,1wy5J2qUhmGY88jm,33YWCjBomCEfoFyz,3.86098492,2019-01-08T16:45:00Z
51,1iABwSrL7rbezk5N,1trNjrZ7qc9pAyJg,4.51152096,2019-01-08T02:35:00Z
52,1JB1hxGJQBRG5eVF,13wQdZHUzQQMBPQa,12.28085965,2019-01-08T10:45:00Z
53,1VBEWwGrVxxDmH7H,1ywSCFxbMby3WYFs,5.71853594,2019-01-08T16:29:00Z
54,1Snda2Tdx776g9jV,1KKjwT6AeP3onKpi,2.23363654,2019-01-08T09:50:00Z
55,1ymF7aBmDAnmTR9Y,1S8dkAL66y1uN2Ji,13.70832606,2019-01-08T08:19:00Z
56,1ACuhLy6uHKKpNH9,1vZyLz5AuLBMgk8a,14.13510402,2019-01-08T07:12:00Z
57,1QBKaXJNEFgNPPdB,1L94V1WA3RLHpswz,4.32782615,2019-01-08T16:24:00Z
58,1iQanud375u25sc9,1DA2zMwDA5txETci,14.86626849,2019-01-08T14:37:00Z
59,1PeQ5DWwDRyaFsUH,1FE7n6nhVhpG36AG,14.81593227,2019-01-08T10:22:00Z
60,1C7CVivZBxG9sRpZ,1JJCDTwoAFteK613,10.40339369,2019-01-08T00:28:00Z
61,1G2ycmVfbfgvvvF5,1Jbzz4MaVG2UiRoC,14.67610875,2019-01-08T07:22:00Z
62,1R4s3ahHxYNoLUrc,1s4DKiNkzLNKvebH,3.73231198,2019-01-08T08:57:00Z
63,1xiYe9aH2odBg91N,1uCqxAp713f1gSic,12.12927653,2019-01-08T23:54:00Z
64,1WK83Xqamhw4HmCY,1YHujKKw4PahsN2i,7.2008218,2019-01-08T14:44:00Z
65,1GBL1vT38bfoigJf,1gMpeFZyZMJMBcSU,3.88365952,2019-01-08T22:33:00Z
66,1XNMrCC1GkssGbtP,1PgSmZRijboCzfp3,6.15448992,2019-01-08T17:46:00Z
67,1oeTDN5HqCg3T7VM,1ehP4kraCyfDdin8,1.36443065,2019-01-08T14:19:00Z
68,1uKFZfFbtPAnpXFy,1P48RS5DiLBxE7yU,12.6750917,2019-01-08T04:58:00Z
69,1nndN8uvV66d2nZq,1qu55j4BLyaSbw5w,2.64834599,2019-01-08T13:46:00Z
70,1a21yySbuwDuB3ks,1PA3SuhtCjMMNEQV,3.93388504,2019-01-08T20:22:00Z
71,1KuoQAUCvpfgWZ11,1yTE3Q7kRdzyuaA9,8.8659558,2019-01-08T00:42:00Z
72,1y5g9KS8dGm9MDKE,1JJCDTwoAFteK613,11.43093538,2019-01-08T20:01:00Z
73,1W2Z3WUV5mN1nmcH,1W2Z3WUV5mN1nmcH,8.38111771,2019-01-08T21:17:00Z
74,1Jbzz4MaVG2UiRoC,1ENtKQwCYB1gQwwR,9.71710746,2019-01-08T16:22:00Z
75,19T21f7VpjFJCyHi,19yUWzvb2G43tDF5,13.81483018,2019-01-08T00:38:00Z
76,1mbwTWMeUgzSPG57,1DMFiMv2VN2GJqkZ,5.85853965,2019-01-08T13:31:00Z
77,13V81CAdqreV7Zgv,1wmitYd7XE38T2n5,8.87537567,2019-01-08T17:16:00Z
78,1sXKD77J9MWK6vBR,13JKYzr7aCwCAYiy,6.59471228,2019-01-08T03:33:00Z
79,1SPqMv4kPCPf6Mfn,1Bv2FekYLfDSQxso,0.43261389,2019-01-08T20:26:00Z
80,1CxxWTdSD4DWGoAn,1pboE89Tw179ao8E,4.91995555,2019-01-08T17:42:00Z
81,12oqboLigEsKhqv4,1gYcAvNY55KkGMRy,14.83076889,2019-01-08T21:54:00Z
82,1TZFKKsBA219W6qT,1b6KPEtESCymyBS1,0.98751767,2019-01-08T13:24:00Z
83,1L6ouHa3L2kuuBmY,1mTZ2KCk9vkDkx9m,4.02984863,2019-01-08T14:09:00Z
84,1ZY37tAH9aZ1ogBx,17Gy8pc9sKyMbPcs,8.21510222,2019-01-08T06:45:00Z
85,1DT5XE2pRiJmX718,1Bv2FekYLfDSQxso,12.03859922,2019-01-08T16:08:00Z
86,1NoPtJnH1GNviQy9,1zo6VADjfWFtx3d1,6.64593392,2019-01-08T07:56:00Z
87,1DMFiMv2VN2GJqkZ,12bchPVYsFo4gYGV,7.37124222,2019-01-08T07:47:00Z
88,1MPX9humnLRCZmdo,1MY9CbPCBhbaoJ4Y,3.66438325,2019-01-08T08:40:00Z
89,1PUvb5fpX622F1by,1P48RS5DiLBxE7yU,4.9310441,2019-01-08T15:39:00Z
90,1EitxxxYaR5ynDrK,1oS85NnHsY7UabsF,4.13398863,2019-01-08T09:08:00Z
91,1cKXYF2pg3VQZCCd,1SVP4oHqRKN4e6DR,5.17756865,2019-01-08T03:32:00Z
92,1uKFZfFbtPAnpXFy,3wyLJFqFLkmqeTeH,4.63839063,2019-01-08T06:56:00Z
93,11BXeo4xAVEdmfkD,18foFfVWmSCy51tw,3.51294686,2019-01-08T14:19:00Z
94,148GPMKH7QD8tYb7,1NQ5KzpBCyTRmYeU,3.18172926,2019-01-08T09:39:00Z
95,1vPzykFZ81JA7fEP,1f1KVJ1HD7WNNpqY,0.04928211,2019-01-08T17:27:00Z
96,1AfUZmao8Q8K5CcP,14vbKu8RUhoJiuZz,14.81705358,2019-01-08T06:36:00Z
97,1wA9JQv5bBoHTNkX,1PCqRRY5NvPrpdLc,14.18763027,2019-01-08T22:52:00Z
98,1HE5A9X4VFRvs69Q,1MPX9humnLRCZmdo,3.28879985,2019-01-08T08:39:00Z
99,1QbYqZCBLH3uZvug,1uKFZfFbtPAnpXFy,2.67452394,2019-01-08T19:40:00Z
100,18rd9ES2jc2qTb7b,1MNuGBAZWt3kZbiu,8.1292457,2019-01-08T02:14:00Z
101,1hzugAi4qWHZLX4b,1E63uVpmLe4AMj6V,1.54165439,2019-01-08T23:04:00Z
102,1HHiiFkcuZ8pze9D,1iQanud375u25sc9,13.48881587,2019-01-08T06:54:00Z
103,1KMk4962MsDuK7b2,1sdn3PZWak3MKjxE,2.45823852,2019-01-08T17:45:00Z
104,1jSNxV48v1Z1p2ux,1vZyLz5AuLBMgk8a,1.52184095,2019-01-15T03:24:00Z
105,1h7Tn2rAKZpPs85i,3Y8vT7ASAd4qeB7t,0.21536292,2019-01-15T00:42:00Z
106,15xv1QXa549BPLQB,1TGvPHyhPH9E8NoN,14.26421743,2019-01-15T03:16:00Z
107,1uCWBqgYzZiaDAZP,122WkN2Fz9mA3hfE,2.45182113,2019-01-15T18:45:00Z
108,1qaShFAfDNwuCNHL,1zeLqQ8Jxj2vY36x,14.51392346,2019-01-15T21:35:00Z
109,1ehP4kraCyfDdin8,1o9sSeQ1SAzNBf6U,12.11839462,2019-01-15T18:45:00Z
110,1DEtNbkeByLEKrEN,1HQxjBP2SAxwdW4R,8.59350004,2019-01-15T05:21:00Z
111,1QJkexwJrAv7AeMS,1CxxWTdSD4DWGoAn,9.64653652,2019-01-15T17:33:00Z
112,1c8eacFH4WH2tJia,1LWBZk28j3vPRqMk,2.73100741,2019-01-15T08:56:00Z
113,1dgP5iYyNjEdjzJf,1WTUN6uCaG87dfRb,11.85433615,2019-01-15T19:48:00Z
114,1Xy8nHgM47i6FHQP,1iwb3CgmtuUXfwnW,11.87758557,2019-01-15T12:45:00Z
115,1eHdD9CmutfkiTPf,148GPMKH7QD8tYb7,6.6947963,2019-01-15T15:53:00Z
116,1oeTDN5HqCg3T7VM,3bBqbQivvMVbDbZj,6.95927774,2019-01-15T08:48:00Z
117,1f9v43Xk1s68FSiu,19T21f7VpjFJCyHi,11.07107534,2019-01-15T10:43:00Z
118,12S1AvDrL5Mrj5ad,12icaPSgNgN28QDh,11.48677433,2019-01-15T08:36:00Z
119,15JYDqiNtGUaXU8P,1FE7n6nhVhpG36AG,7.11246339,2019-01-15T05:11:00Z
120,1sXKD77J9MWK6vBR,1G8LrcvWxHvwBNPr,11.00801998,2019-01-15T01:49:00Z
121,1GLA3tPmY3Gtn4fg,1ykpUg4NEwL4BBJa,4.58794803,2019-01-15T08:09:00Z
122,1baPJZJavKVY7eW5,148GPMKH7QD8tYb7,2.90397453,2019-01-15T02:23:00Z
123,1g3R7XEtJcxkCRjp,1yQ8zfL35VnatKho,11.08217289,2019-01-15T01:30:00Z
124,1E2CNBHMFsFKTAUL,1WvHL67VhRpPce2m,43.74541463,2019-01-15T00:36:00Z
125,1FGuHFVV7PfVczfQ,1P5LZ9pox9y37PvG,8.9173749,2019-01-15T19:20:00Z
126,199fN4m51aLgVqHd,1HHiiFkcuZ8pze9D,3.65276046,2019-01-15T14:32:00Z
127,1NtyM4w2eJYmcELe,1TxPGdCGUmsBP2ew,2.43462963,2019-01-15T22:48:00Z
128,1aJYLcVYbQnzu7Dj,176bFA8cpA43nK9s,4.12008292,2019-01-15T00:57:00Z
129,1TirB8QNsvB27LGc,1SvGE4M9BVGngCG7,4.52458109,2019-01-15T19:20:00Z
130,1BdPFKagrNfN8TyZ,1xGdcKsU3QqEKzwT,0.57019605,2019-01-15T19:02:00Z
131,1GBqzXwG9BkMXDFf,1tFUrLP6Vv7RWdva,4.90912804,2019-01-15T23:41:00Z
132,1HqwZnXkAFzBsHq4,11XHsaRP5ueXM5Kg,0.3684159,2019-01-15T03:27:00Z
133,12icaPSgNgN28QDh,1bQPxmPLdN1ddTT1,0.487884,2019-01-15T01:37:00Z
134,1h9mEfenzJbW4gNk,1H38vMgDepmZHMxt,6.4584848,2019-01-15T17:15:00Z
135,1hnHy81d6mhKtPwf,1DA2zMwDA5txETci,4.80063868,2019-01-15T03:58:00Z
136,1jVEEF9aaHDS2Xju,1JB1hxGJQBRG5eVF,2.9211847,2019-01-15T12:26:00Z
137,14ArkDK15E15KjBS,1g36umfR2kiGj276,5.83693444,2019-01-15T05:42:00Z
138,1w7PPqsKLwfwSnRo,1LWBZk28j3vPRqMk,5.83446702,2019-01-15T12:57:00Z
139,1sq9w7hH5aJBpW63,31u2kj2PUBoHKUe6,4.81881715,2019-01-15T11:22:00Z
140,1nNWnTqffNRmJgUQ,1Fjwin5jGN8SXmxs,6.07534398,2019-01-15T19:24:00Z
141,1Lq6JbQon9FD4mXf,11eYHFj3K6Q4neLR,14.76996218,2019-01-15T02:39:00Z
142,1MQnLDQJBZU1p4Tt,1Lm7CruzxRwQnb15,7.0745515,2019-01-15T04:51:00Z
143,1iQanud375u25sc9,1NBG1wdMMmkw2pSD,14.15426614,2019-01-15T12:20:00Z
144,1S8dkAL66y1uN2Ji,1QJkexwJrAv7AeMS,1.83457886,2019-01-15T08:04:00Z
145,1yTE3Q7kRdzyuaA9,3bT1sZ43sAMEmTAs,13.45933128,2019-01-15T02:14:00Z
146,1rWJ2i7CyHU2Ns4m,1NoPtJnH1GNviQy9,1.08162682,2019-01-15T11:25:00Z
147,1JDQxwrCwhnrcNLH,1JB1hxGJQBRG5eVF,4.70175336,2019-01-15T05:00:00Z
148,1bMrs8HxrWzH491H,1jmEHJTm62dP3wq9,12.22412291,2019-01-15T01:17:00Z
149,1wwNHorQoSkC6NxM,1uKFZfFbtPAnpXFy,3.06085914,2019-01-15T12:27:00Z
150,1pVwey2KMhHHn8y1,1A7T9uTCK7vccwGq,11.93986124,2019-01-15T06:09:00Z
151,1DUQpGNY5yCNs7U3,1ccgdQXiLLrhQ2QH,0.95396605,2019-01-15T08:51:00Z
152,17jC1Ei7B2LYpRju,1sNZy4memEAoMyeB,0.7594667,2019-01-15T11:57:00Z
153,1XkuXBH7JyiCRNsp,1FCwKXNELWCLUa7F,11.29898189,2019-01-15T03:36:00Z
154,1WK83Xqamhw4HmCY,12prQfyBwRwiQ7xN,7.22508357,2019-01-15T02:26:00Z
155,18YLNiWgsug4AxXb,1QBKaXJNEFgNPPdB,2.0358934,2019-01-15T04:56:00Z
156,1b66vZr5A7ByxDCX,1MFfMcX78QkPgPkH,2.30512128,2019-01-15T00:50:00Z
157,13BHTAnXc77gk9xm,1FFd83RpS3DcMbX3,11.45261028,2019-01-15T22:39:00Z
158,1Uhd4wi7qyD77d5D,1GLA3tPmY3Gtn4fg,11.6016098,2019-01-15T19:10:00Z
159,1MCX7JwBBHr7ogza,1dneZ88JhxpgAgsD,0.4392241,2019-01-15T21:22:00Z
160,1rW19tXCvifK49fv,1ETvKBaUPiin8YVz,4.5463826,2019-01-15T10:49:00Z
161,1s4DKiNkzLNKvebH,169kfoy2ms629N4R,11.00015417,2019-01-15T22:52:00Z
162,1XNMrCC1GkssGbtP,14pdSn19wptXxmSw,0.35611567,2019-01-15T09:46:00Z
163,1KRGS7Jo1z9Qj82v,1mu4unH7AU6TwDq5,12.88493679,2019-01-15T20:09:00Z
164,1ZLVtyB12dfemPpP,1MQnLDQJBZU1p4Tt,0.82364601,2019-01-15T02:23:00Z
165,1aMQxxJmBNa1Yunj,1BCunKfeARTRXgPx,5.4020381,2019-01-15T12:07:00Z
166,1BEmM3Ddv4o9jY9f,1NLyx6613EJJh4si,9.22359769,2019-01-15T12:22:00Z
167,1CZXtBWYzRfRFfNd,1DMFiMv2VN2GJqkZ,1.46387261,2019-01-15T15:29:00Z
168,1XTXyNWwC6qJPofe,19FAKT2N5LniVr2M,1.2149978,2019-01-15T14:44:00Z
169,1NFvveM7rLnYRz6V,1duDD76PYqtoyNfz,3.07547219,2019-01-15T21:13:00Z
170,1mu4unH7AU6TwDq5,18xU1Uod8DEj59Q5,1.91981035,2019-01-15T23:48:00Z
171,1Cm493HpDrKek14f,12cBPqD9dN948L6R,11.32298055,2019-01-15T04:20:00Z
172,1LWBZk28j3vPRqMk,1H1vThduW1sBngae,0.95544288,2019-01-15T00:41:00Z
173,1PEDHBz1wPsrxD1r,1MCX7JwBBHr7ogza,0.65651995,2019-01-15T06:26:00Z
174,17DAc2BTkRYYtkeJ,16wAiLkpMMuJMaY5,7.16184746,2019-01-15T11:14:00Z
175,1w4DDT88jkdvqU1H,1ZDwWzY9axKu7AJL,10.62964037,2019-01-15T14:52:00Z
176,1JAy28H4PHXK5XsQ,1qVtaChQVzoQPqUC,3.50797889,2019-01-15T14:38:00Z
177,1DA2zMwDA5txETci,1MY9CbPCBhbaoJ4Y,13.59216279,2019-01-15T21:55:00Z
178,1Kp41jcUfeoKB8Np,1NCyyQsgcY76GjJ5,4.95233309,2019-01-15T00:59:00Z
179,11XHsaRP5ueXM5Kg,1ofRenewZhVKtP4Z,4.72049778,2019-01-15T01:06:00Z
180,1a2LgFdh5Fpt4KCF,1uCqxAp713f1gSic,2.79974057,2019-01-15T08:25:00Z
181,1SPqMv4kPCPf6Mfn,1nGU1dbHLQRRn5ZD,1.2218083,2019-01-15T23:46:00Z
182,1BYnrH8VYnoVkfPa,1cKXYF2pg3VQZCCd,1.1094486,2019-01-15T01:03:00Z
183,11wfm6GjN3FT3jPu,1dNHdTLMNXDJ6XCm,8.22976308,2019-01-15T02:31:00Z
184,1Cm493HpDrKek14f,176bFA8cpA43nK9s,9.62705711,2019-01-15T21:35:00Z
185,1rQ6aDz23A2Wp9xk,1YB137ChL817hoh2,8.4460624,2019-01-15T22:52:00Z
186,16fqu7hnqB6r2Qr8,13X4eqxD5uQA1X5Y,5.45181973,2019-01-15T15:59:00Z
187,1MNWx7D4QRUUiG1c,1JDQxwrCwhnrcNLH,0.05004718,2019-01-15T04:53:00Z
188,1c8eacFH4WH2tJia,14UGXj9yALWG5945,4.16137175,2019-01-15T22:05:00Z
189,1qoBFvYFCweu3FUZ,1TySac9ASAqUD12T,13.08149921,2019-01-15T14:35:00Z
190,1beG3gmDh2nieyPH,3AZSyahATYfVAd1i,1.41161276,2019-01-15T12:21:00Z
191,1P48RS5DiLBxE7yU,1H9EzdacNFBExDbt,3.49397545,2019-01-15T05:14:00Z
192,1gYcAvNY55KkGMRy,1TySac9ASAqUD12T,6.6179194,2019-01-15T17:33:00Z
193,1NrC6c3u98T6eW3k,1sq9w7hH5aJBpW63,14.68561527,2019-01-15T22:53:00Z
194,1MyWQKq1M8cFTixK,1bQPxmPLdN1ddTT1,13.32659822,2019-01-15T02:16:00Z
195,12cBPqD9dN948L6R,1VcAx2NyFCi7pmc8,14.41385206,2019-01-15T19:35:00Z
196,17bvDWXiiiZPd1Tx,1hnHy81d6mhKtPwf,12.52559894,2019-01-15T08:10:00Z
197,13UkDZHj8FgGUDxb,33YWCjBomCEfoFyz,3.20403979,2019-01-15T12:44:00Z
198,1DNgwGvVTzNpDGop,1vCG6VDUZY5CiWk7,8.49061716,2019-01-15T01:34:00Z
199,1KKjwT6AeP3onKpi,1uCzs2DS7L4tawtB,10.76830792,2019-01-15T11:04:00Z
200,1xiYe9aH2odBg91N,1tFUrLP6Vv7RWdva,3.50239752,2019-01-15T09:12:00Z
201,1G8LrcvWxHvwBNPr,1W1zjR8SiDExk3CX,3.2193462,2019-01-15T04:51:00Z
202,17bvDWXiiiZPd1Tx,148GPMKH7QD8tYb7,2.03644783,2019-01-15T06:17:00Z
203,1sPNuStJDpGtFncE,1BbEZgaTPALXoQhj,6.55146412,2019-01-15T23:03:00Z
204,1fJYDzKVrv6qvx3B,31A6EQ7oSqhieQBM,2.59425529,2019-01-15T05:39:00Z
205,14ArkDK15E15KjBS,31A6EQ7oSqhieQBM,3.90974537,2019-01-15T06:30:00Z
206,12oqboLigEsKhqv4,11eMrU18s6g9mah1,9.99331531,2019-01-22T04:59:00Z
207,1SQnqQj79iddvkqJ,1E2CNBHMFsFKTAUL,4.96587531,2019-01-22T08:41:00Z
208,1uCqxAp713f1gSic,1pVwey2KMhHHn8y1,10.60571273,2019-01-22T16:07:00Z
209,13V81CAdqreV7Zgv,14vbKu8RUhoJiuZz,10.83189965,2019-01-22T20:02:00Z
210,1ZCxARPJNAYEpALP,1NqoZi13GJHL1hFj,12.36291333,2019-01-22T12:14:00Z
211,17jKMwUrLoqVr6HG,1CWzKN6dnGwkNwwL,6.90016925,2019-01-22T01:52:00Z
212,1uKFZfFbtPAnpXFy,1yQ8zfL35VnatKho,0.27788258,2019-01-22T21:57:00Z
213,19T21f7VpjFJCyHi,1MyWQKq1M8cFTixK,7.14363648,2019-01-22T03:35:00Z
214,12HFq7AZAMcJEnpD,33YWCjBomCEfoFyz,0.28220371,2019-01-22T21:51:00Z
215,11YDkk59nLowFrWC,1CiKTHZmnrv53NdE,1.36801875,2019-01-22T06:30:00Z
216,12HFq7AZAMcJEnpD,1mLnNP22PCYCsPAH,13.40925729,2019-01-22T06:13:00Z
217,11eYHFj3K6Q4neLR,1GBL1vT38bfoigJf,10.8805035,2019-01-22T00:25:00Z
218,18foFfVWmSCy51tw,1KuoQAUCvpfgWZ11,10.89646267,2019-01-22T14:52:00Z
219,1nKySGyDHiESYSt9,1PUBGf1cD2nJm8PN,2.55027705,2019-01-22T12:44:00Z
220,1Kp41jcUfeoKB8Np,3bT1sZ43sAMEmTAs,4.96199143,2019-01-22T23:07:00Z
221,1rgNxjB9oN2TJDev,1rgNxjB9oN2TJDev,13.22686935,2019-01-22T15:10:00Z
222,1QEE1bTY9qBWgRVh,1DUQpGNY5yCNs7U3,2.11456377,2019-01-22T09:41:00Z
223,1GV1oyjRNCaqwkGd,1MeBNJ5uLi6Cko7L,4.29332812,2019-01-22T13:01:00Z
224,1c7MqcajSaoyQvuo,1rywYxiEGmh1J5gg,1.57090648,2019-01-22T15:43:00Z
225,1KsiwuEHiEUovHeg,31A6EQ7oSqhieQBM,3.54270624,2019-01-22T19:27:00Z
226,13UkDZHj8FgGUDxb,1kBAW4GbqXKcv5xo,1.09396865,2019-01-22T19:57:00Z
227,1MFfMcX78QkPgPkH,13e5rMp8T3rKpF5m,2.57527768,2019-01-22T20:17:00Z
228,1yQ8zfL35VnatKho,3yPiVMh5dp8KPR9t,2.16280367,2019-01-22T16:58:00Z
229,1H9EzdacNFBExDbt,1QBKaXJNEFgNPPdB,6.07897698,2019-01-22T11:04:00Z
230,18rd9ES2jc2qTb7b,1P48RS5DiLBxE7yU,1.42243473,2019-01-22T13:29:00Z
231,1qVtaChQVzoQPqUC,1a2LgFdh5Fpt4KCF,9.3961993,2019-01-22T00:43:00Z
232,1L6ouHa3L2kuuBmY,1ZCxARPJNAYEpALP,3.15066526,2019-01-22T06:25:00Z
233,1uCqxAp713f1gSic,1SbyfAq3RdMgwkLF,3.12020784,2019-01-22T18:18:00Z
234,1SbyfAq3RdMgwkLF,1c8eacFH4WH2tJia,1.70674878,2019-01-22T08:58:00Z
235,1yCEH1ZvzKth2QMM,31A6EQ7oSqhieQBM,1.97497066,2019-01-22T03:16:00Z
236,1VcAx2NyFCi7pmc8,1ehP4kraCyfDdin8,12.18954984,2019-01-22T09:06:00Z
237,1tdNQa5ePjjY9dMK,3wyLJFqFLkmqeTeH,1.2396803,2019-01-22T15:14:00Z
238,1968pTj3QcDShL9b,1Qztqa7TeMpLNfG2,11.05486232,2019-01-22T12:57:00Z
239,1B3n1XSnNTEBrhiG,11LUyFPKC6f7FMKK,49.20271819,2019-01-22T11:32:00Z
240,1Aw9xEQ8dc8VVMNb,1Dnotr7p62Z9h1yv,6.64306226,2019-01-22T11:51:00Z
241,1yYJVJBhH82bZLsu,1ZYCEGz3mcXuEUkF,38.03454923,2019-01-22T19:29:00Z
242,1DA2zMwDA5txETci,13X4eqxD5uQA1X5Y,10.23843251,2019-01-22T06:02:00Z
243,1Vb3yoA1UuHwoAGS,1TmvfsTenGCM6p5i,10.53999459,2019-01-22T08:43:00Z
244,1BWFUE95QLowe2NQ,1MhamiF8tbDweUvM,13.4479499,2019-01-22T15:38:00Z
245,1sNZy4memEAoMyeB,1cvbrWWvoinEVJD3,3.30636359,2019-01-22T11:35:00Z
246,15ccd8PRT18Nc96z,1wSJaBPXC75bq4jp,4.30705821,2019-01-22T15:01:00Z
247,1j2k7sqBneFq8w3p,1uCqxAp713f1gSic,11.00884828,2019-01-22T00:06:00Z
248,11YDkk59nLowFrWC,1PfW4rmw4VwCruo4,12.06404197,2019-01-22T14:36:00Z
249,1rm6mDrQQKSefJTJ,1rywYxiEGmh1J5gg,4.97472254,2019-01-22T02:52:00Z
250,1iABwSrL7rbezk5N,1aJYLcVYbQnzu7Dj,3.72097572,2019-01-22T10:11:00Z
251,1NCyyQsgcY76GjJ5,1Xm28HBz8K7oS2Ps,3.53190534,2019-01-22T11:16:00Z
252,1PWnXwLJN2cp18zN,1y7WwKtqszVBcS2C,2.40572819,2019-01-22T15:35:00Z
253,1JJCDTwoAFteK613,1S8dkAL66y1uN2Ji,12.66536206,2019-01-22T15:25:00Z
254,1yCEH1ZvzKth2QMM,1FiNioNzpgymAubQ,11.94813882,2019-01-22T21:46:00Z
255,1PgSmZRijboCzfp3,1iQanud375u25sc9,13.65375706,2019-01-22T18:06:00Z
256,1tdNQa5ePjjY9dMK,15NBVGLtZxFXPYNJ,10.17543072,2019-01-22T10:51:00Z
257,1cX4L5iqM3YVuBLG,1wy5J2qUhmGY88jm,12.74798113,2019-01-22T10:52:00Z
258,1ehP4kraCyfDdin8,1Lm7CruzxRwQnb15,7.24968998,2019-01-22T14:41:00Z
259,1LXdKPV49UPsP3Mc,1FiNioNzpgymAubQ,1.57413213,2019-01-22T07:13:00Z
260,1RiHFvhFHJHJR3se,1a2LgFdh5Fpt4KCF,7.23520089,2019-01-22T06:05:00Z
261,1RiHFvhFHJHJR3se,1MPX9humnLRCZmdo,8.96976329,2019-01-22T11:10:00Z
262,1JwrHM2qHoXKX53t,1y5g9KS8dGm9MDKE,5.5056067,2019-01-22T05:26:00Z
263,1eBUMG9wz5BKbkx4,1RJ5vK1m5XkFXC4p,4.74116643,2019-01-22T11:00:00Z
264,1Snda2Tdx776g9jV,1vPy17eombVGCr7m,3.35801556,2019-01-22T20:05:00Z
265,1Zah9Cobj5DLP7dx,1hmDDQnZd3fwKFds,1.99054824,2019-01-22T02:05:00Z
266,1K7eheH3GX8RU456,3wyLJFqFLkmqeTeH,4.01343136,2019-01-22T09:19:00Z
267,1JwrHM2qHoXKX53t,1qk7RWE4ULArRrq7,3.37242219,2019-01-22T07:52:00Z
268,1jZgVWJPAN8Qy6nv,1jZgVWJPAN8Qy6nv,10.30529078,2019-01-22T20:01:00Z
269,1wjB3BRssDb8BhZ2,1zbrJmHtZS58T5mS,0.58840253,2019-01-22T14:14:00Z
270,1qsnGG45CzQoRivH,17w7xcELBCspYHXA,40.457031,2019-01-22T17:21:00Z
271,1oS85NnHsY7UabsF,17jKMwUrLoqVr6HG,6.57323411,2019-01-22T15:40:00Z
272,1QJkexwJrAv7AeMS,1TirB8QNsvB27LGc,4.82664422,2019-01-22T08:15:00Z
273,1kTRDdcauBB9x9H7,1b66vZr5A7ByxDCX,9.71601058,2019-01-22T11:04:00Z
274,1oeTDN5HqCg3T7VM,1T79Rac8NFGHhECF,0.0566155,2019-01-22T15:17:00Z
275,1ZLAAeNAZfir9wS4,1W2Z3WUV5mN1nmcH,2.83885504,2019-01-22T01:44:00Z
276,1fJYDzKVrv6qvx3B,1meGAB6rHQVuvab9,6.71582454,2019-01-22T10:49:00Z
277,1zHrLkCwGbTSiQL5,1F96QJxaM4UdvE9t,2.84520073,2019-01-22T08:08:00Z
278,1uCqxAp713f1gSic,1NqoZi13GJHL1hFj,8.42891862,2019-01-22T18:12:00Z
279,1ykpUg4NEwL4BBJa,1wGEGMDFxPNkzVNo,7.17911258,2019-01-22T06:44:00Z
280,1ESLD8zxDkmFhWpj,1GHhYW9Y4jw73Wix,9.43881942,2019-01-22T19:12:00Z
281,1gJ4ncA1edARWrbB,1wRJF38GuNp6V9Ag,12.5875302,2019-01-22T01:45:00Z
282,1V25NM2bkpKdxp4K,17Gy8pc9sKyMbPcs,12.05894036,2019-01-22T20:36:00Z
283,1UQRKVhaaiBykuHQ,1QJkexwJrAv7AeMS,9.53180851,2019-01-22T13:22:00Z
284,1Uhd4wi7qyD77d5D,1FvEuPX26fgowXFR,6.52260433,2019-01-22T01:57:00Z
285,1cvbrWWvoinEVJD3,1ofRenewZhVKtP4Z,10.37287318,2019-01-22T04:34:00Z
286,1aish8o4qBwWJCLN,3bBqbQivvMVbDbZj,2.92892414,2019-01-22T13:47:00Z
287,1WBeqUqxwCAq9Uwo,1RXp3hDmPN2yez38,17.21909014,2019-01-22T11:02:00Z
288,1X4qF1enzpoiWB8y,1wjB3BRssDb8BhZ2,13.50097232,2019-01-22T10:44:00Z
289,1bYmgRkXfXFc6ceB,1LN1xcu2R45BkZzF,14.31679876,2019-01-22T18:48:00Z
290,1Bv2FekYLfDSQxso,1pBZdHa4eenRLFEL,2.95568227,2019-01-22T09:01:00Z
291,1y4cfwPZLE6pHUxG,13UkDZHj8FgGUDxb,1.17924133,2019-01-22T05:51:00Z
292,1YHujKKw4PahsN2i,1JDQxwrCwhnrcNLH,12.04019462,2019-01-22T23:26:00Z
293,1WK83Xqamhw4HmCY,1KpZXFFbQHyshdBR,0.29047928,2019-01-22T12:46:00Z
294,1LN1xcu2R45BkZzF,3Cy58imRd5rntwwS,3.1177903,2019-01-22T02:54:00Z
295,1wmitYd7XE38T2n5,1TN5qzi3ueRYX3S1,3.77823541,2019-01-22T12:34:00Z
296,1Xm28HBz8K7oS2Ps,17Gy8pc9sKyMbPcs,2.73612046,2019-01-22T12:16:00Z
297,17ajhF2m1FhKhpUJ,1ry7u31iLPgEqmDF,7.17903627,2019-01-22T21:25:00Z
298,1eHdD9CmutfkiTPf,17zMxo79qrrMS44q,11.10024302,2019-01-22T23:28:00Z
299,1fXRWFQkodYaJSn4,1PobkGAcsDthod5q,9.96704889,2019-01-22T12:40:00Z
300,1rywYxiEGmh1J5gg,1Dnotr7p62Z9h1yv,3.63720602,2019-01-22T00:52:00Z
301,1g3R7XEtJcxkCRjp,1j85QkqiMZzNH7xc,4.00651979,2019-01-22T00:36:00Z
302,18J4ATu6w9jtCGiK,3bBqbQivvMVbDbZj,1.84570769,2019-01-22T01:54:00Z
303,1abgQKZ9i3rBKpXP,3yPiVMh5dp8KPR9t,2.08934712,2019-01-22T09:31:00Z
304,1pVwey2KMhHHn8y1,1CiKTHZmnrv53NdE,0.92815125,2019-01-22T03:34:00Z
305,12icaPSgNgN28QDh,1zHrLkCwGbTSiQL5,0.08499895,2019-01-22T04:22:00Z
306,1YkHxsb1CniMTbv7,1zHrLkCwGbTSiQL5,12.53282806,2019-01-22T19:26:00Z
307,1xAP8fcDtF8bC1iz,1QJkexwJrAv7AeMS,12.90990686,2019-01-22T08:50:00Z
308,13Pae9eivfoz8oAv,1nNWnTqffNRmJgUQ,8.71624614,2019-01-29T18:52:00Z
309,1K7eheH3GX8RU456,1c8eacFH4WH2tJia,4.59907852,2019-01-29T09:46:00Z
310,1MCX7JwBBHr7ogza,1iwb3CgmtuUXfwnW,11.2236097,2019-01-29T02:49:00Z
311,1G8LKvkxhhJegZN4,1eaNSJ7sMaSnHiQF,10.51904273,2019-01-29T11:36:00Z
312,1KYrTSP42ExcvCAR,1xQoyBVqB2NVFzkj,3.95720505,2019-01-29T19:51:00Z
313,1RiHFvhFHJHJR3se,1c7MqcajSaoyQvuo,3.12131853,2019-01-29T00:18:00Z
314,1UcQanrs8E9bF3fU,1zqvW4J1tBVfodm1,12.9376097,2019-01-29T05:43:00Z
315,1cvbrWWvoinEVJD3,1eBUMG9wz5BKbkx4,4.31580694,2019-01-29T04:28:00Z
316,1dNHdTLMNXDJ6XCm,1Lq6JbQon9FD4mXf,0.11672193,2019-01-29T20:53:00Z
317,1gMpeFZyZMJMBcSU,1LpLMQhdQxMc6q5G,5.68471075,2019-01-29T02:49:00Z
318,19jB7F5cM6eDJD96,1UQRKVhaaiBykuHQ,1.5985924,2019-01-29T04:21:00Z
319,1y9pJedRpkAis53A,1P48RS5DiLBxE7yU,4.09177689,2019-01-29T18:24:00Z
320,1nGU1dbHLQRRn5ZD,1r7RxwaKdSRLiBNu,4.74927606,2019-01-29T12:27:00Z
321,1Ep6D28bJwQ9fhu2,1UQRKVhaaiBykuHQ,9.00700489,2019-01-29T04:13:00Z
322,1ZLAAeNAZfir9wS4,1PUBGf1cD2nJm8PN,0.73151023,2019-01-29T13:21:00Z
323,1B4YuG7YNBtdrAtS,1Xm28HBz8K7oS2Ps,1.98403564,2019-01-29T13:24:00Z
324,18YLNiWgsug4AxXb,1K7eheH3GX8RU456,5.04745436,2019-01-29T17:53:00Z
325,1mA26temRswXwWt5,1uJnJUziXWCaq5fA,13.45083695,2019-01-29T14:08:00Z
326,1JB1hxGJQBRG5eVF,1FiNioNzpgymAubQ,0.73858945,2019-01-29T03:25:00Z
327,1GgUk1pE2xYWkEp1,17zMxo79qrrMS44q,5.85310795,2019-01-29T21:56:00Z
328,13Pae9eivfoz8oAv,18Pwu5LG5mY6GwN9,8.08072702,2019-01-29T05:52:00Z
329,1x3oJrxeU5vzaB1i,1qaShFAfDNwuCNHL,7.60948075,2019-01-29T19:00:00Z
330,1zHrLkCwGbTSiQL5,1bYmgRkXfXFc6ceB,14.19497994,2019-01-29T19:28:00Z
331,1K5tPoKFBRutRkmN,1Eym1qWeXf6gGZHK,2.58969976,2019-01-29T04:46:00Z
332,1SvBuqRbpsFXezAx,1h7Tn2rAKZpPs85i,0.08169349,2019-01-29T19:34:00Z
333,11rS7WKDdVLtmpG4,1ZZTRazEHBH3R5Qz,1.05349833,2019-01-29T16:21:00Z
334,1WBeqUqxwCAq9Uwo,1ow6eDoug41FgNMC,18.28543432,2019-01-29T01:20:00Z
335,1tFUrLP6Vv7RWdva,12S1AvDrL5Mrj5ad,4.13289695,2019-01-29T03:36:00Z
336,1L6ouHa3L2kuuBmY,1968pTj3QcDShL9b,8.63710836,2019-01-29T18:37:00Z
337,1wQAavS7pKydFTtq,1o6GH2muzvc7HAaY,7.82589772,2019-01-29T02:53:00Z
338,1FQBNMGgntQKst2f,1mbwTWMeUgzSPG57,13.4685163,2019-01-29T22:03:00Z
339,1sQnDPLJ6nx1gzYK,1wqoMruVZjrAqRw2,6.80331801,2019-01-29T13:35:00Z
340,1F96QJxaM4UdvE9t,1abgQKZ9i3rBKpXP,13.39816392,2019-01-29T15:56:00Z
341,1B4YuG7YNBtdrAtS,1jVEEF9aaHDS2Xju,5.38592269,2019-01-29T06:37:00Z
342,1LpLMQhdQxMc6q5G,1gyZ6NDSd4Fjqhz1,1.98610103,2019-01-29T07:35:00Z
343,1WNtMDRb4yNLn2nC,1syBc5NTtNmk4btw,3.77317756,2019-01-29T09:03:00Z
344,1oS85NnHsY7UabsF,1wGEGMDFxPNkzVNo,7.92244415,2019-01-29T00:42:00Z
345,1JB1hxGJQBRG5eVF,1zqvW4J1tBVfodm1,5.91566244,2019-01-29T06:49:00Z
346,18a2q1L9WCa1KKkT,33YWCjBomCEfoFyz,2.21182062,2019-01-29T15:58:00Z
347,1sVxLQ8462Q9kri7,1BbEZgaTPALXoQhj,0.82988886,2019-01-29T13:18:00Z
348,1MY9CbPCBhbaoJ4Y,1X8REorWWbZsKkTP,6.00699465,2019-01-29T07:07:00Z
349,1sVxLQ8462Q9kri7,1rQ6aDz23A2Wp9xk,2.44470852,2019-01-29T00:28:00Z
350,1PeQ5DWwDRyaFsUH,1AqzYMpNCWPVnXcB,13.59281288,2019-01-29T05:33:00Z
351,1o6GH2muzvc7HAaY,1NoPtJnH1GNviQy9,5.74711319,2019-01-29T03:06:00Z
352,1TZFKKsBA219W6qT,13e5rMp8T3rKpF5m,3.16816584,2019-01-29T14:02:00Z
353,1NqoZi13GJHL1hFj,1x3oJrxeU5vzaB1i,8.37507196,2019-01-29T15:58:00Z
354,1ooHQ9QPxgLWb4yK,1wSJaBPXC75bq4jp,16.96420425,2019-01-29T05:16:00Z
355,18YLNiWgsug4AxXb,1wXB1erZ6bdzRkrJ,0.19365171,2019-01-29T14:24:00Z
356,1968pTj3QcDShL9b,1K3jQtjj7jPoH2T3,3.79648543,2019-01-29T17:57:00Z
357,1WDuTzvPch7rmU1X,1dNHdTLMNXDJ6XCm,6.28058183,2019-01-29T23:59:00Z
358,1TN5qzi3ueRYX3S1,13e5rMp8T3rKpF5m,4.29149599,2019-01-29T01:17:00Z
359,17bvDWXiiiZPd1Tx,31nV2DrVWAFeyqYT,3.86494786,2019-01-29T01:49:00Z
360,1x3oJrxeU5vzaB1i,1tFUrLP6Vv7RWdva,5.98124234,2019-01-29T20:48:00Z
361,16fqu7hnqB6r2Qr8,1SbyfAq3RdMgwkLF,13.21610372,2019-01-29T16:06:00Z
362,1wQAavS7pKydFTtq,1A7T9uTCK7vccwGq,13.656006,2019-01-29T23:34:00Z
363,1FiNioNzpgymAubQ,19ZQn5nvoG39PhES,3.45107235,2019-01-29T22:31:00Z
364,1DEtNbkeByLEKrEN,1H38vMgDepmZHMxt,6.36874325,2019-01-29T16:14:00Z
365,1c8eacFH4WH2tJia,1iABwSrL7rbezk5N,1.50723542,2019-01-29T11:08:00Z
366,1r7RxwaKdSRLiBNu,1SvGE4M9BVGngCG7,5.32787502,2019-01-29T05:34:00Z
367,1QHZ5rZ7PKneyZs1,1bYmgRkXfXFc6ceB,8.57702297,2019-01-29T17:37:00Z
368,1jVEEF9aaHDS2Xju,1jmEHJTm62dP3wq9,9.43585236,2019-01-29T00:31:00Z
369,1hzugAi4qWHZLX4b,1wqoMruVZjrAqRw2,3.40172606,2019-01-29T08:59:00Z
370,1WDuTzvPch7rmU1X,1wqoMruVZjrAqRw2,6.74921688,2019-01-29T14:29:00Z
371,1JDQxwrCwhnrcNLH,1a2LgFdh5Fpt4KCF,5.44205354,2019-01-29T21:19:00Z
372,1XL17xz8K629NxW2,1jZgVWJPAN8Qy6nv,3.33169713,2019-01-29T06:16:00Z
373,1VECp2Uvcq4JEsEv,1hnHy81d6mhKtPwf,6.72567328,2019-01-29T14:33:00Z
374,1BxVvVSPBAfjHad1,1NCyyQsgcY76GjJ5,3.27142453,2019-01-29T00:00:00Z
375,1MhamiF8tbDweUvM,1P5LZ9pox9y37PvG,4.68210557,2019-01-29T16:26:00Z
376,1fJYDzKVrv6qvx3B,18xU1Uod8DEj59Q5,6.27291322,2019-01-29T16:45:00Z
377,1XCTbHaM3HV8uAPU,1zqvW4J1tBVfodm1,3.97153878,2019-01-29T05:53:00Z
378,12tu3yoXAs5xf7FE,3Y8vT7ASAd4qeB7t,3.15317693,2019-01-29T02:00:00Z
379,1Snda2Tdx776g9jV,14pdSn19wptXxmSw,14.751845,2019-01-29T11:15:00Z
380,11LUyFPKC6f7FMKK,1fPDpC9ADze4EAoM,37.5595977,2019-01-29T01:34:00Z
381,1NQ5KzpBCyTRmYeU,1nGU1dbHLQRRn5ZD,12.96625033,2019-01-29T08:56:00Z
382,1qoBFvYFCweu3FUZ,1rywYxiEGmh1J5gg,14.97781262,2019-01-29T21:09:00Z
383,1XGwfNfKfw1Lc7DN,1ZLVtyB12dfemPpP,9.02007969,2019-01-29T05:18:00Z
384,13Pae9eivfoz8oAv,1PfW4rmw4VwCruo4,8.87493008,2019-01-29T03:09:00Z
385,1GHhYW9Y4jw73Wix,1p1NJnWPxnBetJ7E,4.78458257,2019-01-29T04:01:00Z
386,1Snda2Tdx776g9jV,1heufH2Pg3iNawBs,5.68468082,2019-01-29T03:34:00Z
387,1F96QJxaM4UdvE9t,1wqoMruVZjrAqRw2,4.3435513,2019-01-29T14:01:00Z
388,1hG71VmozVr8hrU4,1qoBFvYFCweu3FUZ,0.8787654,2019-01-29T12:09:00Z
389,17jKMwUrLoqVr6HG,1TySac9ASAqUD12T,3.92739813,2019-01-29T14:21:00Z
390,1bQPxmPLdN1ddTT1,1gQ2G56Eq5L3bQb3,2.0655075,2019-01-29T23:56:00Z
391,1wA9JQv5bBoHTNkX,1LsRJxSoNRTqwb48,3.69126082,2019-01-29T09:18:00Z
392,1mXo6NHF4MCVBFuR,1MoKYzCrCnCt4rmi,27.56423314,2019-01-29T02:41:00Z
393,1eHdD9CmutfkiTPf,12cBPqD9dN948L6R,2.11620301,2019-01-29T12:41:00Z
394,1L5CGrSA9Jc9jfD4,14Jd4ekZxoBJR4vJ,3.72251895,2019-01-29T02:31:00Z
395,1yTE3Q7kRdzyuaA9,1LrrxBcvrigRP7PP,3.9083471,2019-01-29T02:55:00Z
396,1g36umfR2kiGj276,3AZSyahATYfVAd1i,2.29775084,2019-01-29T12:10:00Z
397,1NQ5KzpBCyTRmYeU,1TirB8QNsvB27LGc,10.02855078,2019-01-29T00:59:00Z
398,1Eym1qWeXf6gGZHK,1GBL1vT38bfoigJf,6.92022256,2019-01-29T04:50:00Z
399,1ZLVtyB12dfemPpP,1XTXyNWwC6qJPofe,14.27317895,2019-01-29T08:18:00Z
400,1ESLD8zxDkmFhWpj,1bQPxmPLdN1ddTT1,1.10971091,2019-01-29T19:56:00Z
401,12HFq7AZAMcJEnpD,1N8wjBELrLKHbMA1,6.27992973,2019-01-29T17:55:00Z
402,1w7PPqsKLwfwSnRo,1bMADFnNRNjk26ri,14.32058105,2019-01-29T08:04:00Z
403,12icaPSgNgN28QDh,1cc6EmB89iTQH8C3,5.20306561,2019-01-29T11:55:00Z
404,1sVxLQ8462Q9kri7,3Y8vT7ASAd4qeB7t,4.06866841,2019-01-29T19:37:00Z
405,1sVxLQ8462Q9kri7,1ACuhLy6uHKKpNH9,13.6209387,2019-01-29T14:43:00Z
406,1ZLVtyB12dfemPpP,1W1zjR8SiDExk3CX,9.86633703,2019-01-29T02:49:00Z
407,1ywSCFxbMby3WYFs,1XL17xz8K629NxW2,0.30494005,2019-01-29T12:22:00Z
408,1rW19tXCvifK49fv,16vgu1XxbXQedo5J,4.90352283,2019-01-29T10:54:00Z
409,11eMrU18s6g9mah1,13Pae9eivfoz8oAv,3.67069876,2019-01-29T17:32:00Z
410,1Lm7CruzxRwQnb15,1dBnZM2ZKr3V44Li,6.13330493,2019-02-05T14:21:00Z
411,1PeQ5DWwDRyaFsUH,1V25NM2bkpKdxp4K,1.73356774,2019-02-05T07:47:00Z
412,1S8dkAL66y1uN2Ji,1AqzYMpNCWPVnXcB,8.7863772,2019-02-05T23:33:00Z
413,1MQnLDQJBZU1p4Tt,1hmDDQnZd3fwKFds,2.11172687,2019-02-05T03:01:00Z
414,14pdSn19wptXxmSw,1NBG1wdMMmkw2pSD,1.81389518,2019-02-05T12:19:00Z
415,1Kp41jcUfeoKB8Np,15NBVGLtZxFXPYNJ,1.04812502,2019-02-05T19:45:00Z
416,1F6WecCRkeQ7hcPK,1NLyx6613EJJh4si,2.9791977,2019-02-05T17:29:00Z
417,1Vb3yoA1UuHwoAGS,1ZCxARPJNAYEpALP,2.59503811,2019-02-05T10:22:00Z
418,18YLNiWgsug4AxXb,1sMgDEqyNy2LKtHw,0.81268653,2019-02-05T04:14:00Z
419,1fXRWFQkodYaJSn4,1TN5qzi3ueRYX3S1,5.62894094,2019-02-05T17:09:00Z
420,1PCqRRY5NvPrpdLc,1bQPxmPLdN1ddTT1,0.58703911,2019-02-05T20:33:00Z
421,1g3R7XEtJcxkCRjp,1gYcAvNY55KkGMRy,2.09675251,2019-02-05T21:13:00Z
422,1dpaZX5GrgB1QB28,1G75HiEeJBQkDsS8,5.75879576,2019-02-05T23:44:00Z
423,1DvQ83XH8CAbgPcF,3TwobS8w1RnXNQzC,2.06828689,2019-02-05T18:05:00Z
424,15gKsnk9tjXMzGKy,3JNGSpTz4CW5hTzG,42.42913079,2019-02-05T16:15:00Z
425,1Z23NF2em6mRjZK2,13X4eqxD5uQA1X5Y,5.57321671,2019-02-05T08:14:00Z
426,1GmQPMiZarPGguMF,1gYcAvNY55KkGMRy,10.60253009,2019-02-05T20:54:00Z
427,1g3R7XEtJcxkCRjp,1QEE1bTY9qBWgRVh,0.73647001,2019-02-05T02:40:00Z
428,188wH6iE31SEdx9j,1qVtaChQVzoQPqUC,10.50939966,2019-02-05T14:48:00Z
429,13e5rMp8T3rKpF5m,1jFU921ThTZqpEV3,4.94473534,2019-02-05T13:19:00Z
430,1fJYDzKVrv6qvx3B,1NQ5KzpBCyTRmYeU,8.91783622,2019-02-05T02:21:00Z
431,1zHdtY5BbP1Ydp4P,1fXRWFQkodYaJSn4,2.92390084,2019-02-05T04:13:00Z
432,1zo6VADjfWFtx3d1,1uyH4EUyiub39rLc,6.9765879,2019-02-05T11:54:00Z
433,1vCG6VDUZY5CiWk7,1BYnrH8VYnoVkfPa,0.56196131,2019-02-05T22:59:00Z
434,1MCX7JwBBHr7ogza,19jB7F5cM6eDJD96,11.78681042,2019-02-05T12:15:00Z
435,1bMADFnNRNjk26ri,1Vb3yoA1UuHwoAGS,4.63736944,2019-02-05T09:55:00Z
436,14pdSn19wptXxmSw,1wUaHVe7NRc8Xoa9,9.22554818,2019-02-05T01:12:00Z
437,1qVtaChQVzoQPqUC,18a2q1L9WCa1KKkT,3.87550196,2019-02-05T19:23:00Z
438,1Kp41jcUfeoKB8Np,1cc6EmB89iTQH8C3,3.47096749,2019-02-05T21:53:00Z
439,1umVrfVRkm1kAPC2,19T21f7VpjFJCyHi,10.54177333,2019-02-05T06:56:00Z
440,1uyH4EUyiub39rLc,1ZZTRazEHBH3R5Qz,0.75432298,2019-02-05T17:33:00Z
441,1DorH1thto4NDxNT,1vMRWSipQWE9JQGM,2.09703232,2019-02-05T09:39:00Z
442,1ETvKBaUPiin8YVz,1pBZdHa4eenRLFEL,13.67025713,2019-02-05T06:33:00Z
443,13e5rMp8T3rKpF5m,1Nr6EZU6J1jaExxP,11.13987719,2019-02-05T05:49:00Z
444,1uCWBqgYzZiaDAZP,1Kp41jcUfeoKB8Np,10.74400298,2019-02-05T03:55:00Z
445,1L6ouHa3L2kuuBmY,18a2q1L9WCa1KKkT,12.81554424,2019-02-05T13:34:00Z
446,1CmCEQjx7QFdXDax,1rWJ2i7CyHU2Ns4m,5.73702091,2019-02-05T03:13:00Z
447,199fN4m51aLgVqHd,18orPehj2oQLcE2H,4.46712862,2019-02-05T07:55:00Z
448,1F1GgPJ4vyFDpzpB,182wUJkB4EoR4wir,47.15308088,2019-02-05T16:19:00Z
449,1pboE89Tw179ao8E,1PeQ5DWwDRyaFsUH,2.94237565,2019-02-05T17:47:00Z
450,1PWnXwLJN2cp18zN,1ry7u31iLPgEqmDF,6.389952,2019-02-05T23:47:00Z
451,1FE7n6nhVhpG36AG,11Xc93NZ4ssVE5XJ,1.74967752,2019-02-05T03:10:00Z
452,1R4s3ahHxYNoLUrc,1g36umfR2kiGj276,7.13674282,2019-02-05T08:37:00Z
453,12cBPqD9dN948L6R,1pBZdHa4eenRLFEL,4.9631178,2019-02-05T11:47:00Z
454,1TirB8QNsvB27LGc,3Cy58imRd5rntwwS,1.30616578,2019-02-05T11:48:00Z
455,1T79Rac8NFGHhECF,1YTKJrW55hcdQmNJ,4.45970339,2019-02-05T10:55:00Z
456,1s4DKiNkzLNKvebH,1sdn3PZWak3MKjxE,10.96755563,2019-02-05T17:25:00Z
457,1aAHuEHLbe7DE9jy,18xU1Uod8DEj59Q5,1.33116218,2019-02-05T05:23:00Z
458,1QJkexwJrAv7AeMS,1h9mEfenzJbW4gNk,1.17369281,2019-02-05T12:19:00Z
459,1dNHdTLMNXDJ6XCm,1g3R7XEtJcxkCRjp,14.30085214,2019-02-05T05:12:00Z
460,1vCG6VDUZY5CiWk7,1DUQpGNY5yCNs7U3,14.27518883,2019-02-05T01:06:00Z
461,1L5mq7cfRt2YL3j2,3yPiVMh5dp8KPR9t,16.33888054,2019-02-05T20:15:00Z
462,1PA3SuhtCjMMNEQV,1KbtWS8KUUYsPXCp,12.35889988,2019-02-05T08:37:00Z
463,1hEbUwMWUEfaJYzB,1SPqMv4kPCPf6Mfn,2.0214215,2019-02-05T08:03:00Z
464,1NLyx6613EJJh4si,1y7WwKtqszVBcS2C,4.81167856,2019-02-05T21:06:00Z
465,1tFUrLP6Vv7RWdva,1y5g9KS8dGm9MDKE,6.25239639,2019-02-05T22:09:00Z
466,1MyWQKq1M8cFTixK,1K5tPoKFBRutRkmN,9.5949428,2019-02-05T05:12:00Z
467,1rQ6aDz23A2Wp9xk,1WDuTzvPch7rmU1X,1.27807905,2019-02-05T23:06:00Z
468,1KRGS7Jo1z9Qj82v,1GHhYW9Y4jw73Wix,7.45211806,2019-02-05T17:49:00Z
469,1dpaZX5GrgB1QB28,1ehP4kraCyfDdin8,3.67970926,2019-02-05T11:10:00Z
470,1Kp41jcUfeoKB8Np,1KsiwuEHiEUovHeg,12.93648958,2019-02-05T21:49:00Z
471,1CBKUFsVDi3KMaRb,18rd9ES2jc2qTb7b,2.12562548,2019-02-05T21:50:00Z
472,1HHiiFkcuZ8pze9D,1beG3gmDh2nieyPH,6.81756866,2019-02-05T03:18:00Z
473,1zqvW4J1tBVfodm1,1EitxxxYaR5ynDrK,0.51539565,2019-02-05T18:56:00Z
474,1C1c9NfjmUH4i56s,1NoPtJnH1GNviQy9,0.14101025,2019-02-05T01:13:00Z
475,14pdSn19wptXxmSw,1968pTj3QcDShL9b,4.84939486,2019-02-05T06:16:00Z
476,1vPy17eombVGCr7m,1JJCDTwoAFteK613,6.09132593,2019-02-05T21:32:00Z
477,17PXXmDZ8EYKP5DJ,1PWnXwLJN2cp18zN,0.642284,2019-02-05T01:03:00Z
478,1mA26temRswXwWt5,3bT1sZ43sAMEmTAs,7.01911225,2019-02-05T19:37:00Z
479,1SVP4oHqRKN4e6DR,1HE5A9X4VFRvs69Q,2.32593721,2019-02-05T01:01:00Z
480,1xQoyBVqB2NVFzkj,1Bv2FekYLfDSQxso,3.47458605,2019-02-05T03:04:00Z
481,1TySac9ASAqUD12T,1wU5UrH5NZ3FH341,3.58244281,2019-02-05T12:08:00Z
482,18orPehj2oQLcE2H,11wfm6GjN3FT3jPu,13.60886726,2019-02-05T19:03:00Z
483,11YDkk59nLowFrWC,1qoBFvYFCweu3FUZ,6.94351684,2019-02-05T22:05:00Z
484,1qk7RWE4ULArRrq7,1s4DKiNkzLNKvebH,1.7187084,2019-02-05T15:55:00Z
485,1KuoQAUCvpfgWZ11,1g3R7XEtJcxkCRjp,6.65750393,2019-02-05T14:57:00Z
486,1SbyfAq3RdMgwkLF,1FGuHFVV7PfVczfQ,4.36279328,2019-02-05T17:08:00Z
487,1CxxWTdSD4DWGoAn,1WK83Xqamhw4HmCY,1.96728817,2019-02-05T10:26:00Z
488,1hG71VmozVr8hrU4,1JJCDTwoAFteK613,5.25105282,2019-02-05T16:49:00Z
489,1CWzKN6dnGwkNwwL,1j2k7sqBneFq8w3p,1.70627356,2019-02-05T18:12:00Z
490,1KuoQAUCvpfgWZ11,1CJCQ76bYE1bU6XP,2.85452864,2019-02-05T19:55:00Z
491,1WvHL67VhRpPce2m,1wayVneJ4gbnmY94,33.15485575,2019-02-05T21:28:00Z
492,1jjTKyMs1hK42t6r,17jC1Ei7B2LYpRju,0.5659866,2019-02-05T14:06:00Z
493,1p1NJnWPxnBetJ7E,12nx1RT4Sau3D2aX,7.63317185,2019-02-05T16:25:00Z
494,1Zah9Cobj5DLP7dx,3M239b5DEVh1NKFV,2.9202981,2019-02-05T12:05:00Z
495,1mRAifCi77m6vAxM,1GBL1vT38bfoigJf,7.0831633,2019-02-05T11:28:00Z
496,1pBZdHa4eenRLFEL,1rTuDkQxjRckeCCs,0.77041037,2019-02-05T14:36:00Z
497,1KsiwuEHiEUovHeg,1aMQxxJmBNa1Yunj,6.56195203,2019-02-05T08:29:00Z
498,1gJ4ncA1edARWrbB,1C7CVivZBxG9sRpZ,1.25510288,2019-02-05T07:07:00Z
499,1npjBuCQ8DHY1vGP,1umVrfVRkm1kAPC2,4.52381187,2019-02-05T23:11:00Z
500,1Nr6EZU6J1jaExxP,11CxF3hJ67djH9EQ,2.01820764,2019-02-05T19:56:00Z
501,1NQ5KzpBCyTRmYeU,176bFA8cpA43nK9s,7.26228142,2019-02-05T22:21:00Z
502,1Lq6JbQon9FD4mXf,1qaShFAfDNwuCNHL,0.24829668,2019-02-05T15:57:00Z
503,1sq9w7hH5aJBpW63,1KsiwuEHiEUovHeg,4.31738679,2019-02-05T00:02:00Z
504,1YEs9MfeR9TTJ7HL,1Ze691FgqxPp3PhR,7.7378035,2019-02-05T07:13:00Z
505,1ceWLubskVDrfKnA,31A6EQ7oSqhieQBM,48.73542547,2019-02-05T12:35:00Z
506,1UH8DBVPdF4Sm5Hh,1wmitYd7XE38T2n5,4.7088746,2019-02-05T04:29:00Z
507,1DT5XE2pRiJmX718,1DmWR8LTWHCE4mJa,1.47212202,2019-02-05T23:32:00Z
508,1sQnDPLJ6nx1gzYK,1TN5qzi3ueRYX3S1,13.79308283,2019-02-05T22:15:00Z
509,1heufH2Pg3iNawBs,13JKYzr7aCwCAYiy,0.16810977,2019-02-05T11:50:00Z
510,1Snda2Tdx776g9jV,1b66vZr5A7ByxDCX,4.30448208,2019-02-05T06:04:00Z
511,1M59JAfGEaxXy344,1ceWLubskVDrfKnA,38.43114191,2019-02-05T16:45:00Z
512,1Zah9Cobj5DLP7dx,1Fd1eaAEp2SQCLn4,14.63774739,2019-02-12T04:54:00Z
513,1DEtNbkeByLEKrEN,11CxF3hJ67djH9EQ,7.22701422,2019-02-12T06:18:00Z
514,1umVrfVRkm1kAPC2,13B2Q2Eg3888BFJv,4.32321793,2019-02-12T23:03:00Z
515,1h9mEfenzJbW4gNk,1UCSnMk7TCn7w32v,14.09848626,2019-02-12T08:50:00Z
516,1REcDPnDsWxZsc6t,176RurrR4vviP3HT,9.01327824,2019-02-12T01:28:00Z
517,1uG6H4dHadXmE2Qy,14ArkDK15E15KjBS,1.64276904,2019-02-12T21:11:00Z
518,17Gy8pc9sKyMbPcs,122WkN2Fz9mA3hfE,8.36506387,2019-02-12T06:49:00Z
519,1fXRWFQkodYaJSn4,1qVtaChQVzoQPqUC,1.70281736,2019-02-12T01:11:00Z
520,1sdn3PZWak3MKjxE,176ruzWkbVip1SUr,1.66653268,2019-02-12T03:47:00Z
521,17PXXmDZ8EYKP5DJ,1XGwfNfKfw1Lc7DN,7.19223239,2019-02-12T02:29:00Z
522,1X8REorWWbZsKkTP,1C1c9NfjmUH4i56s,6.06456389,2019-02-12T03:31:00Z
523,1xGdcKsU3QqEKzwT,1mA26temRswXwWt5,8.41921314,2019-02-12T23:15:00Z
524,1baPJZJavKVY7eW5,1TxPGdCGUmsBP2ew,10.99366901,2019-02-12T15:25:00Z
525,1XTXyNWwC6qJPofe,31u2kj2PUBoHKUe6,1.2245917,2019-02-12T03:42:00Z
526,1W1z6QA3tiZwBVWm,1NtyM4w2eJYmcELe,9.99474653,2019-02-12T04:07:00Z
527,11CxF3hJ67djH9EQ,1G8LrcvWxHvwBNPr,12.53526942,2019-02-12T09:23:00Z
528,1zHrLkCwGbTSiQL5,1j7HGp91XfhknJz4,2.84279589,2019-02-12T08:38:00Z
529,1hzugAi4qWHZLX4b,1RiHFvhFHJHJR3se,3.37249066,2019-02-12T18:32:00Z
530,1YRiDhGvwuLrmoBE,1rW19tXCvifK49fv,6.14507866,2019-02-12T02:22:00Z
531,1KsiwuEHiEUovHeg,1FE7n6nhVhpG36AG,4.10176698,2019-02-12T00:23:00Z
532,1sq9w7hH5aJBpW63,1ZZTRazEHBH3R5Qz,4.01350856,2019-02-12T21:14:00Z
533,1oeTDN5HqCg3T7VM,1V9JtnLJxgFSR6DX,13.38024681,2019-02-12T04:32:00Z
534,12nx1RT4Sau3D2aX,1c7MqcajSaoyQvuo,5.20921352,2019-02-12T21:30:00Z
535,1b66vZr5A7ByxDCX,3TwobS8w1RnXNQzC,1.46159705,2019-02-12T15:48:00Z
536,1sq9w7hH5aJBpW63,1C1c9NfjmUH4i56s,1.60997349,2019-02-12T15:28:00Z
537,1ZCxARPJNAYEpALP,1syBc5NTtNmk4btw,10.941967,2019-02-12T05:23:00Z
538,1umVrfVRkm1kAPC2,1ZZTRazEHBH3R5Qz,2.64081671,2019-02-12T18:20:00Z
539,1Rbpeq3vVvvgJjUo,1QbYqZCBLH3uZvug,9.46789826,2019-02-12T09:14:00Z
540,1AfUZmao8Q8K5CcP,1sFptmjCiyXHK7hD,14.7998012,2019-02-12T23:30:00Z
541,1PWnXwLJN2cp18zN,1BCunKfeARTRXgPx,2.98347745,2019-02-12T20:29:00Z
542,1JAy28H4PHXK5XsQ,1SvBuqRbpsFXezAx,1.67026233,2019-02-12T12:13:00Z
543,1QBKaXJNEFgNPPdB,1P48RS5DiLBxE7yU,1.19177649,2019-02-12T02:58:00Z
544,1a2LgFdh5Fpt4KCF,1W1zjR8SiDExk3CX,3.43724831,2019-02-12T01:53:00Z
545,1JRtUG5Lb9TR5ftT,12cBPqD9dN948L6R,0.68829265,2019-02-12T05:20:00Z
546,1LWBZk28j3vPRqMk,1LsRJxSoNRTqwb48,2.92218062,2019-02-12T01:59:00Z
547,1YRiDhGvwuLrmoBE,1TN5qzi3ueRYX3S1,0.40588794,2019-02-12T04:14:00Z
548,19GRgUUEQCUDKfgA,1yCEH1ZvzKth2QMM,3.79395257,2019-02-12T04:19:00Z
549,1Rbpeq3vVvvgJjUo,11CxF3hJ67djH9EQ,3.21792808,2019-02-12T19:49:00Z
550,11CxF3hJ67djH9EQ,1Aw9xEQ8dc8VVMNb,4.46655041,2019-02-12T22:04:00Z
551,1MyWQKq1M8cFTixK,13wQdZHUzQQMBPQa,9.76298222,2019-02-12T21:01:00Z
552,1yQ8zfL35VnatKho,1MY9CbPCBhbaoJ4Y,11.28459609,2019-02-12T23:01:00Z
553,1EzihFiUPDcFgs16,1TmvfsTenGCM6p5i,6.63480721,2019-02-12T09:44:00Z
554,176RurrR4vviP3HT,1WK83Xqamhw4HmCY,1.22167451,2019-02-12T22:20:00Z
555,1bMADFnNRNjk26ri,3Cy58imRd5rntwwS,11.51561639,2019-02-12T00:22:00Z
556,1wwNHorQoSkC6NxM,16wAiLkpMMuJMaY5,3.57874421,2019-02-12T21:24:00Z
557,19T21f7VpjFJCyHi,18xU1Uod8DEj59Q5,2.06625529,2019-02-12T20:04:00Z
558,1piv4LTXoueAARJY,3JNGSpTz4CW5hTzG,11.93945658,2019-02-12T20:28:00Z
559,1LGF8yTTgxqEp3mX,1ZLVtyB12dfemPpP,9.49686284,2019-02-12T21:21:00Z
560,1TZFKKsBA219W6qT,1WK83Xqamhw4HmCY,12.75340974,2019-02-12T21:45:00Z
561,1abgQKZ9i3rBKpXP,1BxVvVSPBAfjHad1,13.6314481,2019-02-12T05:38:00Z
562,1nKySGyDHiESYSt9,1B4YuG7YNBtdrAtS,11.4173292,2019-02-12T16:14:00Z
563,1JJCDTwoAFteK613,1dneZ88JhxpgAgsD,7.03843271,2019-02-12T02:56:00Z
564,1myL39jpsGfXAaRH,1KbtWS8KUUYsPXCp,2.97296862,2019-02-12T19:28:00Z
565,1qoBFvYFCweu3FUZ,1xGdcKsU3QqEKzwT,10.977708,2019-02-12T05:59:00Z
566,1FvEuPX26fgowXFR,1FvEuPX26fgowXFR,0.4695146,2019-02-12T13:16:00Z
567,1KYrTSP42ExcvCAR,1f2nkejfSgUYoEPm,0.4204265,2019-02-12T04:17:00Z
568,1PUBGf1cD2nJm8PN,1aMQxxJmBNa1Yunj,3.20482248,2019-02-12T05:18:00Z
569,1VECp2Uvcq4JEsEv,1Fjwin5jGN8SXmxs,0.08554799,2019-02-12T07:41:00Z
570,12bchPVYsFo4gYGV,17PXXmDZ8EYKP5DJ,5.84762654,2019-02-12T04:13:00Z
571,1hG71VmozVr8hrU4,1rW19tXCvifK49fv,2.87968046,2019-02-12T21:04:00Z
572,18YLNiWgsug4AxXb,17Gy8pc9sKyMbPcs,2.41878949,2019-02-12T10:47:00Z
573,1oszo1mWfFFYjxzp,1FE7n6nhVhpG36AG,2.31296973,2019-02-12T06:17:00Z
574,1td6fZydavhWrvD8,1f1KVJ1HD7WNNpqY,2.89357784,2019-02-12T01:35:00Z
575,1JwrHM2qHoXKX53t,1JDQxwrCwhnrcNLH,11.52520159,2019-02-12T14:31:00Z
576,1uCWBqgYzZiaDAZP,1QbYqZCBLH3uZvug,3.18919426,2019-02-12T20:38:00Z
577,1ofRenewZhVKtP4Z,1ofRenewZhVKtP4Z,11.41414091,2019-02-12T14:41:00Z
578,1bQPxmPLdN1ddTT1,1Eym1qWeXf6gGZHK,3.88081302,2019-02-12T17:22:00Z
579,1PA3SuhtCjMMNEQV,11Xc93NZ4ssVE5XJ,5.90960761,2019-02-12T00:47:00Z
580,1NdpC25TDn7yycoE,1yYJVJBhH82bZLsu,16.24407081,2019-02-12T08:11:00Z
581,1qoBFvYFCweu3FUZ,1VhigAMVPspqh7MT,2.39289602,2019-02-12T01:50:00Z
582,1jSVeL2ib1WtFDDE,1W1zjR8SiDExk3CX,1.76408794,2019-02-12T10:12:00Z
583,1hnHy81d6mhKtPwf,15NBVGLtZxFXPYNJ,2.20154316,2019-02-12T10:55:00Z
584,1sdn3PZWak3MKjxE,1NQ5KzpBCyTRmYeU,0.08406069,2019-02-12T04:40:00Z
585,1Pk225k3bpwmpgof,1CBKUFsVDi3KMaRb,7.02668313,2019-02-12T08:54:00Z
586,1FE7n6nhVhpG36AG,3Y8vT7ASAd4qeB7t,4.0833005,2019-02-12T10:55:00Z
587,1WKBC1BaA9puhK8J,1KKjwT6AeP3onKpi,10.20676029,2019-02-12T14:45:00Z
588,1m1eoYPRUk7fnUuM,11LUyFPKC6f7FMKK,49.11149223,2019-02-12T20:58:00Z
589,18J4ATu6w9jtCGiK,1GV1oyjRNCaqwkGd,45.41781225,2019-02-12T05:43:00Z
590,1qczkoAMQzbTPCNY,1bMrs8HxrWzH491H,2.7332148,2019-02-12T17:12:00Z
591,13V81CAdqreV7Zgv,3Cy58imRd5rntwwS,3.21933567,2019-02-12T00:38:00Z
592,1H1vThduW1sBngae,1WK83Xqamhw4HmCY,10.78497833,2019-02-12T17:25:00Z
593,1f2nkejfSgUYoEPm,1UH8DBVPdF4Sm5Hh,6.76494942,2019-02-12T01:26:00Z
594,1G75HiEeJBQkDsS8,17DAc2BTkRYYtkeJ,11.25461454,2019-02-12T04:49:00Z
595,1w7PPqsKLwfwSnRo,1Q1Jx1FnagZcJ3Lo,14.08283025,2019-02-12T21:19:00Z
596,1qczkoAMQzbTPCNY,1PsDbVGdT9Mcyj9d,14.31483295,2019-02-12T08:52:00Z
597,1npjBuCQ8DHY1vGP,1bQPxmPLdN1ddTT1,13.93412017,2019-02-12T02:39:00Z
598,1JRtUG5Lb9TR5ftT,1XTXyNWwC6qJPofe,1.67741827,2019-02-12T00:25:00Z
599,1SPqMv4kPCPf6Mfn,1g3R7XEtJcxkCRjp,8.1418797,2019-02-12T02:09:00Z
600,1FFd83RpS3DcMbX3,13V81CAdqreV7Zgv,1.02714665,2019-02-12T03:16:00Z
601,1h6Xw6p2BgV6aevF,1HE5A9X4VFRvs69Q,6.91859869,2019-02-12T20:05:00Z
602,1PEDHBz1wPsrxD1r,1yQ8zfL35VnatKho,4.66833378,2019-02-12T17:37:00Z
603,1ZLVtyB12dfemPpP,16wAiLkpMMuJMaY5,3.84536113,2019-02-12T14:12:00Z
604,1cXx5h8vs6q4ztbD,3JNGSpTz4CW5hTzG,43.25076587,2019-02-12T07:33:00Z
605,199fN4m51aLgVqHd,1eBUMG9wz5BKbkx4,7.32203327,2019-02-12T06:47:00Z
606,14UGXj9yALWG5945,1qaShFAfDNwuCNHL,0.38145381,2019-02-12T13:34:00Z
607,1DA2zMwDA5txETci,1qFjgSfPTQ1XSojB,12.57507067,2019-02-12T10:54:00Z
608,1rywYxiEGmh1J5gg,1hzugAi4qWHZLX4b,3.90479758,2019-02-12T19:31:00Z
609,1YkHxsb1CniMTbv7,1beG3gmDh2nieyPH,11.97940208,2019-02-12T21:12:00Z
610,1KKjwT6AeP3onKpi,1xiYe9aH2odBg91N,3.44426723,2019-02-12T02:00:00Z
611,1ofRenewZhVKtP4Z,11MU3s8mo2Wv4mP4,1.25156298,2019-02-12T02:10:00Z
612,14pdSn19wptXxmSw,1mTZ2KCk9vkDkx9m,4.96625996,2019-02-12T09:43:00Z
613,1gJ4ncA1edARWrbB,1Ep6D28bJwQ9fhu2,2.83058157,2019-02-12T02:42:00Z
614,11MU3s8mo2Wv4mP4,1kBAW4GbqXKcv5xo,10.75358897,2019-02-19T01:21:00Z
615,1SVP4oHqRKN4e6DR,1DMFiMv2VN2GJqkZ,0.08481625,2019-02-19T17:36:00Z
616,18YLNiWgsug4AxXb,1zqvW4J1tBVfodm1,1.36591676,2019-02-19T13:21:00Z
617,1beG3gmDh2nieyPH,17zMxo79qrrMS44q,8.49647512,2019-02-19T07:12:00Z
618,1NtyM4w2eJYmcELe,1BEmM3Ddv4o9jY9f,4.46136144,2019-02-19T21:27:00Z
619,19ZQn5nvoG39PhES,1AfUZmao8Q8K5CcP,7.02259374,2019-02-19T17:23:00Z
620,13X4eqxD5uQA1X5Y,1zHdtY5BbP1Ydp4P,11.56149993,2019-02-19T02:18:00Z
621,1o6GH2muzvc7HAaY,1zBxZBxG5FA8wyHv,1.32335239,2019-02-19T23:13:00Z
622,1BtvsdcRTNNxrZUb,1rgNxjB9oN2TJDev,8.99760017,2019-02-19T08:09:00Z
623,1HA1Nh2iuumeHNuv,3JNGSpTz4CW5hTzG,46.75102197,2019-02-19T00:29:00Z
624,194bpAfnGGE5D119,1BbEZgaTPALXoQhj,0.66388332,2019-02-19T18:42:00Z
625,19GRgUUEQCUDKfgA,1F96QJxaM4UdvE9t,1.63257108,2019-02-19T15:55:00Z
626,1L6ouHa3L2kuuBmY,1wy5J2qUhmGY88jm,1.85875711,2019-02-19T15:08:00Z
627,1KB4sdPTyNYb4jRK,1DMFiMv2VN2GJqkZ,13.2144584,2019-02-19T04:50:00Z
628,1mA26temRswXwWt5,1KuoQAUCvpfgWZ11,7.38831286,2019-02-19T16:16:00Z
629,1CmCEQjx7QFdXDax,1cKXYF2pg3VQZCCd,7.12269511,2019-02-19T04:28:00Z
630,1UH8DBVPdF4Sm5Hh,1PUvb5fpX622F1by,6.28846262,2019-02-19T11:15:00Z
631,1YRiDhGvwuLrmoBE,15NBVGLtZxFXPYNJ,8.02070524,2019-02-19T21:43:00Z
632,13JKYzr7aCwCAYiy,1syBc5NTtNmk4btw,2.17359964,2019-02-19T12:08:00Z
633,1h7Tn2rAKZpPs85i,1Xm28HBz8K7oS2Ps,4.86707625,2019-02-19T11:15:00Z
634,1j85QkqiMZzNH7xc,1MNWx7D4QRUUiG1c,10.51503638,2019-02-19T14:45:00Z
635,18rd9ES2jc2qTb7b,1eaNSJ7sMaSnHiQF,13.55843287,2019-02-19T16:39:00Z
636,1MCX7JwBBHr7ogza,1qVtaChQVzoQPqUC,9.54314767,2019-02-19T10:41:00Z
637,19GRgUUEQCUDKfgA,31u2kj2PUBoHKUe6,1.37514574,2019-02-19T23:19:00Z
638,1QX95PQkfufvsd76,1Kp41jcUfeoKB8Np,1.05759195,2019-02-19T12:49:00Z
639,18orPehj2oQLcE2H,3yPiVMh5dp8KPR9t,1.07672029,2019-02-19T20:35:00Z
640,1TxPGdCGUmsBP2ew,1dpaZX5GrgB1QB28,1.93338386,2019-02-19T23:38:00Z
641,1ZLAAeNAZfir9wS4,1Snda2Tdx776g9jV,1.69815321,2019-02-19T15:23:00Z
642,1DmWR8LTWHCE4mJa,1xQoyBVqB2NVFzkj,12.47038789,2019-02-19T06:43:00Z
643,19GRgUUEQCUDKfgA,1493T4n79LvMHtLx,8.81242381,2019-02-19T01:17:00Z
644,1WKBC1BaA9puhK8J,1DorH1thto4NDxNT,10.8131827,2019-02-19T03:41:00Z
645,11Xc93NZ4ssVE5XJ,1LN1xcu2R45BkZzF,2.37570679,2019-02-19T00:25:00Z
646,1YJqpbNfjFz8SQQN,3bBqbQivvMVbDbZj,27.87682817,2019-02-19T18:59:00Z
647,1qaShFAfDNwuCNHL,1CmCEQjx7QFdXDax,0.1281903,2019-02-19T12:17:00Z
648,1wy5J2qUhmGY88jm,1Uhd4wi7qyD77d5D,2.93320983,2019-02-19T15:42:00Z
649,1KMk4962MsDuK7b2,1UQRKVhaaiBykuHQ,10.99853524,2019-02-19T13:55:00Z
650,1pVwey2KMhHHn8y1,1cX4L5iqM3YVuBLG,7.69753498,2019-02-19T17:10:00Z
651,1vPzykFZ81JA7fEP,1BCunKfeARTRXgPx,0.87283873,2019-02-19T06:37:00Z
652,1YB137ChL817hoh2,1GHhYW9Y4jw73Wix,3.18336447,2019-02-19T00:25:00Z
653,1L5CGrSA9Jc9jfD4,1hG71VmozVr8hrU4,1.63778986,2019-02-19T20:52:00Z
654,1RLBV7h2XHH7fnof,1QBKaXJNEFgNPPdB,11.45376743,2019-02-19T15:29:00Z
655,1qczkoAMQzbTPCNY,1WK83Xqamhw4HmCY,2.99078355,2019-02-19T05:56:00Z
656,1NqoZi13GJHL1hFj,1NCyyQsgcY76GjJ5,2.38898076,2019-02-19T06:13:00Z
657,1mTZ2KCk9vkDkx9m,1iABwSrL7rbezk5N,4.40987734,2019-02-19T11:55:00Z
658,1wy5J2qUhmGY88jm,1X8REorWWbZsKkTP,3.29656615,2019-02-19T03:21:00Z
659,1Zah9Cobj5DLP7dx,1DA2zMwDA5txETci,2.41303534,2019-02-19T07:32:00Z
660,18a2q1L9WCa1KKkT,1ymF7aBmDAnmTR9Y,0.60146041,2019-02-19T13:16:00Z
661,1GLA3tPmY3Gtn4fg,1NqoZi13GJHL1hFj,4.30698717,2019-02-19T03:06:00Z
662,1r7RxwaKdSRLiBNu,1ZZTRazEHBH3R5Qz,2.77176451,2019-02-19T10:32:00Z
663,17jC1Ei7B2LYpRju,199fN4m51aLgVqHd,2.18052027,2019-02-19T06:26:00Z
664,17bvDWXiiiZPd1Tx,1zHdtY5BbP1Ydp4P,0.3681512,2019-02-19T22:28:00Z
665,1XGwfNfKfw1Lc7DN,1Fd1eaAEp2SQCLn4,5.58507865,2019-02-19T08:07:00Z
666,1N8wjBELrLKHbMA1,169kfoy2ms629N4R,8.8180561,2019-02-19T23:23:00Z
667,1ZZTRazEHBH3R5Qz,1gYcAvNY55KkGMRy,14.47375783,2019-02-19T23:19:00Z
668,12tu3yoXAs5xf7FE,1qk7RWE4ULArRrq7,10.6823563,2019-02-19T21:08:00Z
669,1c7MqcajSaoyQvuo,1sdn3PZWak3MKjxE,8.49085719,2019-02-19T22:45:00Z
670,15JYDqiNtGUaXU8P,1c8eacFH4WH2tJia,9.78597633,2019-02-19T14:25:00Z
671,1myL39jpsGfXAaRH,1L5CGrSA9Jc9jfD4,13.75194192,2019-02-19T20:16:00Z
672,1YB137ChL817hoh2,1UcQanrs8E9bF3fU,5.40753869,2019-02-19T01:11:00Z
673,1Uhd4wi7qyD77d5D,1iABwSrL7rbezk5N,6.0803624,2019-02-19T04:48:00Z
674,1DEtNbkeByLEKrEN,1trNjrZ7qc9pAyJg,1.42713349,2019-02-19T09:49:00Z
675,1zqvW4J1tBVfodm1,1TZFKKsBA219W6qT,4.941194,2019-02-19T04:17:00Z
676,1kBAW4GbqXKcv5xo,1SvGE4M9BVGngCG7,6.05529405,2019-02-19T03:57:00Z
677,1G8LKvkxhhJegZN4,199fN4m51aLgVqHd,14.30746958,2019-02-19T09:35:00Z
678,1eBUMG9wz5BKbkx4,3bBqbQivvMVbDbZj,0.55334003,2019-02-19T20:21:00Z
679,13X4eqxD5uQA1X5Y,1PobkGAcsDthod5q,11.86218868,2019-02-19T06:22:00Z
680,1gyZ6NDSd4Fjqhz1,1p1NJnWPxnBetJ7E,2.23869695,2019-02-19T08:27:00Z
681,1bMrs8HxrWzH491H,1zHdtY5BbP1Ydp4P,0.25894921,2019-02-19T23:28:00Z
682,1aMQxxJmBNa1Yunj,3M239b5DEVh1NKFV,3.11934674,2019-02-19T08:00:00Z
683,1MY9CbPCBhbaoJ4Y,1HqwZnXkAFzBsHq4,1.62869792,2019-02-19T00:57:00Z
684,1H38vMgDepmZHMxt,19yUWzvb2G43tDF5,7.8722479,2019-02-19T20:03:00Z
685,1o6GH2muzvc7HAaY,1rQ6aDz23A2Wp9xk,11.79055435,2019-02-19T18:17:00Z
686,1JRtUG5Lb9TR5ftT,1QbYqZCBLH3uZvug,3.68187505,2019-02-19T05:23:00Z
687,1jZgVWJPAN8Qy6nv,1mRAifCi77m6vAxM,0.9246018,2019-02-19T02:34:00Z
688,1s4DKiNkzLNKvebH,17HJUzK5vEjDaUCH,2.71434588,2019-02-19T03:32:00Z
689,1b4cwTnfNcWn9zz2,1YkHxsb1CniMTbv7,0.96154285,2019-02-19T17:06:00Z
690,1Gv16bv4MT4KMMjK,1Hn6EhDddRt6TuDW,2.1347237,2019-02-19T10:58:00Z
691,1C1c9NfjmUH4i56s,1Dnotr7p62Z9h1yv,1.08852743,2019-02-19T08:55:00Z
692,1vMRWSipQWE9JQGM,1T79Rac8NFGHhECF,14.03483633,2019-02-19T21:30:00Z
693,14vbKu8RUhoJiuZz,1t5yy1psMdPdo33v,12.19250083,2019-02-19T06:43:00Z
694,1UCSnMk7TCn7w32v,1Ya477bembmPDC5e,13.14863184,2019-02-19T14:43:00Z
695,1WKBC1BaA9puhK8J,1K7eheH3GX8RU456,3.20084828,2019-02-19T19:01:00Z
696,1xQoyBVqB2NVFzkj,1PEDHBz1wPsrxD1r,12.03406151,2019-02-19T23:51:00Z
697,1JB1hxGJQBRG5eVF,17HJUzK5vEjDaUCH,12.82647628,2019-02-19T18:12:00Z
698,13X4eqxD5uQA1X5Y,3bBqbQivvMVbDbZj,7.45139814,2019-02-19T10:52:00Z
699,1uG6H4dHadXmE2Qy,19ZQn5nvoG39PhES,0.52990044,2019-02-19T21:54:00Z
700,1X8REorWWbZsKkTP,1XGwfNfKfw1Lc7DN,13.95312161,2019-02-19T14:40:00Z
701,1ofRenewZhVKtP4Z,3TwobS8w1RnXNQzC,2.82362057,2019-02-19T07:16:00Z
702,15Ha2CawZG7cHxRA,1vCG6VDUZY5CiWk7,1.8202998,2019-02-19T15:15:00Z
703,1LrrxBcvrigRP7PP,1Pk225k3bpwmpgof,6.18367808,2019-02-19T20:33:00Z
704,1LroL5DaYgBum5fR,14Jd4ekZxoBJR4vJ,7.32619165,2019-02-19T18:29:00Z
705,1LpLMQhdQxMc6q5G,1JDQxwrCwhnrcNLH,13.14709298,2019-02-19T22:23:00Z
706,1hzugAi4qWHZLX4b,1BbEZgaTPALXoQhj,8.54503281,2019-02-19T08:14:00Z
707,1ywSCFxbMby3WYFs,1Vb3yoA1UuHwoAGS,0.0317509,2019-02-19T03:48:00Z
708,1jZgVWJPAN8Qy6nv,1XL17xz8K629NxW2,9.69943554,2019-02-19T13:16:00Z
709,1zeLqQ8Jxj2vY36x,1Dnotr7p62Z9h1yv,5.16452098,2019-02-19T04:40:00Z
710,1wwNHorQoSkC6NxM,3AZSyahATYfVAd1i,1.43491085,2019-02-19T11:42:00Z
711,1EzihFiUPDcFgs16,1G75HiEeJBQkDsS8,10.01736601,2019-02-19T14:14:00Z
712,1JDQxwrCwhnrcNLH,1MNWx7D4QRUUiG1c,12.24036715,2019-02-19T23:30:00Z
713,1Eym1qWeXf6gGZHK,18UGxBHYepxtgc8b,9.23040065,2019-02-19T17:54:00Z
714,1NqoZi13GJHL1hFj,1gJ4ncA1edARWrbB,10.85393745,2019-02-19T23:42:00Z
715,1trNjrZ7qc9pAyJg,1KsiwuEHiEUovHeg,12.01476723,2019-02-19T06:30:00Z
716,12S1AvDrL5Mrj5ad,1zBxZBxG5FA8wyHv,11.00956155,2019-02-26T13:32:00Z
717,1P2hrV8V5G8xNiob,1yQ8zfL35VnatKho,5.12648034,2019-02-26T20:55:00Z
718,1GV1oyjRNCaqwkGd,1PHBfB9ASUr9BcMR,34.95086364,2019-02-26T12:06:00Z
719,1SVP4oHqRKN4e6DR,1TGvPHyhPH9E8NoN,11.43469723,2019-02-26T06:51:00Z
720,1RLBV7h2XHH7fnof,1VYtDDv1ahbdRdfF,10.21418998,2019-02-26T05:10:00Z
721,1b6KPEtESCymyBS1,3M239b5DEVh1NKFV,2.45916958,2019-02-26T10:49:00Z
722,1ZLAAeNAZfir9wS4,1Jbzz4MaVG2UiRoC,5.94055446,2019-02-26T22:00:00Z
723,1b6KPEtESCymyBS1,1RLBV7h2XHH7fnof,11.18043207,2019-02-26T20:17:00Z
724,1WNtMDRb4yNLn2nC,17DAc2BTkRYYtkeJ,4.68375535,2019-02-26T16:15:00Z
725,1RiHFvhFHJHJR3se,1Lm7CruzxRwQnb15,8.05034247,2019-02-26T11:13:00Z
726,1heufH2Pg3iNawBs,1beG3gmDh2nieyPH,13.65719369,2019-02-26T19:35:00Z
727,1C7CVivZBxG9sRpZ,1trNjrZ7qc9pAyJg,5.31408365,2019-02-26T15:53:00Z
728,1oszo1mWfFFYjxzp,1D491Zgk2Y8bMKwZ,4.76897785,2019-02-26T18:16:00Z
729,1DMFiMv2VN2GJqkZ,12oqboLigEsKhqv4,2.27617666,2019-02-26T01:11:00Z
730,1UCSnMk7TCn7w32v,1abgQKZ9i3rBKpXP,12.34932659,2019-02-26T11:51:00Z
731,1CWzKN6dnGwkNwwL,11YtRTFn1oSL3zXR,12.14412234,2019-02-26T15:52:00Z
732,1Ya477bembmPDC5e,1B4YuG7YNBtdrAtS,12.30003112,2019-02-26T23:36:00Z
733,1sXKD77J9MWK6vBR,1MCX7JwBBHr7ogza,4.61413396,2019-02-26T09:34:00Z
734,1TxPGdCGUmsBP2ew,1oeTDN5HqCg3T7VM,13.63740006,2019-02-26T21:16:00Z
735,1zo6VADjfWFtx3d1,1KRGS7Jo1z9Qj82v,8.22606962,2019-02-26T07:52:00Z
736,1K7iQ6QudDFxU198,1ymF7aBmDAnmTR9Y,6.22919382,2019-02-26T05:47:00Z
737,176ruzWkbVip1SUr,1jZgVWJPAN8Qy6nv,14.5341081,2019-02-26T04:54:00Z
738,14Jd4ekZxoBJR4vJ,1mLnNP22PCYCsPAH,4.03621549,2019-02-26T02:21:00Z
739,1yQ8zfL35VnatKho,1uKFZfFbtPAnpXFy,11.05261467,2019-02-26T14:18:00Z
740,1gYcAvNY55KkGMRy,1D491Zgk2Y8bMKwZ,8.75111581,2019-02-26T02:23:00Z
741,1sPNuStJDpGtFncE,1h7Tn2rAKZpPs85i,4.30732187,2019-02-26T17:47:00Z
742,1mPgySB6nNp4NtTA,17zMxo79qrrMS44q,14.38871678,2019-02-26T09:32:00Z
743,1eaNSJ7sMaSnHiQF,1Snda2Tdx776g9jV,10.75940414,2019-02-26T11:49:00Z
744,1gYcAvNY55KkGMRy,1oszo1mWfFFYjxzp,3.50854938,2019-02-26T05:02:00Z
745,1qaShFAfDNwuCNHL,1a21yySbuwDuB3ks,12.43688511,2019-02-26T03:26:00Z
746,19GRgUUEQCUDKfgA,1BxVvVSPBAfjHad1,1.87192171,2019-02-26T20:17:00Z
747,1yQ8zfL35VnatKho,1rgNxjB9oN2TJDev,4.14892426,2019-02-26T18:44:00Z
748,1ehP4kraCyfDdin8,11MU3s8mo2Wv4mP4,4.40993115,2019-02-26T06:50:00Z
749,1E63uVpmLe4AMj6V,1m9P6QGeT5XApSjF,0.52606707,2019-02-26T23:15:00Z
750,1D491Zgk2Y8bMKwZ,1Lm7CruzxRwQnb15,4.881186,2019-02-26T21:09:00Z
751,1YFVeahnYSW64Tmn,15NBVGLtZxFXPYNJ,5.23075998,2019-02-26T18:00:00Z
752,18rd9ES2jc2qTb7b,1cc6EmB89iTQH8C3,1.25855945,2019-02-26T18:06:00Z
753,1F1GgPJ4vyFDpzpB,19ENARnLTF4vPJVH,48.8021763,2019-02-26T05:37:00Z
754,1g36umfR2kiGj276,1wmitYd7XE38T2n5,3.52738809,2019-02-26T03:18:00Z
755,1BWFUE95QLowe2NQ,1Eym1qWeXf6gGZHK,1.26795625,2019-02-26T13:09:00Z
756,1KYrTSP42ExcvCAR,1bYmgRkXfXFc6ceB,3.03042658,2019-02-26T09:06:00Z
757,1HE5A9X4VFRvs69Q,11rS7WKDdVLtmpG4,1.86774932,2019-02-26T13:11:00Z
758,1o9sSeQ1SAzNBf6U,1r7RxwaKdSRLiBNu,14.60691535,2019-02-26T22:54:00Z
759,1TySac9ASAqUD12T,1rm6mDrQQKSefJTJ,13.40074828,2019-02-26T06:22:00Z
760,176RurrR4vviP3HT,1SvGE4M9BVGngCG7,4.28419924,2019-02-26T01:38:00Z
761,1wwNHorQoSkC6NxM,1gJ4ncA1edARWrbB,3.52158642,2019-02-26T22:27:00Z
762,1ETvKBaUPiin8YVz,1Ze691FgqxPp3PhR,1.94240018,2019-02-26T09:35:00Z
763,1P5LZ9pox9y37PvG,3fEw71S93wM8AFCq,7.13186752,2019-02-26T21:08:00Z
764,17Gy8pc9sKyMbPcs,1W1z6QA3tiZwBVWm,6.14739078,2019-02-26T08:08:00Z
765,1S8dkAL66y1uN2Ji,3fEw71S93wM8AFCq,12.47688024,2019-02-26T19:40:00Z
766,1KsiwuEHiEUovHeg,15JYDqiNtGUaXU8P,4.77996216,2019-02-26T12:57:00Z
767,1C1c9NfjmUH4i56s,1KKjwT6AeP3onKpi,4.12974618,2019-02-26T18:24:00Z
768,1ooHQ9QPxgLWb4yK,1WeDw2RBF6E2Vvyc,12.65904824,2019-02-26T22:07:00Z
769,1PfW4rmw4VwCruo4,1N8wjBELrLKHbMA1,10.37033556,2019-02-26T10:00:00Z
770,19jB7F5cM6eDJD96,1tFUrLP6Vv7RWdva,0.64017974,2019-02-26T22:36:00Z
771,1ow6eDoug41FgNMC,1jree3scyUDWLe9P,12.32943378,2019-02-26T05:53:00Z
772,1W1zjR8SiDExk3CX,1uyH4EUyiub39rLc,6.69774769,2019-02-26T07:25:00Z
773,1ZLVtyB12dfemPpP,14UGXj9yALWG5945,5.16352545,2019-02-26T19:48:00Z
774,15xv1QXa549BPLQB,1beG3gmDh2nieyPH,12.32612984,2019-02-26T04:16:00Z
775,1L5CGrSA9Jc9jfD4,1b6KPEtESCymyBS1,4.98656425,2019-02-26T09:39:00Z
776,1vMRWSipQWE9JQGM,12nx1RT4Sau3D2aX,10.29973952,2019-02-26T18:27:00Z
777,1iwb3CgmtuUXfwnW,19FAKT2N5LniVr2M,10.4535758,2019-02-26T09:48:00Z
778,1BbEZgaTPALXoQhj,13wQdZHUzQQMBPQa,7.25248551,2019-02-26T13:41:00Z
779,1ZZTRazEHBH3R5Qz,1BUmY8YHKCgu6N79,1.92341343,2019-02-26T20:37:00Z
780,1Z23NF2em6mRjZK2,1xAP8fcDtF8bC1iz,12.54750155,2019-02-26T20:09:00Z
781,1p1NJnWPxnBetJ7E,12S1AvDrL5Mrj5ad,9.95584238,2019-02-26T05:40:00Z
782,1g3R7XEtJcxkCRjp,1DEtNbkeByLEKrEN,8.36004233,2019-02-26T01:26:00Z
783,1gJ4ncA1edARWrbB,1nNWnTqffNRmJgUQ,4.02507287,2019-02-26T01:37:00Z
784,1bMrs8HxrWzH491H,1wy5J2qUhmGY88jm,0.74409643,2019-02-26T16:09:00Z
785,1wU5UrH5NZ3FH341,1KG3E9XzsSQhjUqw,6.26555133,2019-02-26T07:12:00Z
786,1mu4unH7AU6TwDq5,1DUQpGNY5yCNs7U3,0.38176051,2019-02-26T18:59:00Z
787,1KYrTSP42ExcvCAR,15Ha2CawZG7cHxRA,11.04714232,2019-02-26T17:24:00Z
788,1hnHy81d6mhKtPwf,1VE4TNuRzEnLZSHa,9.54865137,2019-02-26T18:11:00Z
789,1y9pJedRpkAis53A,3bT1sZ43sAMEmTAs,4.73793335,2019-02-26T17:32:00Z
790,1oS85NnHsY7UabsF,1HqwZnXkAFzBsHq4,3.05845877,2019-02-26T12:28:00Z
791,1JDQxwrCwhnrcNLH,1BxVvVSPBAfjHad1,2.18401776,2019-02-26T08:15:00Z
792,1TmvfsTenGCM6p5i,3bT1sZ43sAMEmTAs,4.49968843,2019-02-26T14:54:00Z
793,1LroL5DaYgBum5fR,1MY9CbPCBhbaoJ4Y,1.15995271,2019-02-26T13:40:00Z
794,1BdPFKagrNfN8TyZ,18foFfVWmSCy51tw,13.57542092,2019-02-26T19:02:00Z
795,1y5g9KS8dGm9MDKE,1Kp41jcUfeoKB8Np,3.28916743,2019-02-26T21:26:00Z
796,1X4qF1enzpoiWB8y,1k1GUS4Zygfe3sEr,11.19495224,2019-02-26T01:21:00Z
797,1RJ5vK1m5XkFXC4p,1sq9w7hH5aJBpW63,12.3119947,2019-02-26T05:24:00Z
798,1NrC6c3u98T6eW3k,176RurrR4vviP3HT,2.00502355,2019-02-26T12:10:00Z
799,1m9P6QGeT5XApSjF,19yUWzvb2G43tDF5,6.55489478,2019-02-26T02:10:00Z
800,194bpAfnGGE5D119,1H38vMgDepmZHMxt,13.04552077,2019-02-26T16:49:00Z
801,1HqwZnXkAFzBsHq4,1MCX7JwBBHr7ogza,3.32158913,2019-02-26T18:46:00Z
802,1qFjgSfPTQ1XSojB,1pBZdHa4eenRLFEL,2.76606162,2019-02-26T08:19:00Z
803,17jC1Ei7B2LYpRju,1DMFiMv2VN2GJqkZ,9.34671507,2019-02-26T10:18:00Z
804,12L3GGbNeTTeMwrz,1TN5qzi3ueRYX3S1,3.96680787,2019-02-26T12:43:00Z
805,1y4cfwPZLE6pHUxG,1P48RS5DiLBxE7yU,12.12862398,2019-02-26T04:11:00Z
806,1dpaZX5GrgB1QB28,1gYcAvNY55KkGMRy,4.93249072,2019-02-26T21:59:00Z
807,18a2q1L9WCa1KKkT,1GgUk1pE2xYWkEp1,12.04335626,2019-02-26T07:01:00Z
808,1NtyM4w2eJYmcELe,1PWnXwLJN2cp18zN,6.51581453,2019-02-26T00:45:00Z
809,1WKBC1BaA9puhK8J,1Uhd4wi7qyD77d5D,12.76130334,2019-02-26T01:40:00Z
810,1MFfMcX78QkPgPkH,1PWnXwLJN2cp18zN,1.65964569,2019-02-26T18:58:00Z
811,1wy5J2qUhmGY88jm,1K7eheH3GX8RU456,4.88553059,2019-02-26T09:02:00Z
812,1qk7RWE4ULArRrq7,1yQ8zfL35VnatKho,13.28369409,2019-02-26T03:38:00Z
813,1ZLAAeNAZfir9wS4,1K5tPoKFBRutRkmN,7.06818555,2019-02-26T17:50:00Z
814,11BXeo4xAVEdmfkD,3JNGSpTz4CW5hTzG,1.46319623,2019-02-26T00:05:00Z
815,11MU3s8mo2Wv4mP4,1xQoyBVqB2NVFzkj,9.1393223,2019-02-26T07:45:00Z
816,1j2k7sqBneFq8w3p,1dpaZX5GrgB1QB28,1.41240576,2019-02-26T12:24:00Z
817,13X4eqxD5uQA1X5Y,1kKA1dfnPdMxRYE6,10.61674027,2019-02-26T04:15:00Z
818,1c7MqcajSaoyQvuo,1JB1hxGJQBRG5eVF,9.06998071,2019-03-05T21:58:00Z
819,1G2ycmVfbfgvvvF5,1G8LKvkxhhJegZN4,10.47365119,2019-03-05T21:28:00Z
820,1ENtKQwCYB1gQwwR,31A6EQ7oSqhieQBM,2.80318981,2019-03-05T13:25:00Z
821,1aAHuEHLbe7DE9jy,1rWJ2i7CyHU2Ns4m,5.60983867,2019-03-05T21:40:00Z
822,11wfm6GjN3FT3jPu,1P7QqLzF6JZ7hxuv,6.05225608,2019-03-05T01:30:00Z
823,1LrrxBcvrigRP7PP,1gMpeFZyZMJMBcSU,9.1803437,2019-03-05T22:35:00Z
824,1Qztqa7TeMpLNfG2,1bP5YXsxy97Q1Run,3.98893956,2019-03-05T14:37:00Z
825,1P2hrV8V5G8xNiob,1BYnrH8VYnoVkfPa,2.92457435,2019-03-05T17:59:00Z
826,1WB9gmep4jiq2aFh,1LWBZk28j3vPRqMk,5.54004824,2019-03-05T04:52:00Z
827,1qXBAfygoKodh1X6,1y4cfwPZLE6pHUxG,3.0158198,2019-03-05T02:46:00Z
828,1jmEHJTm62dP3wq9,11Xc93NZ4ssVE5XJ,2.80386829,2019-03-05T14:15:00Z
829,1w7PPqsKLwfwSnRo,1493T4n79LvMHtLx,13.39531152,2019-03-05T21:17:00Z
830,1DNgwGvVTzNpDGop,1mTZ2KCk9vkDkx9m,11.53765265,2019-03-05T05:59:00Z
831,1dgP5iYyNjEdjzJf,1F96QJxaM4UdvE9t,3.69857845,2019-03-05T14:52:00Z
832,17Gy8pc9sKyMbPcs,15JYDqiNtGUaXU8P,3.19315498,2019-03-05T02:27:00Z
833,1RLBV7h2XHH7fnof,1f9v43Xk1s68FSiu,12.18827808,2019-03-05T14:08:00Z
834,1w7PPqsKLwfwSnRo,13e5rMp8T3rKpF5m,3.69573038,2019-03-05T20:47:00Z
835,1wA9JQv5bBoHTNkX,31u2kj2PUBoHKUe6,0.05612676,2019-03-05T08:58:00Z
836,1B4YuG7YNBtdrAtS,1nNWnTqffNRmJgUQ,12.53985201,2019-03-05T19:16:00Z
837,1F6WecCRkeQ7hcPK,1kBAW4GbqXKcv5xo,3.38811391,2019-03-05T17:58:00Z
838,1jjTKyMs1hK42t6r,12S1AvDrL5Mrj5ad,4.50482436,2019-03-05T08:08:00Z
839,1K7iQ6QudDFxU198,1heufH2Pg3iNawBs,1.05390927,2019-03-05T19:04:00Z
840,1968pTj3QcDShL9b,1W2Z3WUV5mN1nmcH,13.05474904,2019-03-05T23:05:00Z
841,1hnHy81d6mhKtPwf,12prQfyBwRwiQ7xN,11.27814616,2019-03-05T22:47:00Z
842,1B4YuG7YNBtdrAtS,1N1GanX4r3fBWAZQ,9.003225,2019-03-05T04:18:00Z
843,12tu3yoXAs5xf7FE,1MNuGBAZWt3kZbiu,13.63706078,2019-03-05T18:29:00Z
844,1f1KVJ1HD7WNNpqY,1e38S2dYsm1VGSsH,1.62065635,2019-03-05T08:19:00Z
845,1o6GH2muzvc7HAaY,17PXXmDZ8EYKP5DJ,12.69344983,2019-03-05T04:39:00Z
846,19FAKT2N5LniVr2M,1o9sSeQ1SAzNBf6U,1.54765754,2019-03-05T10:49:00Z
847,1mu4unH7AU6TwDq5,3TwobS8w1RnXNQzC,4.54650855,2019-03-05T19:34:00Z
848,1xiYe9aH2odBg91N,1hmDDQnZd3fwKFds,0.7197704,2019-03-05T10:47:00Z
849,1WBeqUqxwCAq9Uwo,3M239b5DEVh1NKFV,24.00567491,2019-03-05T10:56:00Z
850,1LroL5DaYgBum5fR,1MQnLDQJBZU1p4Tt,11.26418518,2019-03-05T11:38:00Z
851,1MCX7JwBBHr7ogza,1X4qF1enzpoiWB8y,2.90956208,2019-03-05T05:37:00Z
852,1L5CGrSA9Jc9jfD4,11BXeo4xAVEdmfkD,1.05140823,2019-03-05T15:56:00Z
853,1LpLMQhdQxMc6q5G,1f2nkejfSgUYoEPm,1.13563087,2019-03-05T13:39:00Z
854,1EitxxxYaR5ynDrK,1P7QqLzF6JZ7hxuv,4.52074512,2019-03-05T03:24:00Z
855,1qoBFvYFCweu3FUZ,3bT1sZ43sAMEmTAs,2.8920722,2019-03-05T21:21:00Z
856,17mpLDmL5RLB7QqP,1JDQxwrCwhnrcNLH,6.82331527,2019-03-05T01:42:00Z
857,1r7RxwaKdSRLiBNu,1LN1xcu2R45BkZzF,11.53579138,2019-03-05T07:58:00Z
858,1ymF7aBmDAnmTR9Y,1ZY37tAH9aZ1ogBx,3.41740333,2019-03-05T08:54:00Z
859,1WK83Xqamhw4HmCY,12prQfyBwRwiQ7xN,1.60441206,2019-03-05T04:40:00Z
860,1g36umfR2kiGj276,1BUmY8YHKCgu6N79,3.54598578,2019-03-05T02:39:00Z
861,1AfUZmao8Q8K5CcP,13X4eqxD5uQA1X5Y,7.19932933,2019-03-05T00:22:00Z
862,1NQ5KzpBCyTRmYeU,1cX4L5iqM3YVuBLG,5.01513234,2019-03-05T18:54:00Z
863,16vgu1XxbXQedo5J,33YWCjBomCEfoFyz,3.67628819,2019-03-05T15:55:00Z
864,1eaNSJ7sMaSnHiQF,1tFUrLP6Vv7RWdva,6.35084954,2019-03-05T16:15:00Z
865,1umVrfVRkm1kAPC2,1DNgwGvVTzNpDGop,11.14467885,2019-03-05T11:10:00Z
866,13BHTAnXc77gk9xm,1pVwey2KMhHHn8y1,5.04277827,2019-03-05T05:39:00Z
867,1ehP4kraCyfDdin8,1qoBFvYFCweu3FUZ,4.33439885,2019-03-05T10:21:00Z
868,1MNWx7D4QRUUiG1c,1qk7RWE4ULArRrq7,3.30111179,2019-03-05T11:40:00Z
869,1bMADFnNRNjk26ri,1wUaHVe7NRc8Xoa9,1.74362973,2019-03-05T05:03:00Z
870,1CBKUFsVDi3KMaRb,1PUvb5fpX622F1by,4.49008901,2019-03-05T03:39:00Z
871,1npjBuCQ8DHY1vGP,1BYnrH8VYnoVkfPa,6.91306956,2019-03-05T23:09:00Z
872,1PWnXwLJN2cp18zN,1RLBV7h2XHH7fnof,11.83955541,2019-03-05T07:33:00Z
873,1sdn3PZWak3MKjxE,1rywYxiEGmh1J5gg,7.30053634,2019-03-05T04:57:00Z
874,1NrC6c3u98T6eW3k,1JAy28H4PHXK5XsQ,4.86216343,2019-03-05T14:00:00Z
875,1NtyM4w2eJYmcELe,1iQanud375u25sc9,13.77558083,2019-03-05T01:59:00Z
876,1Xy8nHgM47i6FHQP,1G75HiEeJBQkDsS8,3.60067055,2019-03-05T17:31:00Z
877,1BUmY8YHKCgu6N79,18rd9ES2jc2qTb7b,3.33442455,2019-03-05T03:50:00Z
878,1jree3scyUDWLe9P,17hvDSTDKisDXmKC,23.37868428,2019-03-05T10:20:00Z
879,1jZgVWJPAN8Qy6nv,1wXzsg6aDRTfyCpn,4.30955644,2019-03-05T08:30:00Z
880,1ZDwWzY9axKu7AJL,1kTRDdcauBB9x9H7,11.31267145,2019-03-05T08:23:00Z
881,1LpLMQhdQxMc6q5G,1LpLMQhdQxMc6q5G,4.09430003,2019-03-05T02:22:00Z
882,1jZgVWJPAN8Qy6nv,1eBUMG9wz5BKbkx4,2.75396349,2019-03-05T13:50:00Z
883,1ETvKBaUPiin8YVz,1qoBFvYFCweu3FUZ,5.94592273,2019-03-05T02:44:00Z
884,1LpLMQhdQxMc6q5G,13UkDZHj8FgGUDxb,5.57552778,2019-03-05T13:34:00Z
885,1rxtaX3BLLRUwH2P,1YHujKKw4PahsN2i,14.6276869,2019-03-05T00:53:00Z
886,1E63uVpmLe4AMj6V,1W2Z3WUV5mN1nmcH,14.00141701,2019-03-05T18:17:00Z
887,114219JPKvhccHHQ,1G8LKvkxhhJegZN4,2.19477962,2019-03-05T03:50:00Z
888,1L5CGrSA9Jc9jfD4,1mTZ2KCk9vkDkx9m,6.12735596,2019-03-05T13:30:00Z
889,1rywYxiEGmh1J5gg,1FCwKXNELWCLUa7F,6.15974202,2019-03-05T21:48:00Z
890,1fPDpC9ADze4EAoM,31u2kj2PUBoHKUe6,38.05515365,2019-03-05T16:20:00Z
891,1G2ycmVfbfgvvvF5,19FAKT2N5LniVr2M,2.48290748,2019-03-05T14:49:00Z
892,1KsiwuEHiEUovHeg,1Xy8nHgM47i6FHQP,8.21234114,2019-03-05T10:45:00Z
893,1BtvsdcRTNNxrZUb,1493T4n79LvMHtLx,7.69795619,2019-03-05T18:57:00Z
894,11YtRTFn1oSL3zXR,1FGuHFVV7PfVczfQ,12.82803275,2019-03-05T14:24:00Z
895,1Gv16bv4MT4KMMjK,1xQoyBVqB2NVFzkj,3.92105403,2019-03-05T06:23:00Z
896,1FQBNMGgntQKst2f,1yTE3Q7kRdzyuaA9,11.22550802,2019-03-05T12:11:00Z
897,1BxVvVSPBAfjHad1,1qaShFAfDNwuCNHL,11.65360711,2019-03-05T20:08:00Z
898,1s4DKiNkzLNKvebH,1npjBuCQ8DHY1vGP,10.09233669,2019-03-05T09:35:00Z
899,1Rbpeq3vVvvgJjUo,1rm6mDrQQKSefJTJ,6.49707771,2019-03-05T22:09:00Z
900,1ywSCFxbMby3WYFs,1hG71VmozVr8hrU4,4.2689629,2019-03-05T06:11:00Z
901,1LXdKPV49UPsP3Mc,1Aw9xEQ8dc8VVMNb,3.84509117,2019-03-05T02:58:00Z
902,1f1KVJ1HD7WNNpqY,1xiYe9aH2odBg91N,9.26829786,2019-03-05T22:24:00Z
903,1QEE1bTY9qBWgRVh,1ETvKBaUPiin8YVz,5.93214967,2019-03-05T20:34:00Z
904,1HHiiFkcuZ8pze9D,1NtyM4w2eJYmcELe,7.28316278,2019-03-05T16:23:00Z
905,1Nr6EZU6J1jaExxP,1L94V1WA3RLHpswz,13.2079976,2019-03-05T17:21:00Z
906,1VhigAMVPspqh7MT,1k1GUS4Zygfe3sEr,13.44101783,2019-03-05T18:28:00Z
907,122WkN2Fz9mA3hfE,1wmitYd7XE38T2n5,6.41247336,2019-03-05T19:23:00Z
908,1trNjrZ7qc9pAyJg,1JB1hxGJQBRG5eVF,4.0699657,2019-03-05T08:30:00Z
909,1f1KVJ1HD7WNNpqY,13V81CAdqreV7Zgv,1.8791135,2019-03-05T11:18:00Z
910,1bMADFnNRNjk26ri,1JJCDTwoAFteK613,5.21079333,2019-03-05T06:49:00Z
911,1NqoZi13GJHL1hFj,1hEbUwMWUEfaJYzB,0.28998845,2019-03-05T06:03:00Z
912,1Aw9xEQ8dc8VVMNb,1VYtDDv1ahbdRdfF,0.27789397,2019-03-05T15:04:00Z
913,1Ep6D28bJwQ9fhu2,1h9mEfenzJbW4gNk,1.38339132,2019-03-05T12:51:00Z
914,1CJCQ76bYE1bU6XP,1hzugAi4qWHZLX4b,8.65366113,2019-03-05T21:22:00Z
915,1cc6EmB89iTQH8C3,1SVP4oHqRKN4e6DR,1.16356684,2019-03-05T10:44:00Z
916,1pboE89Tw179ao8E,1JRtUG5Lb9TR5ftT,4.48063056,2019-03-05T04:16:00Z
917,1FCwKXNELWCLUa7F,3AZSyahATYfVAd1i,4.82340335,2019-03-05T23:33:00Z
918,1QJkexwJrAv7AeMS,1A7T9uTCK7vccwGq,0.26071555,2019-03-05T15:07:00Z
919,1uJnJUziXWCaq5fA,18foFfVWmSCy51tw,8.38273331,2019-03-05T07:42:00Z
920,1wmitYd7XE38T2n5,1gMpeFZyZMJMBcSU,8.72602332,2019-03-12T21:42:00Z
921,1mXo6NHF4MCVBFuR,1rBoXXjcsQSPRs6E,2.25034331,2019-03-12T19:29:00Z
922,1o9sSeQ1SAzNBf6U,1c8eacFH4WH2tJia,12.23407524,2019-03-12T07:16:00Z
923,1T79Rac8NFGHhECF,1NpApQNXEKfWoHD5,13.67757286,2019-03-12T16:40:00Z
924,1BxVvVSPBAfjHad1,3AZSyahATYfVAd1i,2.72997457,2019-03-12T16:44:00Z
925,11YDkk59nLowFrWC,1G8LKvkxhhJegZN4,13.9175576,2019-03-12T10:30:00Z
926,1zqvW4J1tBVfodm1,1aish8o4qBwWJCLN,5.45465226,2019-03-12T13:29:00Z
927,1NCyyQsgcY76GjJ5,1MFfMcX78QkPgPkH,4.5144835,2019-03-12T10:14:00Z
928,1eE53w1kajXfAsqT,1sqMVoPYoytfq13P,39.55600377,2019-03-12T12:23:00Z
929,1A7T9uTCK7vccwGq,1HSG21KF9DsV9h8v,0.69969272,2019-03-12T05:32:00Z
930,1g3R7XEtJcxkCRjp,11YDkk59nLowFrWC,4.77153893,2019-03-12T03:11:00Z
931,1RLBV7h2XHH7fnof,1QBKaXJNEFgNPPdB,14.84955489,2019-03-12T19:10:00Z
932,1Vb3yoA1UuHwoAGS,1Fd1eaAEp2SQCLn4,13.15748755,2019-03-12T17:49:00Z
933,1eaNSJ7sMaSnHiQF,1Pk225k3bpwmpgof,12.07948605,2019-03-12T14:29:00Z
934,1P48RS5DiLBxE7yU,1P48RS5DiLBxE7yU,14.3840531,2019-03-12T04:06:00Z
935,11Xc93NZ4ssVE5XJ,1QX95PQkfufvsd76,14.45318307,2019-03-12T19:00:00Z
936,1GHhYW9Y4jw73Wix,1KKjwT6AeP3onKpi,10.84612468,2019-03-12T01:55:00Z
937,1C1c9NfjmUH4i56s,1w7PPqsKLwfwSnRo,0.05506999,2019-03-12T12:45:00Z
938,1JDQxwrCwhnrcNLH,3JNGSpTz4CW5hTzG,4.17428012,2019-03-12T17:36:00Z
939,1Dnotr7p62Z9h1yv,1YEs9MfeR9TTJ7HL,5.1938647,2019-03-12T21:51:00Z
940,1GLA3tPmY3Gtn4fg,1kKA1dfnPdMxRYE6,0.23150995,2019-03-12T06:00:00Z
941,1R4s3ahHxYNoLUrc,1ZDwWzY9axKu7AJL,0.52808306,2019-03-12T12:42:00Z
942,19FAKT2N5LniVr2M,19ZQn5nvoG39PhES,6.29805624,2019-03-12T07:26:00Z
943,1Z23NF2em6mRjZK2,1oeTDN5HqCg3T7VM,7.71796641,2019-03-12T04:48:00Z
944,1JEXR99UAW4SM3aM,1R4s3ahHxYNoLUrc,6.10999391,2019-03-12T17:27:00Z
945,1wRJF38GuNp6V9Ag,1D491Zgk2Y8bMKwZ,2.72873574,2019-03-12T21:57:00Z
946,1wGEGMDFxPNkzVNo,1h7Tn2rAKZpPs85i,6.39223887,2019-03-12T09:30:00Z
947,1f9v43Xk1s68FSiu,18UGxBHYepxtgc8b,10.5462503,2019-03-12T17:14:00Z
948,1RLBV7h2XHH7fnof,1BYnrH8VYnoVkfPa,3.92700725,2019-03-12T16:51:00Z
949,1jSNxV48v1Z1p2ux,1meGAB6rHQVuvab9,10.73745869,2019-03-12T05:50:00Z
950,1aish8o4qBwWJCLN,1P7QqLzF6JZ7hxuv,14.49897801,2019-03-12T20:23:00Z
951,1pboE89Tw179ao8E,1PsDbVGdT9Mcyj9d,14.4298507,2019-03-12T08:53:00Z
952,1DEtNbkeByLEKrEN,1LpLMQhdQxMc6q5G,4.33199533,2019-03-12T14:20:00Z
953,1yQ8zfL35VnatKho,1LWBZk28j3vPRqMk,4.01535949,2019-03-12T16:44:00Z
954,169kfoy2ms629N4R,1oszo1mWfFFYjxzp,9.86383649,2019-03-12T09:19:00Z
955,1qk7RWE4ULArRrq7,1PgSmZRijboCzfp3,13.21084028,2019-03-12T03:51:00Z
956,1WK83Xqamhw4HmCY,14Jd4ekZxoBJR4vJ,13.06598756,2019-03-12T12:00:00Z
957,1aish8o4qBwWJCLN,1ESLD8zxDkmFhWpj,11.73773637,2019-03-12T20:18:00Z
958,1wRJF38GuNp6V9Ag,1m9P6QGeT5XApSjF,1.11163197,2019-03-12T20:56:00Z
959,1td6fZydavhWrvD8,1493T4n79LvMHtLx,6.83737129,2019-03-12T11:14:00Z
960,176bFA8cpA43nK9s,3bBqbQivvMVbDbZj,2.77823705,2019-03-12T03:39:00Z
961,1oeTDN5HqCg3T7VM,18UGxBHYepxtgc8b,12.80293019,2019-03-12T15:36:00Z
962,1W1zjR8SiDExk3CX,1S8dkAL66y1uN2Ji,3.09663245,2019-03-12T14:32:00Z
963,1yCEH1ZvzKth2QMM,1MNWx7D4QRUUiG1c,2.52342132,2019-03-12T07:24:00Z
964,13V81CAdqreV7Zgv,1gJ4ncA1edARWrbB,7.32597851,2019-03-12T10:50:00Z
965,1o9sSeQ1SAzNBf6U,1MNuGBAZWt3kZbiu,1.7582094,2019-03-12T22:10:00Z
966,1ATbkij2UzPu93eY,1BEmM3Ddv4o9jY9f,4.84518223,2019-03-12T13:05:00Z
967,1VECp2Uvcq4JEsEv,1vMRWSipQWE9JQGM,4.78940072,2019-03-12T01:55:00Z
968,1GgUk1pE2xYWkEp1,1bQPxmPLdN1ddTT1,0.77064732,2019-03-12T08:04:00Z
969,1jSNxV48v1Z1p2ux,1wA9JQv5bBoHTNkX,14.75692533,2019-03-12T19:01:00Z
970,11rS7WKDdVLtmpG4,1dgP5iYyNjEdjzJf,11.0897536,2019-03-12T08:41:00Z
971,1SPqMv4kPCPf6Mfn,3TwobS8w1RnXNQzC,3.02192912,2019-03-12T22:12:00Z
972,1dBnZM2ZKr3V44Li,1K5tPoKFBRutRkmN,14.43683125,2019-03-12T09:38:00Z
973,1ZLVtyB12dfemPpP,1KMk4962MsDuK7b2,13.0480025,2019-03-12T00:42:00Z
974,1BbEZgaTPALXoQhj,1Uhd4wi7qyD77d5D,13.10845557,2019-03-12T23:49:00Z
975,1MNWx7D4QRUUiG1c,1YkHxsb1CniMTbv7,9.38870957,2019-03-12T04:44:00Z
976,1A7T9uTCK7vccwGq,1wqoMruVZjrAqRw2,1.92778424,2019-03-12T20:07:00Z
977,1ZLAAeNAZfir9wS4,17HJUzK5vEjDaUCH,8.45562776,2019-03-12T20:42:00Z
978,1nGU1dbHLQRRn5ZD,1hmDDQnZd3fwKFds,10.64244205,2019-03-12T05:40:00Z
979,1GBqzXwG9BkMXDFf,1SvBuqRbpsFXezAx,12.72327164,2019-03-12T15:44:00Z
980,1WTUN6uCaG87dfRb,33YWCjBomCEfoFyz,7.56720467,2019-03-12T23:37:00Z
981,1Gv16bv4MT4KMMjK,1GLA3tPmY3Gtn4fg,10.57933274,2019-03-12T05:57:00Z
982,1K3jQtjj7jPoH2T3,1Cm493HpDrKek14f,10.36708396,2019-03-12T18:09:00Z
983,1h6Xw6p2BgV6aevF,1vCG6VDUZY5CiWk7,11.42492313,2019-03-12T21:59:00Z
984,1ENtKQwCYB1gQwwR,1nGU1dbHLQRRn5ZD,3.30277024,2019-03-12T04:45:00Z
985,1Lm7CruzxRwQnb15,1Lm7CruzxRwQnb15,2.33535799,2019-03-12T04:27:00Z
986,1qczkoAMQzbTPCNY,1pboE89Tw179ao8E,4.71113597,2019-03-12T12:36:00Z
987,1sdn3PZWak3MKjxE,1XNMrCC1GkssGbtP,10.47379478,2019-03-12T21:38:00Z
988,1cvbrWWvoinEVJD3,17DAc2BTkRYYtkeJ,8.42394238,2019-03-12T00:07:00Z
989,1sMgDEqyNy2LKtHw,1m9P6QGeT5XApSjF,0.83950071,2019-03-12T15:31:00Z
990,1WDuTzvPch7rmU1X,1duDD76PYqtoyNfz,1.28344557,2019-03-12T06:35:00Z
991,1LsRJxSoNRTqwb48,1AqzYMpNCWPVnXcB,3.32795318,2019-03-12T22:37:00Z
992,1NBG1wdMMmkw2pSD,1sPNuStJDpGtFncE,0.7108174,2019-03-12T11:39:00Z
993,1CmCEQjx7QFdXDax,1TGvPHyhPH9E8NoN,0.22804662,2019-03-12T20:35:00Z
994,1GgUk1pE2xYWkEp1,169kfoy2ms629N4R,13.52612647,2019-03-12T17:02:00Z
995,18foFfVWmSCy51tw,1K7eheH3GX8RU456,12.73183705,2019-03-12T17:25:00Z
996,1BWFUE95QLowe2NQ,1sdn3PZWak3MKjxE,2.60381854,2019-03-12T02:33:00Z
997,1H38vMgDepmZHMxt,1KdwGgoD17CcZRwZ,10.45643787,2019-03-12T04:27:00Z
998,1HE5A9X4VFRvs69Q,1wA9JQv5bBoHTNkX,3.0985343,2019-03-12T02:49:00Z
999,1ofRenewZhVKtP4Z,1duDD76PYqtoyNfz,1.28157304,2019-03-12T19:01:00Z
1000,1jSNxV48v1Z1p2ux,1Z23NF2em6mRjZK2,10.28439827,2019-03-12T17:50:00Z
1001,15Ha2CawZG7cHxRA,3yPiVMh5dp8KPR9t,6.40736709,2019-03-12T19:51:00Z
1002,12tu3yoXAs5xf7FE,18a2q1L9WCa1KKkT,5.73672427,2019-03-12T02:12:00Z
1003,1dgP5iYyNjEdjzJf,1JJCDTwoAFteK613,2.6332685,2019-03-12T11:51:00Z
1004,1PUBGf1cD2nJm8PN,1dgP5iYyNjEdjzJf,2.91706988,2019-03-12T08:07:00Z
1005,12L3GGbNeTTeMwrz,1NtyM4w2eJYmcELe,1.74424413,2019-03-12T20:39:00Z
1006,1Ya477bembmPDC5e,1duDD76PYqtoyNfz,14.71803715,2019-03-12T03:22:00Z
1007,1GgUk1pE2xYWkEp1,1PWnXwLJN2cp18zN,1.52277547,2019-03-12T16:17:00Z
1008,1Xy8nHgM47i6FHQP,18oo53hohSLkGFP9,13.04243888,2019-03-12T12:20:00Z
1009,1HqwZnXkAFzBsHq4,1PeQ5DWwDRyaFsUH,7.70161063,2019-03-12T07:55:00Z
1010,1td6fZydavhWrvD8,1duDD76PYqtoyNfz,10.94773699,2019-03-12T23:57:00Z
1011,1j2k7sqBneFq8w3p,1YRiDhGvwuLrmoBE,12.96978341,2019-03-12T01:18:00Z
1012,1zbrJmHtZS58T5mS,18foFfVWmSCy51tw,10.69100916,2019-03-12T10:28:00Z
1013,18xU1Uod8DEj59Q5,1wQAavS7pKydFTtq,10.88734508,2019-03-12T05:39:00Z
1014,1CJCQ76bYE1bU6XP,1LN1xcu2R45BkZzF,13.71074377,2019-03-12T00:50:00Z
1015,1HSG21KF9DsV9h8v,1H9EzdacNFBExDbt,10.28603296,2019-03-12T01:09:00Z
1016,1PfW4rmw4VwCruo4,1g36umfR2kiGj276,4.91233853,2019-03-12T19:16:00Z
1017,1xAP8fcDtF8bC1iz,1oszo1mWfFFYjxzp,4.5100272,2019-03-12T08:46:00Z
1018,12L3GGbNeTTeMwrz,1kBAW4GbqXKcv5xo,11.04484747,2019-03-12T04:52:00Z
1019,1REcDPnDsWxZsc6t,17zMxo79qrrMS44q,12.25366261,2019-03-12T15:21:00Z
1020,1SvGE4M9BVGngCG7,1tdNQa5ePjjY9dMK,2.32166126,2019-03-12T13:14:00Z
1021,1Q1Jx1FnagZcJ3Lo,3fEw71S93wM8AFCq,3.43950787,2019-03-12T17:08:00Z
1022,13X4eqxD5uQA1X5Y,14pdSn19wptXxmSw,0.24463978,2019-03-19T16:08:00Z
1023,11CxF3hJ67djH9EQ,1dBnZM2ZKr3V44Li,3.12172387,2019-03-19T20:13:00Z
1024,1493T4n79LvMHtLx,1Fd1eaAEp2SQCLn4,1.85655088,2019-03-19T03:11:00Z
1025,1TmvfsTenGCM6p5i,1TN5qzi3ueRYX3S1,14.10025919,2019-03-19T20:53:00Z
1026,122WkN2Fz9mA3hfE,1HE5A9X4VFRvs69Q,2.9171858,2019-03-19T20:15:00Z
1027,1e38S2dYsm1VGSsH,1Qztqa7TeMpLNfG2,2.83072386,2019-03-19T21:14:00Z
1028,11wfm6GjN3FT3jPu,1Eym1qWeXf6gGZHK,5.05386559,2019-03-19T15:15:00Z
1029,1BWFUE95QLowe2NQ,11YtRTFn1oSL3zXR,8.90528499,2019-03-19T21:57:00Z
1030,1493T4n79LvMHtLx,1LGF8yTTgxqEp3mX,0.57967309,2019-03-19T12:32:00Z
1031,1vCG6VDUZY5CiWk7,1R4s3ahHxYNoLUrc,2.47155001,2019-03-19T06:05:00Z
1032,18Pwu5LG5mY6GwN9,1NoPtJnH1GNviQy9,1.43402173,2019-03-19T01:33:00Z
1033,1bMrs8HxrWzH491H,1DorH1thto4NDxNT,0.87488824,2019-03-19T00:35:00Z
1034,1duDD76PYqtoyNfz,1cX4L5iqM3YVuBLG,6.15625007,2019-03-19T15:36:00Z
1035,18UGxBHYepxtgc8b,114219JPKvhccHHQ,11.46519273,2019-03-19T15:20:00Z
1036,1ooHQ9QPxgLWb4yK,1AX8JsBV438TmwYJ,19.7069193,2019-03-19T14:25:00Z
1037,1PCqRRY5NvPrpdLc,17ajhF2m1FhKhpUJ,4.71770319,2019-03-19T09:06:00Z
1038,1wjB3BRssDb8BhZ2,1qaShFAfDNwuCNHL,3.56302749,2019-03-19T09:53:00Z
1039,1vPzykFZ81JA7fEP,1BWFUE95QLowe2NQ,14.51432905,2019-03-19T02:59:00Z
1040,1EitxxxYaR5ynDrK,17bvDWXiiiZPd1Tx,1.03065642,2019-03-19T13:15:00Z
1041,1xiYe9aH2odBg91N,12cBPqD9dN948L6R,2.31571924,2019-03-19T12:05:00Z
1042,1A7T9uTCK7vccwGq,3yPiVMh5dp8KPR9t,2.18077739,2019-03-19T07:30:00Z
1043,1MY9CbPCBhbaoJ4Y,1QbYqZCBLH3uZvug,3.32456661,2019-03-19T03:50:00Z
1044,1y9pJedRpkAis53A,1vPzykFZ81JA7fEP,5.95253414,2019-03-19T10:51:00Z
1045,1MY9CbPCBhbaoJ4Y,17Gy8pc9sKyMbPcs,1.09649274,2019-03-19T19:35:00Z
1046,1FCwKXNELWCLUa7F,1E63uVpmLe4AMj6V,5.46310489,2019-03-19T16:48:00Z
1047,1YHujKKw4PahsN2i,1CWzKN6dnGwkNwwL,8.99959997,2019-03-19T22:23:00Z
1048,1XGwfNfKfw1Lc7DN,1x3oJrxeU5vzaB1i,13.34954019,2019-03-19T22:27:00Z
1049,1bMrs8HxrWzH491H,1Snda2Tdx776g9jV,12.63519536,2019-03-19T18:22:00Z
1050,1baPJZJavKVY7eW5,1eaNSJ7sMaSnHiQF,5.69446668,2019-03-19T18:41:00Z
1051,15xv1QXa549BPLQB,1Bv2FekYLfDSQxso,3.70433325,2019-03-19T18:58:00Z
1052,1Ya477bembmPDC5e,1ATbkij2UzPu93eY,6.30741894,2019-03-19T09:41:00Z
1053,148GPMKH7QD8tYb7,1YFVeahnYSW64Tmn,2.81013168,2019-03-19T08:10:00Z
1054,19FAKT2N5LniVr2M,13Pae9eivfoz8oAv,6.39566203,2019-03-19T23:20:00Z
1055,1wXzsg6aDRTfyCpn,31u2kj2PUBoHKUe6,2.55005522,2019-03-19T13:19:00Z
1056,1MPX9humnLRCZmdo,1ywSCFxbMby3WYFs,4.75290972,2019-03-19T16:22:00Z
1057,1BdPFKagrNfN8TyZ,1L94V1WA3RLHpswz,1.43125857,2019-03-19T15:15:00Z
1058,1XCTbHaM3HV8uAPU,3bT1sZ43sAMEmTAs,3.08192083,2019-03-19T05:03:00Z
1059,19T21f7VpjFJCyHi,11CxF3hJ67djH9EQ,0.03657087,2019-03-19T19:31:00Z
1060,1LN1xcu2R45BkZzF,1rQ6aDz23A2Wp9xk,0.8099043,2019-03-19T03:44:00Z
1061,11eYHFj3K6Q4neLR,1MyaugtnNCwZurS1,13.14518082,2019-03-19T08:18:00Z
1062,1Ya477bembmPDC5e,13wQdZHUzQQMBPQa,14.98026399,2019-03-19T07:06:00Z
1063,1SbyfAq3RdMgwkLF,1XkuXBH7JyiCRNsp,13.21725496,2019-03-19T13:44:00Z
1064,1bosF2uXW2LbGfEb,1wjB3BRssDb8BhZ2,7.45333134,2019-03-19T13:42:00Z
1065,1bP5YXsxy97Q1Run,3bT1sZ43sAMEmTAs,1.05573558,2019-03-19T00:55:00Z
1066,114219JPKvhccHHQ,1iQanud375u25sc9,13.55975051,2019-03-19T08:44:00Z
1067,1SbyfAq3RdMgwkLF,1GBqzXwG9BkMXDFf,3.74410903,2019-03-19T13:43:00Z
1068,1NrC6c3u98T6eW3k,1PUBGf1cD2nJm8PN,2.89760678,2019-03-19T03:22:00Z
1069,1ofRenewZhVKtP4Z,16vgu1XxbXQedo5J,3.561298,2019-03-19T00:04:00Z
1070,1uKFZfFbtPAnpXFy,1Z23NF2em6mRjZK2,14.78198587,2019-03-19T04:56:00Z
1071,1XCTbHaM3HV8uAPU,1G8LrcvWxHvwBNPr,7.27582209,2019-03-19T09:39:00Z
1072,1YkHxsb1CniMTbv7,1CJCQ76bYE1bU6XP,0.09923,2019-03-19T18:05:00Z
1073,1F6WecCRkeQ7hcPK,1H1vThduW1sBngae,0.30707899,2019-03-19T01:40:00Z
1074,1PCqRRY5NvPrpdLc,1TirB8QNsvB27LGc,2.41397132,2019-03-19T17:40:00Z
1075,1YEs9MfeR9TTJ7HL,17jC1Ei7B2LYpRju,13.56789759,2019-03-19T03:30:00Z
1076,1CJCQ76bYE1bU6XP,1DEtNbkeByLEKrEN,8.3721339,2019-03-19T04:00:00Z
1077,1V9JtnLJxgFSR6DX,1FCwKXNELWCLUa7F,5.9276635,2019-03-19T18:41:00Z
1078,1N1GanX4r3fBWAZQ,18Pwu5LG5mY6GwN9,2.94215133,2019-03-19T07:39:00Z
1079,1LroL5DaYgBum5fR,1PWnXwLJN2cp18zN,9.56189424,2019-03-19T23:54:00Z
1080,1beG3gmDh2nieyPH,1PEDHBz1wPsrxD1r,5.98434037,2019-03-19T19:08:00Z
1081,1ofRenewZhVKtP4Z,1DmWR8LTWHCE4mJa,5.84992916,2019-03-19T23:19:00Z
1082,1L94V1WA3RLHpswz,1Zah9Cobj5DLP7dx,4.111483,2019-03-19T18:30:00Z
1083,15gKsnk9tjXMzGKy,1e7gsNXXM9ivDr2z,43.1426644,2019-03-19T08:50:00Z
1084,1yTE3Q7kRdzyuaA9,1Dnotr7p62Z9h1yv,11.41000839,2019-03-19T23:03:00Z
1085,169kfoy2ms629N4R,1sXKD77J9MWK6vBR,0.52304373,2019-03-19T00:32:00Z
1086,1NLyx6613EJJh4si,1Zah9Cobj5DLP7dx,8.26967875,2019-03-19T13:19:00Z
1087,1uG6H4dHadXmE2Qy,1nGU1dbHLQRRn5ZD,7.09339546,2019-03-19T16:17:00Z
1088,1JEXR99UAW4SM3aM,1LpLMQhdQxMc6q5G,3.85200049,2019-03-19T23:51:00Z
1089,148GPMKH7QD8tYb7,1myL39jpsGfXAaRH,14.912153,2019-03-19T01:48:00Z
1090,13BHTAnXc77gk9xm,1oszo1mWfFFYjxzp,9.88301014,2019-03-19T17:22:00Z
1091,1xQoyBVqB2NVFzkj,1y7WwKtqszVBcS2C,11.54744063,2019-03-19T17:16:00Z
1092,1qaShFAfDNwuCNHL,1sPNuStJDpGtFncE,0.83835725,2019-03-19T10:03:00Z
1093,1X8REorWWbZsKkTP,1K7iQ6QudDFxU198,10.69484902,2019-03-19T04:00:00Z
1094,194bpAfnGGE5D119,1GmQPMiZarPGguMF,13.95622609,2019-03-19T23:27:00Z
1095,188wH6iE31SEdx9j,1CJCQ76bYE1bU6XP,4.18259328,2019-03-19T15:01:00Z
1096,17Gy8pc9sKyMbPcs,1DmWR8LTWHCE4mJa,6.14610131,2019-03-19T13:10:00Z
1097,1D491Zgk2Y8bMKwZ,3wyLJFqFLkmqeTeH,4.69274816,2019-03-19T10:00:00Z
1098,1npjBuCQ8DHY1vGP,1PeQ5DWwDRyaFsUH,13.42341934,2019-03-19T21:48:00Z
1099,11MU3s8mo2Wv4mP4,1k1GUS4Zygfe3sEr,8.08695724,2019-03-19T17:23:00Z
1100,1trNjrZ7qc9pAyJg,1BtvsdcRTNNxrZUb,14.30491114,2019-03-19T12:03:00Z
1101,1DNgwGvVTzNpDGop,33YWCjBomCEfoFyz,0.0985904,2019-03-19T07:43:00Z
1102,1wRJF38GuNp6V9Ag,1W2Z3WUV5mN1nmcH,1.50646151,2019-03-19T16:08:00Z
1103,1jmEHJTm62dP3wq9,1Ya477bembmPDC5e,0.31581369,2019-03-19T20:13:00Z
1104,1DT5XE2pRiJmX718,1eHdD9CmutfkiTPf,8.3377574,2019-03-19T04:54:00Z
1105,1LN1xcu2R45BkZzF,1MQnLDQJBZU1p4Tt,1.38703232,2019-03-19T02:04:00Z
1106,1sq9w7hH5aJBpW63,11XHsaRP5ueXM5Kg,2.89543021,2019-03-19T23:46:00Z
1107,1ACuhLy6uHKKpNH9,12prQfyBwRwiQ7xN,12.40830043,2019-03-19T02:17:00Z
1108,1baPJZJavKVY7eW5,1ykpUg4NEwL4BBJa,8.4811504,2019-03-19T23:36:00Z
1109,1C1c9NfjmUH4i56s,1uVhtcCtafuHSion,5.07661478,2019-03-19T14:02:00Z
1110,1abgQKZ9i3rBKpXP,1xGdcKsU3QqEKzwT,11.40618379,2019-03-19T21:07:00Z
1111,1PUBGf1cD2nJm8PN,1trNjrZ7qc9pAyJg,1.49061981,2019-03-19T09:28:00Z
1112,188wH6iE31SEdx9j,1CJCQ76bYE1bU6XP,1.94527418,2019-03-19T11:31:00Z
1113,1vPy17eombVGCr7m,1E63uVpmLe4AMj6V,11.91850169,2019-03-19T07:08:00Z
1114,1NLyx6613EJJh4si,176ruzWkbVip1SUr,5.00275291,2019-03-19T16:44:00Z
1115,1gMpeFZyZMJMBcSU,1RLBV7h2XHH7fnof,3.15309775,2019-03-19T07:38:00Z
1116,15JYDqiNtGUaXU8P,1GBL1vT38bfoigJf,13.1771685,2019-03-19T13:47:00Z
1117,1E63uVpmLe4AMj6V,1AfUZmao8Q8K5CcP,1.88317055,2019-03-19T17:19:00Z
1118,19jB7F5cM6eDJD96,1rm6mDrQQKSefJTJ,7.06896143,2019-03-19T16:21:00Z
1119,18YLNiWgsug4AxXb,1oeTDN5HqCg3T7VM,14.09934904,2019-03-19T04:30:00Z
1120,1MyaugtnNCwZurS1,1iQanud375u25sc9,4.79649174,2019-03-19T23:35:00Z
1121,12cBPqD9dN948L6R,1DMFiMv2VN2GJqkZ,1.0735425,2019-03-19T09:58:00Z
1122,1YHujKKw4PahsN2i,1iQanud375u25sc9,12.14335473,2019-03-19T00:45:00Z
1123,1qoBFvYFCweu3FUZ,1rQ6aDz23A2Wp9xk,6.09117451,2019-03-19T20:19:00Z
1124,1E2CNBHMFsFKTAUL,1M59JAfGEaxXy344,43.83405362,2019-03-26T17:21:00Z
1125,1zHrLkCwGbTSiQL5,11XHsaRP5ueXM5Kg,4.29641167,2019-03-26T01:21:00Z
1126,1abgQKZ9i3rBKpXP,1sQnDPLJ6nx1gzYK,2.94696165,2019-03-26T14:49:00Z
1127,1gJ4ncA1edARWrbB,1DMFiMv2VN2GJqkZ,1.25537511,2019-03-26T05:56:00Z
1128,11YDkk59nLowFrWC,1NBG1wdMMmkw2pSD,6.35492343,2019-03-26T22:21:00Z
1129,1meGAB6rHQVuvab9,17DAc2BTkRYYtkeJ,13.37740789,2019-03-26T05:14:00Z
1130,1Snda2Tdx776g9jV,1f1KVJ1HD7WNNpqY,4.28485605,2019-03-26T04:23:00Z
1131,1uJnJUziXWCaq5fA,33YWCjBomCEfoFyz,6.86362773,2019-03-26T01:15:00Z
1132,11eMrU18s6g9mah1,1CWzKN6dnGwkNwwL,12.5631975,2019-03-26T20:32:00Z
1133,1XTXyNWwC6qJPofe,31nV2DrVWAFeyqYT,4.78756788,2019-03-26T19:19:00Z
1134,1VhigAMVPspqh7MT,3bBqbQivvMVbDbZj,12.42510883,2019-03-26T22:53:00Z
1135,1NFvveM7rLnYRz6V,1wRJF38GuNp6V9Ag,11.93612882,2019-03-26T21:08:00Z
1136,1cc6EmB89iTQH8C3,1aAHuEHLbe7DE9jy,6.81268376,2019-03-26T09:26:00Z
1137,1hEbUwMWUEfaJYzB,1b6KPEtESCymyBS1,5.90908659,2019-03-26T14:35:00Z
1138,1MhamiF8tbDweUvM,188wH6iE31SEdx9j,3.81524984,2019-03-26T18:03:00Z
1139,1PWnXwLJN2cp18zN,1ATbkij2UzPu93eY,13.06861167,2019-03-26T11:07:00Z
1140,1bosF2uXW2LbGfEb,1LGF8yTTgxqEp3mX,4.32313386,2019-03-26T03:46:00Z
1141,12oqboLigEsKhqv4,1rTuDkQxjRckeCCs,6.17459856,2019-03-26T18:35:00Z
1142,1JDQxwrCwhnrcNLH,1aMQxxJmBNa1Yunj,3.19402327,2019-03-26T23:47:00Z
1143,1FCwKXNELWCLUa7F,1Pk225k3bpwmpgof,13.11745173,2019-03-26T04:08:00Z
1144,1BUmY8YHKCgu6N79,1aAHuEHLbe7DE9jy,10.9845701,2019-03-26T02:32:00Z
1145,1Ep6D28bJwQ9fhu2,1MyaugtnNCwZurS1,2.61911477,2019-03-26T08:47:00Z
1146,1rQ6aDz23A2Wp9xk,1MY9CbPCBhbaoJ4Y,0.00244289,2019-03-26T08:27:00Z
1147,1MY9CbPCBhbaoJ4Y,1HHiiFkcuZ8pze9D,1.81127954,2019-03-26T23:56:00Z
1148,1hzugAi4qWHZLX4b,1mA26temRswXwWt5,1.44731598,2019-03-26T18:59:00Z
1149,1N1GanX4r3fBWAZQ,1L5CGrSA9Jc9jfD4,7.29876234,2019-03-26T22:58:00Z
1150,1FE7n6nhVhpG36AG,14vbKu8RUhoJiuZz,5.53089273,2019-03-26T17:58:00Z
1151,1uCzs2DS7L4tawtB,1TySac9ASAqUD12T,5.56749791,2019-03-26T12:31:00Z
1152,1W2Z3WUV5mN1nmcH,17Gy8pc9sKyMbPcs,4.90894641,2019-03-26T13:01:00Z
1153,1Hn6EhDddRt6TuDW,16fqu7hnqB6r2Qr8,1.45338165,2019-03-26T17:55:00Z
1154,18xU1Uod8DEj59Q5,1PWnXwLJN2cp18zN,8.00364709,2019-03-26T10:41:00Z
1155,1jVEEF9aaHDS2Xju,1wwNHorQoSkC6NxM,2.09729226,2019-03-26T14:47:00Z
1156,12oqboLigEsKhqv4,1ZLAAeNAZfir9wS4,2.84605369,2019-03-26T20:15:00Z
1157,1QJkexwJrAv7AeMS,17mpLDmL5RLB7QqP,11.01111413,2019-03-26T01:29:00Z
1158,1vtdMonngLCMWLFA,3JNGSpTz4CW5hTzG,49.95185696,2019-03-26T16:54:00Z
1159,1YTKJrW55hcdQmNJ,14ArkDK15E15KjBS,2.80330602,2019-03-26T08:42:00Z
1160,1qXBAfygoKodh1X6,1f9v43Xk1s68FSiu,3.91689911,2019-03-26T10:31:00Z
1161,1wwNHorQoSkC6NxM,1MQnLDQJBZU1p4Tt,14.46093408,2019-03-26T12:43:00Z
1162,1sVxLQ8462Q9kri7,1JRtUG5Lb9TR5ftT,14.82480672,2019-03-26T15:47:00Z
1163,19ZQn5nvoG39PhES,1sFptmjCiyXHK7hD,3.2342179,2019-03-26T00:43:00Z
1164,1w7PPqsKLwfwSnRo,1BCunKfeARTRXgPx,9.17334038,2019-03-26T19:04:00Z
1165,11BXeo4xAVEdmfkD,18oo53hohSLkGFP9,4.62282404,2019-03-26T13:28:00Z
1166,114219JPKvhccHHQ,1kKA1dfnPdMxRYE6,3.97757109,2019-03-26T15:07:00Z
1167,1p1NJnWPxnBetJ7E,1FiNioNzpgymAubQ,1.66590574,2019-03-26T20:32:00Z
1168,1x3oJrxeU5vzaB1i,1uVhtcCtafuHSion,8.01453396,2019-03-26T06:27:00Z
1169,1umVrfVRkm1kAPC2,11rS7WKDdVLtmpG4,12.59700586,2019-03-26T00:42:00Z
1170,1rQ6aDz23A2Wp9xk,1yCEH1ZvzKth2QMM,6.11587444,2019-03-26T12:06:00Z
1171,11Xc93NZ4ssVE5XJ,1gYcAvNY55KkGMRy,9.47426211,2019-03-26T16:11:00Z
1172,1KsiwuEHiEUovHeg,1nGU1dbHLQRRn5ZD,11.05290611,2019-03-26T03:17:00Z
1173,1RiHFvhFHJHJR3se,1K5tPoKFBRutRkmN,13.05092787,2019-03-26T02:39:00Z
1174,1b66vZr5A7ByxDCX,169kfoy2ms629N4R,2.84726883,2019-03-26T20:53:00Z
1175,1SPqMv4kPCPf6Mfn,1BbEZgaTPALXoQhj,4.13588885,2019-03-26T19:10:00Z
1176,1ZLVtyB12dfemPpP,1JwrHM2qHoXKX53t,4.41826046,2019-03-26T03:07:00Z
1177,1ZDwWzY9axKu7AJL,12icaPSgNgN28QDh,1.03340148,2019-03-26T11:02:00Z
1178,1uCWBqgYzZiaDAZP,11rS7WKDdVLtmpG4,6.31015326,2019-03-26T22:26:00Z
1179,1S8dkAL66y1uN2Ji,1V9JtnLJxgFSR6DX,8.08965449,2019-03-26T03:39:00Z
1180,1VcAx2NyFCi7pmc8,1zHrLkCwGbTSiQL5,2.1555648,2019-03-26T07:41:00Z
1181,1PgSmZRijboCzfp3,1zqvW4J1tBVfodm1,2.59372652,2019-03-26T15:58:00Z
1182,12icaPSgNgN28QDh,17bvDWXiiiZPd1Tx,0.84982496,2019-03-26T07:31:00Z
1183,1Pk225k3bpwmpgof,1gYcAvNY55KkGMRy,0.77992282,2019-03-26T17:54:00Z
1184,1KYrTSP42ExcvCAR,1VBEWwGrVxxDmH7H,8.65110789,2019-03-26T11:56:00Z
1185,13UkDZHj8FgGUDxb,1zqvW4J1tBVfodm1,4.23609182,2019-03-26T10:47:00Z
1186,13e5rMp8T3rKpF5m,1jmEHJTm62dP3wq9,2.76643227,2019-03-26T11:45:00Z
1187,1SVP4oHqRKN4e6DR,1ehP4kraCyfDdin8,10.71670464,2019-03-26T05:36:00Z
1188,1Jbzz4MaVG2UiRoC,1x3oJrxeU5vzaB1i,13.74459925,2019-03-26T11:01:00Z
1189,1rTuDkQxjRckeCCs,1ofRenewZhVKtP4Z,4.35439711,2019-03-26T00:19:00Z
1190,1ZLVtyB12dfemPpP,1nKySGyDHiESYSt9,8.53736864,2019-03-26T18:53:00Z
1191,1LroL5DaYgBum5fR,1kBAW4GbqXKcv5xo,0.70366756,2019-03-26T23:22:00Z
1192,1zeLqQ8Jxj2vY36x,1A7T9uTCK7vccwGq,6.509004,2019-03-26T08:13:00Z
1193,14Jd4ekZxoBJR4vJ,1jFU921ThTZqpEV3,13.34988251,2019-03-26T09:33:00Z
1194,1wRJF38GuNp6V9Ag,1dgP5iYyNjEdjzJf,13.12173381,2019-03-26T12:51:00Z
1195,1bP5YXsxy97Q1Run,13e5rMp8T3rKpF5m,4.37477493,2019-03-26T01:56:00Z
1196,1A7T9uTCK7vccwGq,1R4s3ahHxYNoLUrc,14.97200367,2019-03-26T13:25:00Z
1197,1wU5UrH5NZ3FH341,1C7CVivZBxG9sRpZ,4.99092732,2019-03-26T02:07:00Z
1198,1uCWBqgYzZiaDAZP,3bBqbQivvMVbDbZj,2.65518123,2019-03-26T03:21:00Z
1199,1qVtaChQVzoQPqUC,1e38S2dYsm1VGSsH,0.44926952,2019-03-26T21:41:00Z
1200,1bYmgRkXfXFc6ceB,1MNuGBAZWt3kZbiu,6.95802562,2019-03-26T22:08:00Z
1201,1WNtMDRb4yNLn2nC,1ENtKQwCYB1gQwwR,5.73512063,2019-03-26T19:08:00Z
1202,14vbKu8RUhoJiuZz,1qczkoAMQzbTPCNY,7.41124531,2019-03-26T22:28:00Z
1203,1heufH2Pg3iNawBs,1DmWR8LTWHCE4mJa,3.76358158,2019-03-26T03:36:00Z
1204,1Jbzz4MaVG2UiRoC,148GPMKH7QD8tYb7,4.78434228,2019-03-26T15:47:00Z
1205,1KMk4962MsDuK7b2,1DmWR8LTWHCE4mJa,3.3855092,2019-03-26T00:54:00Z
1206,1h7Tn2rAKZpPs85i,1qczkoAMQzbTPCNY,1.77199375,2019-03-26T15:15:00Z
1207,19T21f7VpjFJCyHi,12icaPSgNgN28QDh,3.74281819,2019-03-26T02:02:00Z
1208,1g3R7XEtJcxkCRjp,1LGF8yTTgxqEp3mX,1.10231179,2019-03-26T13:57:00Z
1209,1K7eheH3GX8RU456,1SvBuqRbpsFXezAx,5.12147526,2019-03-26T17:35:00Z
1210,1heufH2Pg3iNawBs,1LN1xcu2R45BkZzF,1.58767182,2019-03-26T15:45:00Z
1211,12cBPqD9dN948L6R,11eMrU18s6g9mah1,5.97626168,2019-03-26T09:59:00Z
1212,1Nr6EZU6J1jaExxP,1Zah9Cobj5DLP7dx,2.46845017,2019-03-26T09:53:00Z
1213,1mbwTWMeUgzSPG57,1REcDPnDsWxZsc6t,14.82155811,2019-03-26T15:36:00Z
1214,1p1NJnWPxnBetJ7E,1sdn3PZWak3MKjxE,2.56808058,2019-03-26T00:50:00Z
1215,1wy5J2qUhmGY88jm,3M239b5DEVh1NKFV,4.69394855,2019-03-26T02:55:00Z
1216,1P48RS5DiLBxE7yU,1sq9w7hH5aJBpW63,2.51678993,2019-03-26T14:40:00Z
1217,1S8dkAL66y1uN2Ji,31nV2DrVWAFeyqYT,8.33557855,2019-03-26T06:39:00Z
1218,1zbrJmHtZS58T5mS,1p1NJnWPxnBetJ7E,1.69118817,2019-03-26T08:02:00Z
1219,1KpZXFFbQHyshdBR,1L5CGrSA9Jc9jfD4,4.07755647,2019-03-26T01:52:00Z
1220,1GHhYW9Y4jw73Wix,14ArkDK15E15KjBS,5.39041871,2019-03-26T05:18:00Z
1221,1MNWx7D4QRUUiG1c,1jmEHJTm62dP3wq9,3.3057327,2019-03-26T20:23:00Z
1222,1MhamiF8tbDweUvM,1zbrJmHtZS58T5mS,11.38635319,2019-03-26T10:42:00Z
1223,12tu3yoXAs5xf7FE,17Gy8pc9sKyMbPcs,3.07831537,2019-03-26T19:15:00Z
1224,1bP5YXsxy97Q1Run,1Q1Jx1FnagZcJ3Lo,1.82534637,2019-03-26T20:59:00Z
1225,1RJ5vK1m5XkFXC4p,3yPiVMh5dp8KPR9t,0.80258549,2019-03-26T02:39:00Z
1226,1j2k7sqBneFq8w3p,1mbwTWMeUgzSPG57,8.78119045,2019-04-02T16:36:00Z
1227,1Q1Jx1FnagZcJ3Lo,12icaPSgNgN28QDh,13.71114979,2019-04-02T12:05:00Z
1228,1wmitYd7XE38T2n5,3bT1sZ43sAMEmTAs,13.39858331,2019-04-02T03:23:00Z
1229,1968pTj3QcDShL9b,1VcAx2NyFCi7pmc8,7.42528886,2019-04-02T05:32:00Z
1230,1h9mEfenzJbW4gNk,1MyWQKq1M8cFTixK,10.07195948,2019-04-02T00:35:00Z
1231,1jSVeL2ib1WtFDDE,1NKK8fSMtXB3KsAM,12.61305288,2019-04-02T08:54:00Z
1232,1qXBAfygoKodh1X6,3AZSyahATYfVAd1i,12.50622269,2019-04-02T02:22:00Z
1233,1Snda2Tdx776g9jV,1wGEGMDFxPNkzVNo,3.17303748,2019-04-02T17:02:00Z
1234,1BxVvVSPBAfjHad1,3wyLJFqFLkmqeTeH,0.14454768,2019-04-02T16:26:00Z
1235,1Eym1qWeXf6gGZHK,1d8edzTH8oYWX94B,11.6843541,2019-04-02T12:00:00Z
1236,1ywSCFxbMby3WYFs,1dNHdTLMNXDJ6XCm,1.51185584,2019-04-02T17:10:00Z
1237,1Zah9Cobj5DLP7dx,14UGXj9yALWG5945,12.01085123,2019-04-02T04:07:00Z
1238,1TxPGdCGUmsBP2ew,1BbEZgaTPALXoQhj,12.9794349,2019-04-02T17:30:00Z
1239,17bvDWXiiiZPd1Tx,1j85QkqiMZzNH7xc,13.13926319,2019-04-02T05:06:00Z
1240,19jB7F5cM6eDJD96,1wmitYd7XE38T2n5,2.96579526,2019-04-02T11:32:00Z
1241,1ccgdQXiLLrhQ2QH,3M239b5DEVh1NKFV,9.05235209,2019-04-02T12:09:00Z
1242,12tu3yoXAs5xf7FE,1AfUZmao8Q8K5CcP,14.25581938,2019-04-02T03:47:00Z
1243,1o6GH2muzvc7HAaY,1YEs9MfeR9TTJ7HL,12.95291901,2019-04-02T10:33:00Z
1244,1B4YuG7YNBtdrAtS,1wQAavS7pKydFTtq,3.8757932,2019-04-02T00:19:00Z
1245,1SbyfAq3RdMgwkLF,12tu3yoXAs5xf7FE,1.36048152,2019-04-02T08:31:00Z
1246,169kfoy2ms629N4R,148GPMKH7QD8tYb7,2.78890969,2019-04-02T11:23:00Z
1247,1myL39jpsGfXAaRH,1wmitYd7XE38T2n5,3.77897721,2019-04-02T16:30:00Z
1248,1w4DDT88jkdvqU1H,1eaNSJ7sMaSnHiQF,10.35536043,2019-04-02T10:53:00Z
1249,1968pTj3QcDShL9b,1BxVvVSPBAfjHad1,2.86761526,2019-04-02T05:49:00Z
1250,11MU3s8mo2Wv4mP4,1g3R7XEtJcxkCRjp,0.61805277,2019-04-02T14:25:00Z
1251,1Uhd4wi7qyD77d5D,33YWCjBomCEfoFyz,1.00646778,2019-04-02T08:08:00Z
1252,1YkHxsb1CniMTbv7,1QJkexwJrAv7AeMS,9.60667152,2019-04-02T16:40:00Z
1253,1F96QJxaM4UdvE9t,11MU3s8mo2Wv4mP4,0.82832466,2019-04-02T02:27:00Z
1254,1p1NJnWPxnBetJ7E,1rW19tXCvifK49fv,3.77857407,2019-04-02T18:17:00Z
1255,1W2Z3WUV5mN1nmcH,17Gy8pc9sKyMbPcs,6.90748271,2019-04-02T08:24:00Z
1256,1KsiwuEHiEUovHeg,1YEs9MfeR9TTJ7HL,4.26736233,2019-04-02T09:57:00Z
1257,1ENtKQwCYB1gQwwR,3Y8vT7ASAd4qeB7t,3.43257941,2019-04-02T17:50:00Z
1258,1X4qF1enzpoiWB8y,1JwrHM2qHoXKX53t,8.22685997,2019-04-02T06:15:00Z
1259,1G75HiEeJBQkDsS8,1rWJ2i7CyHU2Ns4m,4.9073814,2019-04-02T13:37:00Z
1260,1YTKJrW55hcdQmNJ,1Cm493HpDrKek14f,10.80480502,2019-04-02T04:06:00Z
1261,1NLyx6613EJJh4si,1nNWnTqffNRmJgUQ,14.50882675,2019-04-02T08:48:00Z
1262,11eYHFj3K6Q4neLR,18Pwu5LG5mY6GwN9,2.68952942,2019-04-02T21:25:00Z
1263,1tFUrLP6Vv7RWdva,1w4DDT88jkdvqU1H,12.75124931,2019-04-02T03:34:00Z
1264,1JAy28H4PHXK5XsQ,1NpApQNXEKfWoHD5,12.34530562,2019-04-02T03:02:00Z
1265,1ZY37tAH9aZ1ogBx,1o6GH2muzvc7HAaY,4.88760567,2019-04-02T09:26:00Z
1266,1XL17xz8K629NxW2,11eYHFj3K6Q4neLR,4.70247837,2019-04-02T20:47:00Z
1267,1kTRDdcauBB9x9H7,11wfm6GjN3FT3jPu,11.09210932,2019-04-02T07:59:00Z
1268,1Fd1eaAEp2SQCLn4,1Lm7CruzxRwQnb15,1.19437797,2019-04-02T23:39:00Z
1269,1sPNuStJDpGtFncE,1a21yySbuwDuB3ks,10.49343038,2019-04-02T03:11:00Z
1270,1sXKD77J9MWK6vBR,1D491Zgk2Y8bMKwZ,3.0158305,2019-04-02T09:29:00Z
1271,1wU5UrH5NZ3FH341,1jVEEF9aaHDS2Xju,1.08106035,2019-04-02T18:54:00Z
1272,1kXDgP6AundZQ6pq,1BuSpKqu8ph5sQWC,12.9209081,2019-04-02T09:47:00Z
1273,1KuoQAUCvpfgWZ11,17bvDWXiiiZPd1Tx,3.57696517,2019-04-02T09:26:00Z
1274,1h9mEfenzJbW4gNk,1S8dkAL66y1uN2Ji,4.92672167,2019-04-02T08:54:00Z
1275,1YFVeahnYSW64Tmn,1ZCxARPJNAYEpALP,10.51887282,2019-04-02T18:25:00Z
1276,176bFA8cpA43nK9s,1NoPtJnH1GNviQy9,3.95360385,2019-04-02T21:47:00Z
1277,1JwrHM2qHoXKX53t,13UkDZHj8FgGUDxb,5.57646256,2019-04-02T00:07:00Z
1278,1Xm28HBz8K7oS2Ps,1Hn6EhDddRt6TuDW,1.01941121,2019-04-02T14:34:00Z
1279,1JAy28H4PHXK5XsQ,1QbYqZCBLH3uZvug,11.07421174,2019-04-02T19:01:00Z
1280,18rd9ES2jc2qTb7b,1UiBeQvQEtTj47qh,11.75105783,2019-04-02T06:35:00Z
1281,11eMrU18s6g9mah1,1bMrs8HxrWzH491H,6.80955296,2019-04-02T09:51:00Z
1282,1R4s3ahHxYNoLUrc,1XTXyNWwC6qJPofe,0.98843769,2019-04-02T08:32:00Z
1283,1L5CGrSA9Jc9jfD4,1mu4unH7AU6TwDq5,6.79013575,2019-04-02T19:55:00Z
1284,1KRGS7Jo1z9Qj82v,17jKMwUrLoqVr6HG,6.27868315,2019-04-02T13:07:00Z
1285,1PA3SuhtCjMMNEQV,1SvGE4M9BVGngCG7,0.10278873,2019-04-02T01:04:00Z
1286,1zBxZBxG5FA8wyHv,13e5rMp8T3rKpF5m,11.72487887,2019-04-02T07:46:00Z
1287,1tQGNHthD2YaTMxB,1wmitYd7XE38T2n5,11.86438242,2019-04-02T10:21:00Z
1288,15Ha2CawZG7cHxRA,1ykpUg4NEwL4BBJa,0.09394415,2019-04-02T12:03:00Z
1289,1W2Z3WUV5mN1nmcH,1heufH2Pg3iNawBs,6.29609922,2019-04-02T22:40:00Z
1290,1syBc5NTtNmk4btw,1WB9gmep4jiq2aFh,8.32397708,2019-04-02T21:07:00Z
1291,1DmWR8LTWHCE4mJa,1y9pJedRpkAis53A,12.9591512,2019-04-02T00:36:00Z
1292,1gMpeFZyZMJMBcSU,1FCwKXNELWCLUa7F,2.4857377,2019-04-02T08:30:00Z
1293,1o9sSeQ1SAzNBf6U,1oeTDN5HqCg3T7VM,4.21891857,2019-04-02T12:54:00Z
1294,1NrC6c3u98T6eW3k,1cX4L5iqM3YVuBLG,0.89564518,2019-04-02T00:33:00Z
1295,1FGuHFVV7PfVczfQ,1WK83Xqamhw4HmCY,2.63521967,2019-04-02T14:30:00Z
1296,1MCX7JwBBHr7ogza,1Fjwin5jGN8SXmxs,3.48366332,2019-04-02T06:14:00Z
1297,13JKYzr7aCwCAYiy,1j7HGp91XfhknJz4,2.94050167,2019-04-02T05:20:00Z
1298,122WkN2Fz9mA3hfE,1PEDHBz1wPsrxD1r,14.54061578,2019-04-02T03:14:00Z
1299,1gYcAvNY55KkGMRy,1Ze691FgqxPp3PhR,7.44628232,2019-04-02T02:20:00Z
1300,1c7MqcajSaoyQvuo,19ZQn5nvoG39PhES,3.96300308,2019-04-02T17:42:00Z
1301,1BUmY8YHKCgu6N79,1dNHdTLMNXDJ6XCm,0.08326436,2019-04-02T09:23:00Z
1302,1bMADFnNRNjk26ri,1mTZ2KCk9vkDkx9m,0.52270331,2019-04-02T12:29:00Z
1303,1DNgwGvVTzNpDGop,1Aw9xEQ8dc8VVMNb,0.49070201,2019-04-02T20:24:00Z
1304,1y7WwKtqszVBcS2C,1sVxLQ8462Q9kri7,11.08556931,2019-04-02T09:51:00Z
1305,1C7CVivZBxG9sRpZ,19T21f7VpjFJCyHi,2.44382749,2019-04-02T03:36:00Z
1306,1s4DKiNkzLNKvebH,1f9v43Xk1s68FSiu,6.76254966,2019-04-02T13:34:00Z
1307,12L3GGbNeTTeMwrz,1QX95PQkfufvsd76,0.80969151,2019-04-02T01:57:00Z
1308,1sPNuStJDpGtFncE,16wAiLkpMMuJMaY5,9.20068037,2019-04-02T02:19:00Z
1309,1wmitYd7XE38T2n5,1meGAB6rHQVuvab9,9.99413055,2019-04-02T22:01:00Z
1310,1ENtKQwCYB1gQwwR,1XGwfNfKfw1Lc7DN,12.70611124,2019-04-02T16:29:00Z
1311,1Hn6EhDddRt6TuDW,19GRgUUEQCUDKfgA,10.3652685,2019-04-02T22:16:00Z
1312,13BHTAnXc77gk9xm,1K7iQ6QudDFxU198,7.02880592,2019-04-02T19:48:00Z
1313,1vPzykFZ81JA7fEP,1ATbkij2UzPu93eY,10.68650496,2019-04-02T06:04:00Z
1314,1sVxLQ8462Q9kri7,15Ha2CawZG7cHxRA,3.05367137,2019-04-02T05:37:00Z
1315,1rQ6aDz23A2Wp9xk,1r7RxwaKdSRLiBNu,0.95258915,2019-04-02T23:57:00Z
1316,1ywSCFxbMby3WYFs,1BEmM3Ddv4o9jY9f,2.85319367,2019-04-02T03:20:00Z
1317,1N1GanX4r3fBWAZQ,1A7T9uTCK7vccwGq,14.44469451,2019-04-02T09:10:00Z
1318,18a2q1L9WCa1KKkT,1qczkoAMQzbTPCNY,4.50091982,2019-04-02T23:31:00Z
1319,1zHdtY5BbP1Ydp4P,15Ha2CawZG7cHxRA,11.83589396,2019-04-02T02:22:00Z
1320,15gKsnk9tjXMzGKy,17H7LwyNAdSmBgAk,45.26982172,2019-04-02T12:38:00Z
1321,1DMFiMv2VN2GJqkZ,1zqvW4J1tBVfodm1,9.39418707,2019-04-02T09:15:00Z
1322,1sMgDEqyNy2LKtHw,1968pTj3QcDShL9b,8.48138039,2019-04-02T12:25:00Z
1323,1QX95PQkfufvsd76,1L6ouHa3L2kuuBmY,3.28878794,2019-04-02T12:53:00Z
1324,1yTE3Q7kRdzyuaA9,1DMFiMv2VN2GJqkZ,8.68601237,2019-04-02T11:48:00Z
1325,1aish8o4qBwWJCLN,1wRJF38GuNp6V9Ag,0.53015657,2019-04-02T17:58:00Z
1326,1iABwSrL7rbezk5N,1eaNSJ7sMaSnHiQF,14.65831691,2019-04-02T04:50:00Z
1327,1aish8o4qBwWJCLN,1jVEEF9aaHDS2Xju,2.45110572,2019-04-02T11:20:00Z
1328,1DNgwGvVTzNpDGop,1zHdtY5BbP1Ydp4P,13.54561206,2019-04-09T05:24:00Z
1329,1LroL5DaYgBum5fR,3bBqbQivvMVbDbZj,4.39990582,2019-04-09T15:24:00Z
1330,1a21yySbuwDuB3ks,1uVhtcCtafuHSion,1.65799987,2019-04-09T13:56:00Z
1331,1Nr6EZU6J1jaExxP,1wy5J2qUhmGY88jm,6.64110037,2019-04-09T15:22:00Z
1332,1sdn3PZWak3MKjxE,1C7CVivZBxG9sRpZ,0.98685992,2019-04-09T03:01:00Z
1333,1HSG21KF9DsV9h8v,1ccgdQXiLLrhQ2QH,4.10338448,2019-04-09T19:20:00Z
1334,1Ywg7Q775xiv9GrR,15xv1QXa549BPLQB,14.5442434,2019-04-09T05:05:00Z
1335,14pdSn19wptXxmSw,1Hn6EhDddRt6TuDW,2.20255888,2019-04-09T04:07:00Z
1336,1sq9w7hH5aJBpW63,18YLNiWgsug4AxXb,4.33755334,2019-04-09T00:25:00Z
1337,1uCWBqgYzZiaDAZP,1dBnZM2ZKr3V44Li,2.59370768,2019-04-09T08:50:00Z
1338,1ccgdQXiLLrhQ2QH,1iQanud375u25sc9,2.12710688,2019-04-09T10:18:00Z
1339,18YLNiWgsug4AxXb,19T21f7VpjFJCyHi,6.81216544,2019-04-09T15:01:00Z
1340,1MQnLDQJBZU1p4Tt,1Snda2Tdx776g9jV,3.29524863,2019-04-09T22:10:00Z
1341,1meGAB6rHQVuvab9,1Nr6EZU6J1jaExxP,3.1616831,2019-04-09T22:31:00Z
1342,1R4s3ahHxYNoLUrc,1hnHy81d6mhKtPwf,0.83369621,2019-04-09T23:46:00Z
1343,1BWFUE95QLowe2NQ,11BXeo4xAVEdmfkD,3.4962479,2019-04-09T06:10:00Z
1344,1bMrs8HxrWzH491H,1Eym1qWeXf6gGZHK,3.40980324,2019-04-09T13:22:00Z
1345,1JwrHM2qHoXKX53t,1jSVeL2ib1WtFDDE,2.23727261,2019-04-09T01:36:00Z
1346,1npjBuCQ8DHY1vGP,18Pwu5LG5mY6GwN9,1.94985562,2019-04-09T23:59:00Z
1347,1G8LKvkxhhJegZN4,13B2Q2Eg3888BFJv,8.10267797,2019-04-09T16:42:00Z
1348,1K7eheH3GX8RU456,1cX4L5iqM3YVuBLG,4.2568564,2019-04-09T21:33:00Z
1349,1FvEuPX26fgowXFR,1TGvPHyhPH9E8NoN,9.65344072,2019-04-09T08:01:00Z
1350,1dBnZM2ZKr3V44Li,1h9mEfenzJbW4gNk,2.13735568,2019-04-09T11:14:00Z
1351,1F96QJxaM4UdvE9t,1L6ouHa3L2kuuBmY,12.74850605,2019-04-09T15:21:00Z
1352,11YDkk59nLowFrWC,1YRiDhGvwuLrmoBE,11.98879542,2019-04-09T14:06:00Z
1353,122WkN2Fz9mA3hfE,11YtRTFn1oSL3zXR,6.4706759,2019-04-09T08:03:00Z
1354,1x3oJrxeU5vzaB1i,3TwobS8w1RnXNQzC,14.85812343,2019-04-09T18:31:00Z
1355,1G8LKvkxhhJegZN4,1UH8DBVPdF4Sm5Hh,13.88989357,2019-04-09T23:27:00Z
1356,1wmitYd7XE38T2n5,3yPiVMh5dp8KPR9t,4.56057106,2019-04-09T17:55:00Z
1357,1meGAB6rHQVuvab9,1yCEH1ZvzKth2QMM,14.95816907,2019-04-09T00:25:00Z
1358,1LXdKPV49UPsP3Mc,1DT5XE2pRiJmX718,11.7076605,2019-04-09T00:35:00Z
1359,1Z23NF2em6mRjZK2,1MhamiF8tbDweUvM,4.72409197,2019-04-09T17:37:00Z
1360,1w4DDT88jkdvqU1H,1hnHy81d6mhKtPwf,10.26373617,2019-04-09T05:40:00Z
1361,1A7T9uTCK7vccwGq,1aAHuEHLbe7DE9jy,3.33556337,2019-04-09T11:27:00Z
1362,1iQanud375u25sc9,1WK83Xqamhw4HmCY,14.77376102,2019-04-09T16:44:00Z
1363,11YDkk59nLowFrWC,1QBKaXJNEFgNPPdB,8.69977206,2019-04-09T14:49:00Z
1364,1wXB1erZ6bdzRkrJ,1Fjwin5jGN8SXmxs,7.32486817,2019-04-09T21:24:00Z
1365,15JYDqiNtGUaXU8P,1NBG1wdMMmkw2pSD,5.85901429,2019-04-09T21:08:00Z
1366,1ZLVtyB12dfemPpP,1zHdtY5BbP1Ydp4P,6.63788257,2019-04-09T11:31:00Z
1367,1MNWx7D4QRUUiG1c,3M239b5DEVh1NKFV,0.40917985,2019-04-09T18:47:00Z
1368,1KC4r3w6aUHF814W,1zse6LEoB2KxQDx4,45.56263221,2019-04-09T02:04:00Z
1369,1mA26temRswXwWt5,1oszo1mWfFFYjxzp,3.98325063,2019-04-09T20:28:00Z
1370,1eBUMG9wz5BKbkx4,1mTZ2KCk9vkDkx9m,11.89800066,2019-04-09T04:30:00Z
1371,1wayVneJ4gbnmY94,13ScvgbDy3vhBYap,4.68489971,2019-04-09T09:57:00Z
1372,1CxxWTdSD4DWGoAn,1PfW4rmw4VwCruo4,8.37320354,2019-04-09T06:02:00Z
1373,1GBqzXwG9BkMXDFf,1myL39jpsGfXAaRH,0.5707573,2019-04-09T17:35:00Z
1374,1vRZaJXjEa43zPgG,3fEw71S93wM8AFCq,45.6701804,2019-04-09T22:29:00Z
1375,1SvBuqRbpsFXezAx,1K5tPoKFBRutRkmN,3.16867619,2019-04-09T22:48:00Z
1376,1vPzykFZ81JA7fEP,16wAiLkpMMuJMaY5,13.19694661,2019-04-09T00:24:00Z
1377,1NQ5KzpBCyTRmYeU,13Pae9eivfoz8oAv,5.94728741,2019-04-09T03:16:00Z
1378,1NtyM4w2eJYmcELe,1P5LZ9pox9y37PvG,6.20453882,2019-04-09T03:23:00Z
1379,1bYmgRkXfXFc6ceB,1UH8DBVPdF4Sm5Hh,2.84523938,2019-04-09T07:28:00Z
1380,1BWFUE95QLowe2NQ,1Ep6D28bJwQ9fhu2,2.59213981,2019-04-09T09:02:00Z
1381,1wU5UrH5NZ3FH341,1NtyM4w2eJYmcELe,9.09431118,2019-04-09T23:43:00Z
1382,176ruzWkbVip1SUr,1DEtNbkeByLEKrEN,0.91037523,2019-04-09T09:26:00Z
1383,176RurrR4vviP3HT,1FFd83RpS3DcMbX3,5.30539042,2019-04-09T19:40:00Z
1384,1FQBNMGgntQKst2f,18a2q1L9WCa1KKkT,4.61535093,2019-04-09T10:22:00Z
1385,1cc6EmB89iTQH8C3,1w4DDT88jkdvqU1H,10.53968544,2019-04-09T19:53:00Z
1386,1QT8cjg3w3EyiYcs,3Cy58imRd5rntwwS,15.31450101,2019-04-09T14:11:00Z
1387,1rQ6aDz23A2Wp9xk,1VECp2Uvcq4JEsEv,3.47910393,2019-04-09T00:30:00Z
1388,1Cm493HpDrKek14f,1ACuhLy6uHKKpNH9,4.91008799,2019-04-09T05:41:00Z
1389,1h9mEfenzJbW4gNk,1rTuDkQxjRckeCCs,12.92691492,2019-04-09T17:51:00Z
1390,188wH6iE31SEdx9j,31nV2DrVWAFeyqYT,7.77338479,2019-04-09T21:01:00Z
1391,1RJ5vK1m5XkFXC4p,1bMrs8HxrWzH491H,3.28624407,2019-04-09T21:25:00Z
1392,1W1z6QA3tiZwBVWm,1umVrfVRkm1kAPC2,8.95416415,2019-04-09T20:40:00Z
1393,1RLBV7h2XHH7fnof,1jSVeL2ib1WtFDDE,2.46788189,2019-04-09T15:03:00Z
1394,1b66vZr5A7ByxDCX,1PUBGf1cD2nJm8PN,3.94087241,2019-04-09T18:04:00Z
1395,1heufH2Pg3iNawBs,1UcQanrs8E9bF3fU,0.22954927,2019-04-09T07:27:00Z
1396,15Ha2CawZG7cHxRA,1rTuDkQxjRckeCCs,0.01326491,2019-04-09T22:02:00Z
1397,1WK83Xqamhw4HmCY,31u2kj2PUBoHKUe6,3.9766469,2019-04-09T07:22:00Z
1398,1JRtUG5Lb9TR5ftT,1x3oJrxeU5vzaB1i,0.62102045,2019-04-09T01:33:00Z
1399,13wQdZHUzQQMBPQa,1G75HiEeJBQkDsS8,5.34110236,2019-04-09T17:52:00Z
1400,1PUBGf1cD2nJm8PN,1a2LgFdh5Fpt4KCF,13.43770634,2019-04-09T19:45:00Z
1401,1Snda2Tdx776g9jV,3bT1sZ43sAMEmTAs,0.28493641,2019-04-09T02:10:00Z
1402,1qVtaChQVzoQPqUC,1b6KPEtESCymyBS1,0.72286373,2019-04-09T11:05:00Z
1403,1Rbpeq3vVvvgJjUo,1cX4L5iqM3YVuBLG,6.79120402,2019-04-09T15:24:00Z
1404,1f2nkejfSgUYoEPm,1h9mEfenzJbW4gNk,0.48255977,2019-04-09T05:03:00Z
1405,1TmvfsTenGCM6p5i,1Uhd4wi7qyD77d5D,10.08183087,2019-04-09T04:04:00Z
1406,1PCqRRY5NvPrpdLc,176ruzWkbVip1SUr,6.54521538,2019-04-09T05:37:00Z
1407,1NBG1wdMMmkw2pSD,3JNGSpTz4CW5hTzG,0.76222188,2019-04-09T05:38:00Z
1408,1ooHQ9QPxgLWb4yK,3wyLJFqFLkmqeTeH,5.2330023,2019-04-09T08:14:00Z
1409,1C1c9NfjmUH4i56s,1PfW4rmw4VwCruo4,3.17853438,2019-04-09T03:01:00Z
1410,1ATbkij2UzPu93eY,1CiKTHZmnrv53NdE,9.17043944,2019-04-09T05:15:00Z
1411,1wqoMruVZjrAqRw2,1uCzs2DS7L4tawtB,8.41662426,2019-04-09T16:40:00Z
1412,1X8REorWWbZsKkTP,188wH6iE31SEdx9j,0.48054221,2019-04-09T18:17:00Z
1413,1SVP4oHqRKN4e6DR,1RLBV7h2XHH7fnof,4.67490924,2019-04-09T20:22:00Z
1414,1ENtKQwCYB1gQwwR,1mA26temRswXwWt5,13.99927513,2019-04-09T16:23:00Z
1415,1zBxZBxG5FA8wyHv,1cc6EmB89iTQH8C3,6.65930297,2019-04-09T03:14:00Z
1416,1d8edzTH8oYWX94B,188wH6iE31SEdx9j,12.55686051,2019-04-09T14:22:00Z
1417,1UQRKVhaaiBykuHQ,15Ha2CawZG7cHxRA,2.89682264,2019-04-09T06:59:00Z
1418,1yCEH1ZvzKth2QMM,1BxVvVSPBAfjHad1,4.32325177,2019-04-09T22:54:00Z
1419,17PXXmDZ8EYKP5DJ,1beG3gmDh2nieyPH,10.45595587,2019-04-09T01:47:00Z
1420,1ZCxARPJNAYEpALP,1PA3SuhtCjMMNEQV,7.31299285,2019-04-09T02:56:00Z
1421,1h9mEfenzJbW4gNk,17ajhF2m1FhKhpUJ,3.05127938,2019-04-09T17:54:00Z
1422,1hmDDQnZd3fwKFds,1meGAB6rHQVuvab9,12.63866481,2019-04-09T16:44:00Z
1423,1qczkoAMQzbTPCNY,1tQGNHthD2YaTMxB,12.17032691,2019-04-09T17:00:00Z
1424,1GBqzXwG9BkMXDFf,1t5yy1psMdPdo33v,4.72487861,2019-04-09T03:45:00Z
1425,1bYmgRkXfXFc6ceB,1dpaZX5GrgB1QB28,13.28483501,2019-04-09T16:01:00Z
1426,1Vb3yoA1UuHwoAGS,1MPX9humnLRCZmdo,2.82633974,2019-04-09T07:55:00Z
1427,14Jd4ekZxoBJR4vJ,19ZQn5nvoG39PhES,1.28499797,2019-04-09T07:20:00Z
1428,1JAy28H4PHXK5XsQ,1QBKaXJNEFgNPPdB,12.29145314,2019-04-09T20:31:00Z
1429,17mpLDmL5RLB7QqP,1xiYe9aH2odBg91N,0.90987386,2019-04-09T15:20:00Z
1430,1vZyLz5AuLBMgk8a,1UH8DBVPdF4Sm5Hh,9.92106833,2019-04-16T09:37:00Z
1431,1o6GH2muzvc7HAaY,1H9EzdacNFBExDbt,14.8897106,2019-04-16T07:06:00Z
1432,1PobkGAcsDthod5q,1TmvfsTenGCM6p5i,2.60585711,2019-04-16T08:52:00Z
1433,1f1KVJ1HD7WNNpqY,3bBqbQivvMVbDbZj,4.55876872,2019-04-16T21:22:00Z
1434,148GPMKH7QD8tYb7,1DT5XE2pRiJmX718,4.4936314,2019-04-16T07:43:00Z
1435,1V25NM2bkpKdxp4K,1wqoMruVZjrAqRw2,5.07010847,2019-04-16T01:52:00Z
1436,1hmDDQnZd3fwKFds,14ArkDK15E15KjBS,8.22164813,2019-04-16T21:50:00Z
1437,1N1GanX4r3fBWAZQ,1td6fZydavhWrvD8,12.37177024,2019-04-16T15:46:00Z
1438,176bFA8cpA43nK9s,13UkDZHj8FgGUDxb,8.06049922,2019-04-16T10:38:00Z
1439,1sFptmjCiyXHK7hD,1ZY37tAH9aZ1ogBx,5.04123388,2019-04-16T08:02:00Z
1440,1dBnZM2ZKr3V44Li,1td6fZydavhWrvD8,11.94073143,2019-04-16T06:45:00Z
1441,1PeQ5DWwDRyaFsUH,1qoBFvYFCweu3FUZ,11.74775746,2019-04-16T21:52:00Z
1442,12L3GGbNeTTeMwrz,1mu4unH7AU6TwDq5,5.29851799,2019-04-16T16:55:00Z
1443,1syBc5NTtNmk4btw,1TmvfsTenGCM6p5i,2.60564428,2019-04-16T00:57:00Z
1444,1ZLAAeNAZfir9wS4,1ry7u31iLPgEqmDF,13.3176116,2019-04-16T09:07:00Z
1445,1jVEEF9aaHDS2Xju,3Y8vT7ASAd4qeB7t,0.26793017,2019-04-16T01:50:00Z
1446,1A7T9uTCK7vccwGq,3AZSyahATYfVAd1i,2.34806143,2019-04-16T00:37:00Z
1447,1Ep6D28bJwQ9fhu2,1DorH1thto4NDxNT,10.78951097,2019-04-16T06:13:00Z
1448,1C1c9NfjmUH4i56s,12icaPSgNgN28QDh,11.57649675,2019-04-16T14:39:00Z
1449,1WTUN6uCaG87dfRb,1SVP4oHqRKN4e6DR,0.16319992,2019-04-16T03:56:00Z
1450,1DT5XE2pRiJmX718,3JNGSpTz4CW5hTzG,3.38316493,2019-04-16T22:41:00Z
1451,15JYDqiNtGUaXU8P,11YtRTFn1oSL3zXR,8.89731379,2019-04-16T18:25:00Z
1452,1Eym1qWeXf6gGZHK,1td6fZydavhWrvD8,6.02778302,2019-04-16T12:12:00Z
1453,12icaPSgNgN28QDh,1hzugAi4qWHZLX4b,3.67508359,2019-04-16T09:24:00Z
1454,1vCG6VDUZY5CiWk7,1P5LZ9pox9y37PvG,9.77037356,2019-04-16T08:11:00Z
1455,1xiYe9aH2odBg91N,1BxVvVSPBAfjHad1,0.94078206,2019-04-16T12:42:00Z
1456,1WNtMDRb4yNLn2nC,1N8wjBELrLKHbMA1,2.84261565,2019-04-16T20:35:00Z
1457,18YLNiWgsug4AxXb,1NBG1wdMMmkw2pSD,3.24624666,2019-04-16T05:52:00Z
1458,1XCTbHaM3HV8uAPU,3JNGSpTz4CW5hTzG,4.83799289,2019-04-16T04:33:00Z
1459,1PeQ5DWwDRyaFsUH,1aish8o4qBwWJCLN,1.83779593,2019-04-16T20:16:00Z
1460,1rywYxiEGmh1J5gg,1Ep6D28bJwQ9fhu2,3.36442577,2019-04-16T01:21:00Z
1461,1AfUZmao8Q8K5CcP,1JB1hxGJQBRG5eVF,3.42555543,2019-04-16T16:23:00Z
1462,1Xy8nHgM47i6FHQP,1XkuXBH7JyiCRNsp,6.2717879,2019-04-16T03:44:00Z
1463,18a2q1L9WCa1KKkT,18a2q1L9WCa1KKkT,6.20942613,2019-04-16T01:14:00Z
1464,1duDD76PYqtoyNfz,12tu3yoXAs5xf7FE,12.99480337,2019-04-16T06:15:00Z
1465,1mA26temRswXwWt5,1UcQanrs8E9bF3fU,12.89773621,2019-04-16T09:34:00Z
1466,19jB7F5cM6eDJD96,1sMgDEqyNy2LKtHw,10.74933114,2019-04-16T01:37:00Z
1467,1BUmY8YHKCgu6N79,12HFq7AZAMcJEnpD,9.5561909,2019-04-16T10:57:00Z
1468,1HBKfmTTYMUrgxu8,1e7gsNXXM9ivDr2z,34.90250199,2019-04-16T07:06:00Z
1469,12icaPSgNgN28QDh,18rd9ES2jc2qTb7b,14.5780265,2019-04-16T14:20:00Z
1470,1zeLqQ8Jxj2vY36x,1wXzsg6aDRTfyCpn,0.62527017,2019-04-16T19:22:00Z
1471,1cvbrWWvoinEVJD3,1iwb3CgmtuUXfwnW,1.93708542,2019-04-16T11:18:00Z
1472,1wA9JQv5bBoHTNkX,3JNGSpTz4CW5hTzG,2.64604298,2019-04-16T08:49:00Z
1473,1PUBGf1cD2nJm8PN,1sXKD77J9MWK6vBR,2.5211968,2019-04-16T21:53:00Z
1474,1DT5XE2pRiJmX718,1NLyx6613EJJh4si,3.29537338,2019-04-16T05:46:00Z
1475,176RurrR4vviP3HT,1L6ouHa3L2kuuBmY,12.31231649,2019-04-16T01:27:00Z
1476,1a21yySbuwDuB3ks,1m9P6QGeT5XApSjF,5.3957637,2019-04-16T23:45:00Z
1477,1P2hrV8V5G8xNiob,1FCwKXNELWCLUa7F,4.29677492,2019-04-16T03:05:00Z
1478,1BUmY8YHKCgu6N79,1dpaZX5GrgB1QB28,0.43302829,2019-04-16T06:08:00Z
1479,1WvHL67VhRpPce2m,1ceWLubskVDrfKnA,33.82704634,2019-04-16T09:32:00Z
1480,1MFfMcX78QkPgPkH,1DmWR8LTWHCE4mJa,3.05849059,2019-04-16T13:14:00Z
1481,1npjBuCQ8DHY1vGP,1R4s3ahHxYNoLUrc,12.13822104,2019-04-16T22:16:00Z
1482,1N8wjBELrLKHbMA1,1wGEGMDFxPNkzVNo,14.27772564,2019-04-16T11:00:00Z
1483,1DT5XE2pRiJmX718,13wQdZHUzQQMBPQa,9.04535818,2019-04-16T09:49:00Z
1484,17jKMwUrLoqVr6HG,1wUaHVe7NRc8Xoa9,13.74500563,2019-04-16T08:48:00Z
1485,1W1z6QA3tiZwBVWm,1vCG6VDUZY5CiWk7,2.13646988,2019-04-16T05:50:00Z
1486,1Dnotr7p62Z9h1yv,1sPNuStJDpGtFncE,8.25658842,2019-04-16T13:06:00Z
1487,1TxPGdCGUmsBP2ew,1JB1hxGJQBRG5eVF,6.74296114,2019-04-16T02:19:00Z
1488,1C7CVivZBxG9sRpZ,1jSNxV48v1Z1p2ux,6.61165386,2019-04-16T05:31:00Z
1489,1RJ5vK1m5XkFXC4p,1E63uVpmLe4AMj6V,0.20984166,2019-04-16T14:11:00Z
1490,1LXdKPV49UPsP3Mc,1G8LKvkxhhJegZN4,3.92261021,2019-04-16T00:02:00Z
1491,15NBVGLtZxFXPYNJ,1ZDwWzY9axKu7AJL,7.54349161,2019-04-16T08:01:00Z
1492,1F6WecCRkeQ7hcPK,31u2kj2PUBoHKUe6,0.36983665,2019-04-16T18:19:00Z
1493,1Lq6JbQon9FD4mXf,17jC1Ei7B2LYpRju,3.97851244,2019-04-16T10:03:00Z
1494,1GgUk1pE2xYWkEp1,1b6KPEtESCymyBS1,4.761396,2019-04-16T10:32:00Z
1495,13JKYzr7aCwCAYiy,1zBxZBxG5FA8wyHv,4.09505771,2019-04-16T11:39:00Z
1496,1Dnotr7p62Z9h1yv,1a2LgFdh5Fpt4KCF,11.26197904,2019-04-16T13:37:00Z
1497,1vCG6VDUZY5CiWk7,1493T4n79LvMHtLx,13.26856829,2019-04-16T18:06:00Z
1498,1vMRWSipQWE9JQGM,1KuoQAUCvpfgWZ11,14.20132482,2019-04-16T07:46:00Z
1499,12icaPSgNgN28QDh,1xAP8fcDtF8bC1iz,0.70859389,2019-04-16T10:15:00Z
1500,1s4DKiNkzLNKvebH,1fXRWFQkodYaJSn4,3.20973021,2019-04-16T17:24:00Z
1501,1zeLqQ8Jxj2vY36x,1ZLVtyB12dfemPpP,14.29602726,2019-04-16T14:12:00Z
1502,1UcQanrs8E9bF3fU,1P2hrV8V5G8xNiob,0.22032461,2019-04-16T21:34:00Z
1503,1FFd83RpS3DcMbX3,1VE4TNuRzEnLZSHa,11.31033693,2019-04-16T01:36:00Z
1504,1LroL5DaYgBum5fR,1sNZy4memEAoMyeB,2.18123617,2019-04-16T14:25:00Z
1505,1sQnDPLJ6nx1gzYK,1trNjrZ7qc9pAyJg,11.8914601,2019-04-16T20:19:00Z
1506,1sXKD77J9MWK6vBR,1SbyfAq3RdMgwkLF,8.87902485,2019-04-16T05:16:00Z
1507,12bchPVYsFo4gYGV,1AqzYMpNCWPVnXcB,1.51296323,2019-04-16T21:43:00Z
1508,1piv4LTXoueAARJY,15gKsnk9tjXMzGKy,39.32340199,2019-04-16T21:03:00Z
1509,1yTE3Q7kRdzyuaA9,12HFq7AZAMcJEnpD,10.70291398,2019-04-16T02:36:00Z
1510,1iABwSrL7rbezk5N,14ArkDK15E15KjBS,5.58093763,2019-04-16T12:23:00Z
1511,1TGvPHyhPH9E8NoN,1PobkGAcsDthod5q,12.90139957,2019-04-16T11:48:00Z
1512,1vPzykFZ81JA7fEP,16fqu7hnqB6r2Qr8,8.13746821,2019-04-16T21:00:00Z
1513,1zeLqQ8Jxj2vY36x,1uG6H4dHadXmE2Qy,1.21079179,2019-04-16T19:27:00Z
1514,1PeQ5DWwDRyaFsUH,1zo6VADjfWFtx3d1,6.40413406,2019-04-16T15:36:00Z
1515,1KpZXFFbQHyshdBR,1LXdKPV49UPsP3Mc,12.92894842,2019-04-16T21:07:00Z
1516,18Pwu5LG5mY6GwN9,1WNtMDRb4yNLn2nC,13.44072413,2019-04-16T14:45:00Z
1517,1YkHxsb1CniMTbv7,1JAy28H4PHXK5XsQ,0.21310948,2019-04-16T05:25:00Z
1518,1SQnqQj79iddvkqJ,1wayVneJ4gbnmY94,19.83773529,2019-04-16T03:58:00Z
1519,1ESLD8zxDkmFhWpj,194bpAfnGGE5D119,11.85939756,2019-04-16T03:16:00Z
1520,1vCG6VDUZY5CiWk7,1td6fZydavhWrvD8,5.06051556,2019-04-16T01:20:00Z
1521,1YTKJrW55hcdQmNJ,1AqzYMpNCWPVnXcB,8.88863817,2019-04-16T06:57:00Z
1522,1G8LrcvWxHvwBNPr,1QJkexwJrAv7AeMS,14.51958584,2019-04-16T08:23:00Z
1523,1BEmM3Ddv4o9jY9f,1Xy8nHgM47i6FHQP,9.45507894,2019-04-16T18:59:00Z
1524,1BtvsdcRTNNxrZUb,18oo53hohSLkGFP9,14.43293171,2019-04-16T00:27:00Z
1525,1VECp2Uvcq4JEsEv,3yPiVMh5dp8KPR9t,4.10949964,2019-04-16T07:29:00Z
1526,1Nr6EZU6J1jaExxP,16vgu1XxbXQedo5J,3.097496,2019-04-16T19:17:00Z
1527,1oS85NnHsY7UabsF,19GRgUUEQCUDKfgA,1.16642194,2019-04-16T07:48:00Z
1528,1h7Tn2rAKZpPs85i,1dBnZM2ZKr3V44Li,4.08569127,2019-04-16T05:27:00Z
1529,1rgNxjB9oN2TJDev,1TGvPHyhPH9E8NoN,14.54063581,2019-04-16T15:46:00Z
1530,1vPzykFZ81JA7fEP,1sXKD77J9MWK6vBR,14.063736,2019-04-16T01:19:00Z
1531,1SvBuqRbpsFXezAx,1pVwey2KMhHHn8y1,10.19215197,2019-04-16T08:08:00Z
1532,1y5g9KS8dGm9MDKE,122WkN2Fz9mA3hfE,1.92108111,2019-04-23T01:54:00Z
1533,1tdNQa5ePjjY9dMK,1myL39jpsGfXAaRH,5.63853954,2019-04-23T10:07:00Z
1534,1dpaZX5GrgB1QB28,1aAHuEHLbe7DE9jy,0.2086446,2019-04-23T04:21:00Z
1535,1LGF8yTTgxqEp3mX,1GgUk1pE2xYWkEp1,4.13651126,2019-04-23T03:31:00Z
1536,1KB4sdPTyNYb4jRK,11CxF3hJ67djH9EQ,13.91194872,2019-04-23T19:42:00Z
1537,1ccgdQXiLLrhQ2QH,1tFUrLP6Vv7RWdva,2.5387395,2019-04-23T00:59:00Z
1538,1493T4n79LvMHtLx,1syBc5NTtNmk4btw,0.40711929,2019-04-23T09:48:00Z
1539,1heufH2Pg3iNawBs,1rQ6aDz23A2Wp9xk,8.52043564,2019-04-23T00:39:00Z
1540,1LroL5DaYgBum5fR,1h7Tn2rAKZpPs85i,10.59821233,2019-04-23T07:43:00Z
1541,1VhigAMVPspqh7MT,1PCqRRY5NvPrpdLc,8.20727452,2019-04-23T12:05:00Z
1542,1ZCxARPJNAYEpALP,3fEw71S93wM8AFCq,0.18778969,2019-04-23T06:44:00Z
1543,1td6fZydavhWrvD8,19T21f7VpjFJCyHi,11.31436655,2019-04-23T04:15:00Z
1544,1DUQpGNY5yCNs7U3,1a21yySbuwDuB3ks,8.65532001,2019-04-23T23:11:00Z
1545,1nXyxT2sQtKh3M2i,1yYJVJBhH82bZLsu,24.87044578,2019-04-23T10:43:00Z
1546,12L3GGbNeTTeMwrz,1NtyM4w2eJYmcELe,7.58428068,2019-04-23T20:46:00Z
1547,1ATbkij2UzPu93eY,1SPqMv4kPCPf6Mfn,9.73973256,2019-04-23T01:11:00Z
1548,188wH6iE31SEdx9j,17bvDWXiiiZPd1Tx,1.27832857,2019-04-23T12:49:00Z
1549,1XL17xz8K629NxW2,14Jd4ekZxoBJR4vJ,12.12793105,2019-04-23T20:57:00Z
1550,11CxF3hJ67djH9EQ,1iABwSrL7rbezk5N,1.89215173,2019-04-23T15:03:00Z
1551,14UGXj9yALWG5945,13Pae9eivfoz8oAv,8.21039489,2019-04-23T10:09:00Z
1552,1Rbpeq3vVvvgJjUo,17bvDWXiiiZPd1Tx,7.29325825,2019-04-23T07:08:00Z
1553,1rgNxjB9oN2TJDev,1XTXyNWwC6qJPofe,8.73030351,2019-04-23T18:11:00Z
1554,1pboE89Tw179ao8E,13V81CAdqreV7Zgv,4.08644091,2019-04-23T00:35:00Z
1555,1rxtaX3BLLRUwH2P,1KG3E9XzsSQhjUqw,4.04864129,2019-04-23T14:08:00Z
1556,1t5yy1psMdPdo33v,1wUaHVe7NRc8Xoa9,1.49650675,2019-04-23T00:34:00Z
1557,1pboE89Tw179ao8E,1BEmM3Ddv4o9jY9f,7.80444167,2019-04-23T20:28:00Z
1558,1npjBuCQ8DHY1vGP,1FCwKXNELWCLUa7F,3.4951358,2019-04-23T04:22:00Z
1559,17PXXmDZ8EYKP5DJ,1hmDDQnZd3fwKFds,2.46543976,2019-04-23T07:05:00Z
1560,1CJCQ76bYE1bU6XP,3bBqbQivvMVbDbZj,4.8877058,2019-04-23T12:20:00Z
1561,1YTKJrW55hcdQmNJ,1LWBZk28j3vPRqMk,5.21033845,2019-04-23T12:34:00Z
1562,1zBxZBxG5FA8wyHv,1CWzKN6dnGwkNwwL,1.01690361,2019-04-23T16:15:00Z
1563,11Xc93NZ4ssVE5XJ,1UCSnMk7TCn7w32v,7.98253138,2019-04-23T22:01:00Z
1564,1gJ4ncA1edARWrbB,1PeQ5DWwDRyaFsUH,5.2715115,2019-04-23T16:49:00Z
1565,18rd9ES2jc2qTb7b,1wA9JQv5bBoHTNkX,9.55189072,2019-04-23T20:43:00Z
1566,1uCqxAp713f1gSic,3M239b5DEVh1NKFV,1.21770226,2019-04-23T23:39:00Z
1567,1Lm7CruzxRwQnb15,1L5CGrSA9Jc9jfD4,13.24889344,2019-04-23T21:51:00Z
1568,1UCSnMk7TCn7w32v,1YB137ChL817hoh2,3.27217033,2019-04-23T03:36:00Z
1569,1WDuTzvPch7rmU1X,1YFVeahnYSW64Tmn,6.99183012,2019-04-23T17:14:00Z
1570,12bchPVYsFo4gYGV,1r7RxwaKdSRLiBNu,11.21499744,2019-04-23T08:14:00Z
1571,1NZ3GAtqtJP25yF4,1kBAW4GbqXKcv5xo,13.35811406,2019-04-23T03:01:00Z
1572,1D491Zgk2Y8bMKwZ,3TwobS8w1RnXNQzC,3.25734406,2019-04-23T17:31:00Z
1573,1VYtDDv1ahbdRdfF,17PXXmDZ8EYKP5DJ,12.3880911,2019-04-23T17:59:00Z
1574,1Qztqa7TeMpLNfG2,1VE4TNuRzEnLZSHa,4.62021294,2019-04-23T15:10:00Z
1575,1Lm7CruzxRwQnb15,16vgu1XxbXQedo5J,4.9448896,2019-04-23T14:17:00Z
1576,1RJ5vK1m5XkFXC4p,1x3oJrxeU5vzaB1i,4.50539214,2019-04-23T07:24:00Z
1577,1y5g9KS8dGm9MDKE,1VcAx2NyFCi7pmc8,8.13873919,2019-04-23T10:56:00Z
1578,1bMrs8HxrWzH491H,1gQ2G56Eq5L3bQb3,1.46898432,2019-04-23T12:38:00Z
1579,1jSNxV48v1Z1p2ux,1TZFKKsBA219W6qT,7.37244665,2019-04-23T05:25:00Z
1580,1VcAx2NyFCi7pmc8,1F96QJxaM4UdvE9t,1.95407775,2019-04-23T11:05:00Z
1581,1MNWx7D4QRUUiG1c,1BxVvVSPBAfjHad1,4.63723834,2019-04-23T14:43:00Z
1582,1T79Rac8NFGHhECF,17HJUzK5vEjDaUCH,2.71442861,2019-04-23T02:25:00Z
1583,1BbEZgaTPALXoQhj,1iABwSrL7rbezk5N,4.99900975,2019-04-23T22:25:00Z
1584,1L94V1WA3RLHpswz,17DAc2BTkRYYtkeJ,11.13897251,2019-04-23T03:35:00Z
1585,194bpAfnGGE5D119,1C7CVivZBxG9sRpZ,8.20520747,2019-04-23T05:35:00Z
1586,1sXKD77J9MWK6vBR,1CJCQ76bYE1bU6XP,12.58736181,2019-04-23T18:25:00Z
1587,1DUQpGNY5yCNs7U3,1Cm493HpDrKek14f,4.79313671,2019-04-23T18:20:00Z
1588,1PWnXwLJN2cp18zN,1Q1Jx1FnagZcJ3Lo,8.70157323,2019-04-23T03:41:00Z
1589,1TmvfsTenGCM6p5i,13Pae9eivfoz8oAv,10.78299297,2019-04-23T14:05:00Z
1590,1LWBZk28j3vPRqMk,11BXeo4xAVEdmfkD,7.38206163,2019-04-23T07:00:00Z
1591,1WK83Xqamhw4HmCY,1wqoMruVZjrAqRw2,0.67759852,2019-04-23T07:33:00Z
1592,122WkN2Fz9mA3hfE,1SvBuqRbpsFXezAx,1.51830559,2019-04-23T09:38:00Z
1593,199fN4m51aLgVqHd,1hEbUwMWUEfaJYzB,3.44921745,2019-04-23T17:28:00Z
1594,1PfW4rmw4VwCruo4,1vMRWSipQWE9JQGM,9.552651,2019-04-23T22:02:00Z
1595,1qk7RWE4ULArRrq7,1qczkoAMQzbTPCNY,0.96067552,2019-04-23T16:00:00Z
1596,1F6WecCRkeQ7hcPK,1jSNxV48v1Z1p2ux,4.33399602,2019-04-23T04:09:00Z
1597,1mbwTWMeUgzSPG57,1HQxjBP2SAxwdW4R,14.34481461,2019-04-23T14:42:00Z
1598,1TZFKKsBA219W6qT,1RJ5vK1m5XkFXC4p,3.45209751,2019-04-23T19:08:00Z
1599,1Xy8nHgM47i6FHQP,11YDkk59nLowFrWC,1.1303316,2019-04-23T16:07:00Z
1600,1VE4TNuRzEnLZSHa,16vgu1XxbXQedo5J,4.59696871,2019-04-23T08:04:00Z
1601,1xGdcKsU3QqEKzwT,1Fd1eaAEp2SQCLn4,0.41570689,2019-04-23T13:17:00Z
1602,1SVP4oHqRKN4e6DR,1HQxjBP2SAxwdW4R,4.72686668,2019-04-23T04:31:00Z
1603,1VcAx2NyFCi7pmc8,18UGxBHYepxtgc8b,2.35481948,2019-04-23T21:35:00Z
1604,16wAiLkpMMuJMaY5,1C1c9NfjmUH4i56s,14.81625411,2019-04-23T10:35:00Z
1605,1Lq6JbQon9FD4mXf,12prQfyBwRwiQ7xN,1.84372079,2019-04-23T13:05:00Z
1606,1nNWnTqffNRmJgUQ,1DUQpGNY5yCNs7U3,0.50185269,2019-04-23T19:53:00Z
1607,1968pTj3QcDShL9b,1LWBZk28j3vPRqMk,5.05083204,2019-04-23T03:36:00Z
1608,1qk7RWE4ULArRrq7,17HJUzK5vEjDaUCH,6.23559787,2019-04-23T07:58:00Z
1609,1TmvfsTenGCM6p5i,14pdSn19wptXxmSw,3.04344106,2019-04-23T16:54:00Z
1610,1NtyM4w2eJYmcELe,16wAiLkpMMuJMaY5,13.41145029,2019-04-23T20:08:00Z
1611,1dpaZX5GrgB1QB28,148GPMKH7QD8tYb7,11.66269001,2019-04-23T12:47:00Z
1612,1K7eheH3GX8RU456,1wU5UrH5NZ3FH341,12.1721391,2019-04-23T13:20:00Z
1613,18YLNiWgsug4AxXb,1KdwGgoD17CcZRwZ,1.02130029,2019-04-23T22:01:00Z
1614,1sXKD77J9MWK6vBR,31A6EQ7oSqhieQBM,12.95785595,2019-04-23T00:42:00Z
1615,1FCwKXNELWCLUa7F,1PeQ5DWwDRyaFsUH,6.14096798,2019-04-23T18:43:00Z
1616,1bMrs8HxrWzH491H,1G2ycmVfbfgvvvF5,6.30527385,2019-04-23T12:16:00Z
1617,1CWzKN6dnGwkNwwL,1TN5qzi3ueRYX3S1,0.6324316,2019-04-23T00:41:00Z
1618,1Vb3yoA1UuHwoAGS,1hEbUwMWUEfaJYzB,0.29434613,2019-04-23T12:41:00Z
1619,1MPX9humnLRCZmdo,1xQoyBVqB2NVFzkj,2.05845611,2019-04-23T18:22:00Z
1620,1Ze691FgqxPp3PhR,1tFUrLP6Vv7RWdva,5.08814731,2019-04-23T01:08:00Z
1621,1G2ycmVfbfgvvvF5,1LsRJxSoNRTqwb48,0.80276727,2019-04-23T14:17:00Z
1622,14pdSn19wptXxmSw,1qk7RWE4ULArRrq7,11.55563243,2019-04-23T22:21:00Z
1623,18orPehj2oQLcE2H,1BxVvVSPBAfjHad1,9.64676672,2019-04-23T00:56:00Z
1624,1tQGNHthD2YaTMxB,1P5LZ9pox9y37PvG,1.54373876,2019-04-23T23:05:00Z
1625,1VECp2Uvcq4JEsEv,19T21f7VpjFJCyHi,12.90618852,2019-04-23T12:11:00Z
1626,1Vb3yoA1UuHwoAGS,1gYcAvNY55KkGMRy,0.25338711,2019-04-23T15:51:00Z
1627,1dpaZX5GrgB1QB28,1E63uVpmLe4AMj6V,4.58475506,2019-04-23T18:48:00Z
1628,1s4DKiNkzLNKvebH,1hEbUwMWUEfaJYzB,12.8968179,2019-04-23T03:56:00Z
1629,1JwrHM2qHoXKX53t,1UQRKVhaaiBykuHQ,1.46480041,2019-04-23T19:23:00Z
1630,1QX95PQkfufvsd76,1DmWR8LTWHCE4mJa,9.15823556,2019-04-23T10:38:00Z
1631,1yQ8zfL35VnatKho,12cBPqD9dN948L6R,1.15936241,2019-04-23T12:49:00Z
1632,1PfW4rmw4VwCruo4,1dNHdTLMNXDJ6XCm,7.3516318,2019-04-23T13:25:00Z
1633,1BbEZgaTPALXoQhj,1hnHy81d6mhKtPwf,2.24824922,2019-04-23T23:52:00Z
1634,14ArkDK15E15KjBS,1BdPFKagrNfN8TyZ,8.92093979,2019-04-30T08:36:00Z
1635,1DNgwGvVTzNpDGop,1KMk4962MsDuK7b2,10.47651358,2019-04-30T18:14:00Z
1636,13X4eqxD5uQA1X5Y,176RurrR4vviP3HT,6.55976535,2019-04-30T18:50:00Z
1637,1dNHdTLMNXDJ6XCm,1G2ycmVfbfgvvvF5,1.94153137,2019-04-30T11:15:00Z
1638,1NCyyQsgcY76GjJ5,1Pk225k3bpwmpgof,5.05318089,2019-04-30T01:05:00Z
1639,13BHTAnXc77gk9xm,1DmWR8LTWHCE4mJa,9.79237844,2019-04-30T06:55:00Z
1640,11eYHFj3K6Q4neLR,1dBnZM2ZKr3V44Li,0.73698128,2019-04-30T16:46:00Z
1641,1b4cwTnfNcWn9zz2,1tQGNHthD2YaTMxB,1.95286825,2019-04-30T11:59:00Z
1642,1LrrxBcvrigRP7PP,1G8LrcvWxHvwBNPr,11.94019698,2019-04-30T15:23:00Z
1643,1bQPxmPLdN1ddTT1,1YEs9MfeR9TTJ7HL,12.59547114,2019-04-30T09:39:00Z
1644,176ruzWkbVip1SUr,1qoBFvYFCweu3FUZ,3.11603355,2019-04-30T01:04:00Z
1645,1XkuXBH7JyiCRNsp,1CJCQ76bYE1bU6XP,2.96083817,2019-04-30T09:48:00Z
1646,1GBqzXwG9BkMXDFf,1g3R7XEtJcxkCRjp,8.75825302,2019-04-30T20:38:00Z
1647,1Fd1eaAEp2SQCLn4,1eHdD9CmutfkiTPf,9.11895548,2019-04-30T00:33:00Z
1648,1ofRenewZhVKtP4Z,1ZZTRazEHBH3R5Qz,6.28967257,2019-04-30T07:27:00Z
1649,11YDkk59nLowFrWC,1QBKaXJNEFgNPPdB,10.92108685,2019-04-30T13:14:00Z
1650,1NZ3GAtqtJP25yF4,1CZXtBWYzRfRFfNd,2.82727752,2019-04-30T10:48:00Z
1651,1g3R7XEtJcxkCRjp,1H38vMgDepmZHMxt,13.56825811,2019-04-30T01:50:00Z
1652,1XNMrCC1GkssGbtP,1f1KVJ1HD7WNNpqY,14.13831408,2019-04-30T12:44:00Z
1653,1b4cwTnfNcWn9zz2,1wQAavS7pKydFTtq,7.75042739,2019-04-30T23:51:00Z
1654,18a2q1L9WCa1KKkT,1gQ2G56Eq5L3bQb3,2.73787663,2019-04-30T03:08:00Z
1655,1aAHuEHLbe7DE9jy,1CBKUFsVDi3KMaRb,14.62481096,2019-04-30T20:51:00Z
1656,1WDuTzvPch7rmU1X,1RLBV7h2XHH7fnof,1.10572871,2019-04-30T19:13:00Z
1657,1rWJ2i7CyHU2Ns4m,18xU1Uod8DEj59Q5,7.4421469,2019-04-30T23:49:00Z
1658,1CJCQ76bYE1bU6XP,1wjB3BRssDb8BhZ2,3.44436337,2019-04-30T13:24:00Z
1659,1wUaHVe7NRc8Xoa9,1nNWnTqffNRmJgUQ,2.94314484,2019-04-30T09:35:00Z
1660,1JwrHM2qHoXKX53t,1Rbpeq3vVvvgJjUo,11.45530889,2019-04-30T18:48:00Z
1661,1vPzykFZ81JA7fEP,1wjB3BRssDb8BhZ2,12.7247969,2019-04-30T01:36:00Z
1662,1HQxjBP2SAxwdW4R,176ruzWkbVip1SUr,2.41047203,2019-04-30T10:01:00Z
1663,1SVP4oHqRKN4e6DR,17Gy8pc9sKyMbPcs,3.31642671,2019-04-30T21:15:00Z
1664,1f9v43Xk1s68FSiu,14ArkDK15E15KjBS,13.39541865,2019-04-30T16:38:00Z
1665,1sQnDPLJ6nx1gzYK,1td6fZydavhWrvD8,13.9941778,2019-04-30T19:41:00Z
1666,1E2CNBHMFsFKTAUL,3yPiVMh5dp8KPR9t,13.61558592,2019-04-30T16:13:00Z
1667,1Ya477bembmPDC5e,1HE5A9X4VFRvs69Q,7.10076137,2019-04-30T07:43:00Z
1668,1g36umfR2kiGj276,1rW19tXCvifK49fv,5.16991199,2019-04-30T19:51:00Z
1669,1WKBC1BaA9puhK8J,1c8eacFH4WH2tJia,9.18439043,2019-04-30T05:20:00Z
1670,1sq9w7hH5aJBpW63,1K5tPoKFBRutRkmN,7.36286905,2019-04-30T04:40:00Z
1671,1N8wjBELrLKHbMA1,1y7WwKtqszVBcS2C,0.31454304,2019-04-30T07:29:00Z
1672,1g3R7XEtJcxkCRjp,1g3R7XEtJcxkCRjp,4.03864134,2019-04-30T16:38:00Z
1673,1bMADFnNRNjk26ri,19FAKT2N5LniVr2M,7.67282449,2019-04-30T11:19:00Z
1674,1DT5XE2pRiJmX718,1SVP4oHqRKN4e6DR,0.63246836,2019-04-30T00:27:00Z
1675,1uCzs2DS7L4tawtB,1Ze691FgqxPp3PhR,9.1266692,2019-04-30T00:43:00Z
1676,19FAKT2N5LniVr2M,11eYHFj3K6Q4neLR,9.23225577,2019-04-30T16:40:00Z
1677,1xQoyBVqB2NVFzkj,15Ha2CawZG7cHxRA,13.82003293,2019-04-30T16:36:00Z
1678,1pboE89Tw179ao8E,1QX95PQkfufvsd76,13.02658665,2019-04-30T17:19:00Z
1679,1rQ6aDz23A2Wp9xk,188wH6iE31SEdx9j,0.63277707,2019-04-30T12:18:00Z
1680,1rgNxjB9oN2TJDev,1YEs9MfeR9TTJ7HL,4.02671187,2019-04-30T13:39:00Z
1681,1X8REorWWbZsKkTP,1AfUZmao8Q8K5CcP,0.51884046,2019-04-30T19:39:00Z
1682,176RurrR4vviP3HT,19ZQn5nvoG39PhES,10.70277155,2019-04-30T21:42:00Z
1683,1w4DDT88jkdvqU1H,1KpZXFFbQHyshdBR,1.51430097,2019-04-30T06:09:00Z
1684,1AfUZmao8Q8K5CcP,1YFVeahnYSW64Tmn,6.04973972,2019-04-30T18:35:00Z
1685,1wXB1erZ6bdzRkrJ,1syBc5NTtNmk4btw,12.01229358,2019-04-30T21:16:00Z
1686,1ceWLubskVDrfKnA,17H7LwyNAdSmBgAk,23.77967929,2019-04-30T12:18:00Z
1687,1EzihFiUPDcFgs16,1trNjrZ7qc9pAyJg,4.66663511,2019-04-30T19:48:00Z
1688,1MyWQKq1M8cFTixK,1h9mEfenzJbW4gNk,5.80437741,2019-04-30T05:56:00Z
1689,1HSG21KF9DsV9h8v,1nKySGyDHiESYSt9,2.89954776,2019-04-30T21:17:00Z
1690,1PCqRRY5NvPrpdLc,13JKYzr7aCwCAYiy,6.87478351,2019-04-30T03:11:00Z
1691,1pboE89Tw179ao8E,1MyWQKq1M8cFTixK,1.65458469,2019-04-30T16:50:00Z
1692,1TySac9ASAqUD12T,1ofRenewZhVKtP4Z,2.09267166,2019-04-30T22:44:00Z
1693,1Gv16bv4MT4KMMjK,31nV2DrVWAFeyqYT,3.78422797,2019-04-30T09:19:00Z
1694,1ZZTRazEHBH3R5Qz,1YB137ChL817hoh2,5.00443673,2019-04-30T09:20:00Z
1695,1Ywg7Q775xiv9GrR,1wXB1erZ6bdzRkrJ,7.02735258,2019-04-30T12:30:00Z
1696,1BbEZgaTPALXoQhj,1QBKaXJNEFgNPPdB,3.34018254,2019-04-30T20:09:00Z
1697,1CJCQ76bYE1bU6XP,1r7RxwaKdSRLiBNu,0.88599347,2019-04-30T02:07:00Z
1698,1RJ5vK1m5XkFXC4p,3Cy58imRd5rntwwS,0.53048842,2019-04-30T17:10:00Z
1699,1UcQanrs8E9bF3fU,1c7MqcajSaoyQvuo,4.40425721,2019-04-30T14:52:00Z
1700,1WKBC1BaA9puhK8J,1tdNQa5ePjjY9dMK,9.80222903,2019-04-30T13:14:00Z
1701,1Uhd4wi7qyD77d5D,1uJnJUziXWCaq5fA,3.31159556,2019-04-30T07:55:00Z
1702,1ywSCFxbMby3WYFs,12HFq7AZAMcJEnpD,9.5263125,2019-04-30T03:22:00Z
1703,1H9EzdacNFBExDbt,1mA26temRswXwWt5,7.42733552,2019-04-30T17:14:00Z
1704,1gQ2G56Eq5L3bQb3,3Y8vT7ASAd4qeB7t,2.27881145,2019-04-30T15:29:00Z
1705,13e5rMp8T3rKpF5m,1wjB3BRssDb8BhZ2,2.43469839,2019-04-30T15:32:00Z
1706,11MU3s8mo2Wv4mP4,1sdn3PZWak3MKjxE,2.60044434,2019-04-30T16:47:00Z
1707,11wfm6GjN3FT3jPu,1g3R7XEtJcxkCRjp,9.71694493,2019-04-30T01:39:00Z
1708,1f1KVJ1HD7WNNpqY,1YFVeahnYSW64Tmn,3.94198256,2019-04-30T17:54:00Z
1709,1gYcAvNY55KkGMRy,1b66vZr5A7ByxDCX,6.948031,2019-04-30T03:59:00Z
1710,1P2hrV8V5G8xNiob,1XkuXBH7JyiCRNsp,4.98745917,2019-04-30T11:47:00Z
1711,1WB9gmep4jiq2aFh,1Vb3yoA1UuHwoAGS,4.37645866,2019-04-30T18:50:00Z
1712,1PobkGAcsDthod5q,1ehP4kraCyfDdin8,9.12139242,2019-04-30T10:31:00Z
1713,1N1GanX4r3fBWAZQ,3bBqbQivvMVbDbZj,4.62252238,2019-04-30T12:01:00Z
1714,1mPgySB6nNp4NtTA,1CiKTHZmnrv53NdE,9.35085122,2019-04-30T18:54:00Z
1715,1ccgdQXiLLrhQ2QH,1PgSmZRijboCzfp3,5.47300127,2019-04-30T22:21:00Z
1716,1H9EzdacNFBExDbt,1CZXtBWYzRfRFfNd,10.13844615,2019-04-30T23:56:00Z
1717,1RJ5vK1m5XkFXC4p,1SVP4oHqRKN4e6DR,3.32499961,2019-04-30T06:21:00Z
1718,1sXKD77J9MWK6vBR,1JJCDTwoAFteK613,6.62902747,2019-04-30T21:49:00Z
1719,13wQdZHUzQQMBPQa,1bosF2uXW2LbGfEb,7.71641993,2019-04-30T10:00:00Z
1720,1AfUZmao8Q8K5CcP,1BUmY8YHKCgu6N79,1.52983152,2019-04-30T18:42:00Z
1721,1VBEWwGrVxxDmH7H,3M239b5DEVh1NKFV,1.24029224,2019-04-30T01:50:00Z
1722,1UiBeQvQEtTj47qh,1oeTDN5HqCg3T7VM,10.07832439,2019-04-30T09:38:00Z
1723,1D491Zgk2Y8bMKwZ,1vPy17eombVGCr7m,1.69836916,2019-04-30T10:44:00Z
1724,13X4eqxD5uQA1X5Y,1hmDDQnZd3fwKFds,14.25698171,2019-04-30T17:42:00Z
1725,1YTKJrW55hcdQmNJ,1dgP5iYyNjEdjzJf,7.89856955,2019-04-30T23:18:00Z
1726,1HE5A9X4VFRvs69Q,1DT5XE2pRiJmX718,6.4958276,2019-04-30T22:10:00Z
1727,19FAKT2N5LniVr2M,1rywYxiEGmh1J5gg,5.85542072,2019-04-30T13:05:00Z
1728,1ry7u31iLPgEqmDF,1BCunKfeARTRXgPx,13.11091502,2019-04-30T21:51:00Z
1729,1BCunKfeARTRXgPx,18Pwu5LG5mY6GwN9,13.43224917,2019-04-30T01:53:00Z
1730,1KsiwuEHiEUovHeg,1dpaZX5GrgB1QB28,14.56861017,2019-04-30T14:05:00Z
1731,1Snda2Tdx776g9jV,1fJYDzKVrv6qvx3B,1.30687149,2019-04-30T01:06:00Z
1732,1ZZTRazEHBH3R5Qz,1h6Xw6p2BgV6aevF,6.06067804,2019-04-30T00:44:00Z
1733,1hG71VmozVr8hrU4,1umVrfVRkm1kAPC2,2.74712261,2019-04-30T16:45:00Z
1734,1fXRWFQkodYaJSn4,11CxF3hJ67djH9EQ,5.02176901,2019-04-30T08:50:00Z
1735,1SVP4oHqRKN4e6DR,3AZSyahATYfVAd1i,2.43878736,2019-04-30T04:35:00Z
1736,1AfUZmao8Q8K5CcP,16vgu1XxbXQedo5J,10.47151306,2019-05-07T07:25:00Z
1737,1L6ouHa3L2kuuBmY,1gJ4ncA1edARWrbB,7.75300625,2019-05-07T06:10:00Z
1738,12oqboLigEsKhqv4,1WNtMDRb4yNLn2nC,3.78080287,2019-05-07T11:53:00Z
1739,1iQanud375u25sc9,1qFjgSfPTQ1XSojB,5.69891665,2019-05-07T22:51:00Z
1740,1C1c9NfjmUH4i56s,1gYcAvNY55KkGMRy,3.80119606,2019-05-07T07:13:00Z
1741,1dneZ88JhxpgAgsD,1K3jQtjj7jPoH2T3,13.41328469,2019-05-07T13:23:00Z
1742,1X8REorWWbZsKkTP,1wA9JQv5bBoHTNkX,0.28377946,2019-05-07T05:23:00Z
1743,1CZXtBWYzRfRFfNd,1HSG21KF9DsV9h8v,7.92881962,2019-05-07T04:53:00Z
1744,1bosF2uXW2LbGfEb,1rQ6aDz23A2Wp9xk,1.45455979,2019-05-07T03:05:00Z
1745,1MyWQKq1M8cFTixK,1LrrxBcvrigRP7PP,0.6313321,2019-05-07T05:48:00Z
1746,1uJnJUziXWCaq5fA,1QBKaXJNEFgNPPdB,3.17738707,2019-05-07T14:41:00Z
1747,1f1KVJ1HD7WNNpqY,1bYmgRkXfXFc6ceB,4.37876924,2019-05-07T18:24:00Z
1748,1E63uVpmLe4AMj6V,1rWJ2i7CyHU2Ns4m,0.29379332,2019-05-07T16:41:00Z
1749,1D491Zgk2Y8bMKwZ,11YtRTFn1oSL3zXR,4.12485445,2019-05-07T20:34:00Z
1750,1hzugAi4qWHZLX4b,1ehP4kraCyfDdin8,2.74635336,2019-05-07T05:01:00Z
1751,1W2Z3WUV5mN1nmcH,1rgNxjB9oN2TJDev,5.11984203,2019-05-07T19:31:00Z
1752,13B2Q2Eg3888BFJv,1YRiDhGvwuLrmoBE,4.71382771,2019-05-07T09:17:00Z
1753,13Pae9eivfoz8oAv,1jmEHJTm62dP3wq9,8.43282523,2019-05-07T19:20:00Z
1754,1BEmM3Ddv4o9jY9f,3yPiVMh5dp8KPR9t,2.07767701,2019-05-07T15:16:00Z
1755,1QJkexwJrAv7AeMS,1RJ5vK1m5XkFXC4p,13.30833186,2019-05-07T10:09:00Z
1756,1eHdD9CmutfkiTPf,1WB9gmep4jiq2aFh,10.23217202,2019-05-07T21:48:00Z
1757,1ZLVtyB12dfemPpP,1sdn3PZWak3MKjxE,8.55300096,2019-05-07T00:26:00Z
1758,1bP5YXsxy97Q1Run,12L3GGbNeTTeMwrz,4.58128265,2019-05-07T15:37:00Z
1759,1oeTDN5HqCg3T7VM,1Ze691FgqxPp3PhR,14.69337027,2019-05-07T16:44:00Z
1760,1rWJ2i7CyHU2Ns4m,1jFU921ThTZqpEV3,2.51307102,2019-05-07T01:01:00Z
1761,1eHdD9CmutfkiTPf,1CxxWTdSD4DWGoAn,14.59363045,2019-05-07T00:28:00Z
1762,1ofRenewZhVKtP4Z,1PgSmZRijboCzfp3,6.50589985,2019-05-07T22:57:00Z
1763,1vPzykFZ81JA7fEP,1yCEH1ZvzKth2QMM,1.52125428,2019-05-07T20:55:00Z
1764,1bMrs8HxrWzH491H,17HJUzK5vEjDaUCH,10.36498462,2019-05-07T14:29:00Z
1765,1NBG1wdMMmkw2pSD,1trNjrZ7qc9pAyJg,3.65200102,2019-05-07T21:46:00Z
1766,1K5tPoKFBRutRkmN,1ccgdQXiLLrhQ2QH,0.27941755,2019-05-07T00:34:00Z
1767,1cKXYF2pg3VQZCCd,1JwrHM2qHoXKX53t,4.3079125,2019-05-07T08:36:00Z
1768,1TN5qzi3ueRYX3S1,1y9pJedRpkAis53A,13.87352522,2019-05-07T13:35:00Z
1769,1KG3E9XzsSQhjUqw,1PA3SuhtCjMMNEQV,7.23831617,2019-05-07T08:19:00Z
1770,1vPzykFZ81JA7fEP,1FE7n6nhVhpG36AG,3.8124336,2019-05-07T16:59:00Z
1771,1mTZ2KCk9vkDkx9m,1MPX9humnLRCZmdo,3.55153416,2019-05-07T01:59:00Z
1772,1qoBFvYFCweu3FUZ,1ETvKBaUPiin8YVz,14.70225424,2019-05-07T03:22:00Z
1773,1NoPtJnH1GNviQy9,1E63uVpmLe4AMj6V,3.61445482,2019-05-07T10:26:00Z
1774,13UkDZHj8FgGUDxb,3yPiVMh5dp8KPR9t,2.90545137,2019-05-07T10:19:00Z
1775,1xiYe9aH2odBg91N,1PWnXwLJN2cp18zN,1.03591733,2019-05-07T05:07:00Z
1776,1VE4TNuRzEnLZSHa,1w7PPqsKLwfwSnRo,4.19676067,2019-05-07T12:07:00Z
1777,1DvQ83XH8CAbgPcF,1HA1Nh2iuumeHNuv,35.75389119,2019-05-07T14:42:00Z
1778,1TN5qzi3ueRYX3S1,1DUQpGNY5yCNs7U3,6.32961177,2019-05-07T10:35:00Z
1779,1Ya477bembmPDC5e,1PfW4rmw4VwCruo4,0.33192322,2019-05-07T19:41:00Z
1780,1DEtNbkeByLEKrEN,1wA9JQv5bBoHTNkX,0.50453094,2019-05-07T08:15:00Z
1781,12HFq7AZAMcJEnpD,1y9pJedRpkAis53A,7.39559161,2019-05-07T02:25:00Z
1782,1QJkexwJrAv7AeMS,1ywSCFxbMby3WYFs,13.54800646,2019-05-07T15:47:00Z
1783,1mu4unH7AU6TwDq5,3AZSyahATYfVAd1i,1.25330327,2019-05-07T22:57:00Z
1784,1zo6VADjfWFtx3d1,13e5rMp8T3rKpF5m,14.30902646,2019-05-07T02:16:00Z
1785,1y5g9KS8dGm9MDKE,1jFU921ThTZqpEV3,2.15934406,2019-05-07T06:15:00Z
1786,1FFd83RpS3DcMbX3,1P2hrV8V5G8xNiob,10.21810053,2019-05-07T21:11:00Z
1787,1DT5XE2pRiJmX718,12tu3yoXAs5xf7FE,4.13883579,2019-05-07T08:11:00Z
1788,1X4qF1enzpoiWB8y,1MCX7JwBBHr7ogza,0.74473627,2019-05-07T03:45:00Z
1789,1xAP8fcDtF8bC1iz,18Pwu5LG5mY6GwN9,11.49340411,2019-05-07T05:55:00Z
1790,1jSNxV48v1Z1p2ux,1YB137ChL817hoh2,0.72234252,2019-05-07T08:24:00Z
1791,1BYnrH8VYnoVkfPa,1Ep6D28bJwQ9fhu2,1.09100294,2019-05-07T08:33:00Z
1792,1vPy17eombVGCr7m,1jjTKyMs1hK42t6r,9.91006487,2019-05-07T05:27:00Z
1793,1wRJF38GuNp6V9Ag,1GgUk1pE2xYWkEp1,14.18028339,2019-05-07T13:08:00Z
1794,1x3oJrxeU5vzaB1i,176bFA8cpA43nK9s,1.70053242,2019-05-07T07:11:00Z
1795,1Hn6EhDddRt6TuDW,18a2q1L9WCa1KKkT,1.36477123,2019-05-07T13:48:00Z
1796,1JRtUG5Lb9TR5ftT,1Xm28HBz8K7oS2Ps,10.55797451,2019-05-07T00:02:00Z
1797,1ZZTRazEHBH3R5Qz,1m9P6QGeT5XApSjF,10.61912729,2019-05-07T23:19:00Z
1798,1UcQanrs8E9bF3fU,1jSNxV48v1Z1p2ux,11.93919335,2019-05-07T21:12:00Z
1799,1VhigAMVPspqh7MT,3yPiVMh5dp8KPR9t,5.03842024,2019-05-07T01:59:00Z
1800,1zHdtY5BbP1Ydp4P,13wQdZHUzQQMBPQa,6.45036844,2019-05-07T13:00:00Z
1801,1LrrxBcvrigRP7PP,1kKA1dfnPdMxRYE6,12.80797267,2019-05-07T23:03:00Z
1802,12prQfyBwRwiQ7xN,16fqu7hnqB6r2Qr8,7.41998996,2019-05-07T05:24:00Z
1803,1RJ5vK1m5XkFXC4p,1BWFUE95QLowe2NQ,13.70558527,2019-05-07T16:54:00Z
1804,1DT5XE2pRiJmX718,1ENtKQwCYB1gQwwR,3.74736332,2019-05-07T19:41:00Z
1805,1NCyyQsgcY76GjJ5,1DNgwGvVTzNpDGop,12.26728965,2019-05-07T21:03:00Z
1806,199fN4m51aLgVqHd,17jC1Ei7B2LYpRju,13.35328428,2019-05-07T11:06:00Z
1807,1KRGS7Jo1z9Qj82v,1Gv16bv4MT4KMMjK,8.89368882,2019-05-07T09:44:00Z
1808,1d8edzTH8oYWX94B,1NKK8fSMtXB3KsAM,7.95364832,2019-05-07T23:21:00Z
1809,1Md93HRhPXR8xZQA,31u2kj2PUBoHKUe6,33.38252309,2019-05-07T23:55:00Z
1810,1LrrxBcvrigRP7PP,17HJUzK5vEjDaUCH,8.27848498,2019-05-07T20:50:00Z
1811,1P7QqLzF6JZ7hxuv,1ccgdQXiLLrhQ2QH,2.29668608,2019-05-07T14:42:00Z
1812,1duDD76PYqtoyNfz,12HFq7AZAMcJEnpD,3.4805536,2019-05-07T01:01:00Z
1813,1j85QkqiMZzNH7xc,1h6Xw6p2BgV6aevF,5.70310404,2019-05-07T00:03:00Z
1814,1umVrfVRkm1kAPC2,1wA9JQv5bBoHTNkX,9.36665224,2019-05-07T01:07:00Z
1815,1sXKD77J9MWK6vBR,1B4YuG7YNBtdrAtS,7.9781911,2019-05-07T20:39:00Z
1816,1j2k7sqBneFq8w3p,1wA9JQv5bBoHTNkX,0.88480631,2019-05-07T10:48:00Z
1817,1TxPGdCGUmsBP2ew,1rxtaX3BLLRUwH2P,3.18645522,2019-05-07T10:33:00Z
1818,1y4cfwPZLE6pHUxG,1HE5A9X4VFRvs69Q,3.15427096,2019-05-07T19:18:00Z
1819,13JKYzr7aCwCAYiy,1aJYLcVYbQnzu7Dj,1.01124638,2019-05-07T21:05:00Z
1820,1rQ6aDz23A2Wp9xk,15Ha2CawZG7cHxRA,3.69495072,2019-05-07T16:29:00Z
1821,1W1z6QA3tiZwBVWm,1Z23NF2em6mRjZK2,7.60607994,2019-05-07T22:52:00Z
1822,1MPX9humnLRCZmdo,1V25NM2bkpKdxp4K,1.48935232,2019-05-07T08:25:00Z
1823,1PWnXwLJN2cp18zN,1trNjrZ7qc9pAyJg,10.53636403,2019-05-07T17:59:00Z
1824,1vPzykFZ81JA7fEP,1FiNioNzpgymAubQ,4.45587995,2019-05-07T17:06:00Z
1825,1BCunKfeARTRXgPx,3M239b5DEVh1NKFV,1.87893907,2019-05-07T04:56:00Z
1826,1EzihFiUPDcFgs16,1aAHuEHLbe7DE9jy,2.76792244,2019-05-07T06:57:00Z
1827,1g36umfR2kiGj276,1wRJF38GuNp6V9Ag,3.97905531,2019-05-07T01:40:00Z
1828,1FiNioNzpgymAubQ,1Ze691FgqxPp3PhR,3.12311084,2019-05-07T07:04:00Z
1829,1K7eheH3GX8RU456,1xQoyBVqB2NVFzkj,3.67540373,2019-05-07T07:53:00Z
1830,1KpZXFFbQHyshdBR,1E63uVpmLe4AMj6V,12.4552885,2019-05-07T22:32:00Z
1831,1xQoyBVqB2NVFzkj,1uKFZfFbtPAnpXFy,5.3870757,2019-05-07T10:06:00Z
1832,1YRiDhGvwuLrmoBE,1WKBC1BaA9puhK8J,4.93478727,2019-05-07T20:32:00Z
1833,1uCqxAp713f1gSic,13e5rMp8T3rKpF5m,1.00748907,2019-05-07T20:11:00Z
1834,1R4s3ahHxYNoLUrc,1KdwGgoD17CcZRwZ,10.09823556,2019-05-07T19:34:00Z
1835,1uG6H4dHadXmE2Qy,1sXKD77J9MWK6vBR,6.45687338,2019-05-07T12:23:00Z
1836,1mLnNP22PCYCsPAH,1GHhYW9Y4jw73Wix,12.38802907,2019-05-07T15:27:00Z
1837,1kXDgP6AundZQ6pq,3bT1sZ43sAMEmTAs,40.28636985,2019-05-07T17:44:00Z
1838,1JAy28H4PHXK5XsQ,13V81CAdqreV7Zgv,3.41165724,2019-05-14T00:26:00Z
1839,1TZFKKsBA219W6qT,1G2ycmVfbfgvvvF5,10.89819733,2019-05-14T08:29:00Z
1840,1yTE3Q7kRdzyuaA9,1abgQKZ9i3rBKpXP,5.10498134,2019-05-14T17:15:00Z
1841,1HE5A9X4VFRvs69Q,1G2ycmVfbfgvvvF5,7.11482462,2019-05-14T06:00:00Z
1842,12nx1RT4Sau3D2aX,1KB4sdPTyNYb4jRK,12.86711026,2019-05-14T21:05:00Z
1843,1Snda2Tdx776g9jV,1VBEWwGrVxxDmH7H,7.3620027,2019-05-14T15:38:00Z
1844,1kTRDdcauBB9x9H7,3JNGSpTz4CW5hTzG,1.82811405,2019-05-14T10:26:00Z
1845,1Lm7CruzxRwQnb15,3JNGSpTz4CW5hTzG,4.70469334,2019-05-14T14:57:00Z
1846,1bP5YXsxy97Q1Run,1h7Tn2rAKZpPs85i,0.46935181,2019-05-14T23:36:00Z
1847,1cvbrWWvoinEVJD3,1V9JtnLJxgFSR6DX,4.55307974,2019-05-14T19:20:00Z
1848,13JKYzr7aCwCAYiy,1wA9JQv5bBoHTNkX,6.3724063,2019-05-14T10:44:00Z
1849,17Gy8pc9sKyMbPcs,1duDD76PYqtoyNfz,2.45918345,2019-05-14T02:47:00Z
1850,14Jd4ekZxoBJR4vJ,1968pTj3QcDShL9b,6.72564805,2019-05-14T06:24:00Z
1851,1WB9gmep4jiq2aFh,1L94V1WA3RLHpswz,8.22291177,2019-05-14T13:32:00Z
1852,1Fjwin5jGN8SXmxs,13B2Q2Eg3888BFJv,8.10635531,2019-05-14T06:11:00Z
1853,1a21yySbuwDuB3ks,1x3oJrxeU5vzaB1i,12.87295168,2019-05-14T04:58:00Z
1854,1wjB3BRssDb8BhZ2,1h6Xw6p2BgV6aevF,1.88259865,2019-05-14T08:21:00Z
1855,1BEmM3Ddv4o9jY9f,1BbEZgaTPALXoQhj,4.39442192,2019-05-14T14:26:00Z
1856,1TN5qzi3ueRYX3S1,1jSNxV48v1Z1p2ux,6.0436511,2019-05-14T19:42:00Z
1857,1DA2zMwDA5txETci,1c7MqcajSaoyQvuo,2.22450788,2019-05-14T19:13:00Z
1858,1qVtaChQVzoQPqUC,17HJUzK5vEjDaUCH,9.27391415,2019-05-14T21:17:00Z
1859,1w4DDT88jkdvqU1H,15Ha2CawZG7cHxRA,2.1859518,2019-05-14T07:21:00Z
1860,1meGAB6rHQVuvab9,1e38S2dYsm1VGSsH,11.85205863,2019-05-14T22:50:00Z
1861,1DNgwGvVTzNpDGop,1YRiDhGvwuLrmoBE,4.21689941,2019-05-14T12:48:00Z
1862,176ruzWkbVip1SUr,3JNGSpTz4CW5hTzG,13.45219158,2019-05-14T15:47:00Z
1863,1NKK8fSMtXB3KsAM,1HQxjBP2SAxwdW4R,4.1865072,2019-05-14T09:17:00Z
1864,1sq9w7hH5aJBpW63,1uJnJUziXWCaq5fA,3.18742186,2019-05-14T07:56:00Z
1865,1Gv16bv4MT4KMMjK,1LsRJxSoNRTqwb48,6.73313689,2019-05-14T21:24:00Z
1866,1g36umfR2kiGj276,1YEs9MfeR9TTJ7HL,3.87459261,2019-05-14T23:47:00Z
1867,1MyWQKq1M8cFTixK,11XHsaRP5ueXM5Kg,13.84094542,2019-05-14T22:15:00Z
1868,1PobkGAcsDthod5q,1qXBAfygoKodh1X6,10.50022493,2019-05-14T06:18:00Z
1869,17bvDWXiiiZPd1Tx,1syBc5NTtNmk4btw,0.43258917,2019-05-14T23:24:00Z
1870,1EzihFiUPDcFgs16,1a2LgFdh5Fpt4KCF,11.15620966,2019-05-14T05:15:00Z
1871,15gKsnk9tjXMzGKy,3wyLJFqFLkmqeTeH,47.26772804,2019-05-14T15:45:00Z
1872,1rQ6aDz23A2Wp9xk,1uCqxAp713f1gSic,2.18737849,2019-05-14T12:35:00Z
1873,1hG71VmozVr8hrU4,11YtRTFn1oSL3zXR,10.96163983,2019-05-14T18:28:00Z
1874,1yQ8zfL35VnatKho,1j2k7sqBneFq8w3p,4.29839724,2019-05-14T05:09:00Z
1875,1ehP4kraCyfDdin8,148GPMKH7QD8tYb7,0.64552395,2019-05-14T00:44:00Z
1876,1mLnNP22PCYCsPAH,1NpApQNXEKfWoHD5,12.48694712,2019-05-14T00:39:00Z
1877,1gMpeFZyZMJMBcSU,1VECp2Uvcq4JEsEv,5.29263032,2019-05-14T21:24:00Z
1878,1dneZ88JhxpgAgsD,1Uhd4wi7qyD77d5D,1.89094928,2019-05-14T04:07:00Z
1879,1umVrfVRkm1kAPC2,1YB137ChL817hoh2,5.04552584,2019-05-14T14:46:00Z
1880,1FQBNMGgntQKst2f,1BdPFKagrNfN8TyZ,3.59399283,2019-05-14T15:16:00Z
1881,1TmvfsTenGCM6p5i,1X8REorWWbZsKkTP,2.48080247,2019-05-14T04:35:00Z
1882,1QBKaXJNEFgNPPdB,11eYHFj3K6Q4neLR,5.47014105,2019-05-14T02:13:00Z
1883,1rW19tXCvifK49fv,1xAP8fcDtF8bC1iz,5.3475582,2019-05-14T01:03:00Z
1884,1MNWx7D4QRUUiG1c,1j2k7sqBneFq8w3p,5.43866164,2019-05-14T06:39:00Z
1885,1DA2zMwDA5txETci,1R4s3ahHxYNoLUrc,12.10022944,2019-05-14T12:12:00Z
1886,1RiHFvhFHJHJR3se,3AZSyahATYfVAd1i,0.32194519,2019-05-14T04:47:00Z
1887,1y7WwKtqszVBcS2C,18xU1Uod8DEj59Q5,9.8197316,2019-05-14T05:09:00Z
1888,1BbEZgaTPALXoQhj,1CBKUFsVDi3KMaRb,3.68765398,2019-05-14T08:57:00Z
1889,1b66vZr5A7ByxDCX,1NrC6c3u98T6eW3k,2.31366342,2019-05-14T20:35:00Z
1890,1Jbzz4MaVG2UiRoC,1Q1Jx1FnagZcJ3Lo,5.03814749,2019-05-14T20:07:00Z
1891,17w7xcELBCspYHXA,1MoKYzCrCnCt4rmi,3.22408018,2019-05-14T05:57:00Z
1892,1BYnrH8VYnoVkfPa,1j2k7sqBneFq8w3p,3.25885611,2019-05-14T15:23:00Z
1893,1rW19tXCvifK49fv,11YtRTFn1oSL3zXR,14.09407023,2019-05-14T08:03:00Z
1894,1dpaZX5GrgB1QB28,1f1KVJ1HD7WNNpqY,10.52632395,2019-05-14T23:31:00Z
1895,12bchPVYsFo4gYGV,1R4s3ahHxYNoLUrc,9.60377411,2019-05-14T08:12:00Z
1896,1PgSmZRijboCzfp3,1D491Zgk2Y8bMKwZ,13.56148269,2019-05-14T06:12:00Z
1897,1cvbrWWvoinEVJD3,1NLyx6613EJJh4si,3.11180398,2019-05-14T09:40:00Z
1898,1mPgySB6nNp4NtTA,1BYnrH8VYnoVkfPa,1.71988998,2019-05-14T08:33:00Z
1899,1Ze691FgqxPp3PhR,1rm6mDrQQKSefJTJ,14.13032654,2019-05-14T12:41:00Z
1900,1RJ5vK1m5XkFXC4p,1bQPxmPLdN1ddTT1,2.41864074,2019-05-14T12:01:00Z
1901,1PobkGAcsDthod5q,1jZgVWJPAN8Qy6nv,14.09380951,2019-05-14T09:58:00Z
1902,1XNMrCC1GkssGbtP,1jFU921ThTZqpEV3,12.92437948,2019-05-14T06:32:00Z
1903,1K7eheH3GX8RU456,19jB7F5cM6eDJD96,4.73618253,2019-05-14T17:27:00Z
1904,1cKXYF2pg3VQZCCd,1PUBGf1cD2nJm8PN,2.70637239,2019-05-14T21:19:00Z
1905,17PXXmDZ8EYKP5DJ,1bYmgRkXfXFc6ceB,2.57829656,2019-05-14T15:59:00Z
1906,1BUmY8YHKCgu6N79,1FvEuPX26fgowXFR,10.228595,2019-05-14T05:11:00Z
1907,1JAYcmmQMYT8b8h3,1sFptmjCiyXHK7hD,2.73289075,2019-05-14T18:55:00Z
1908,1w4DDT88jkdvqU1H,3bBqbQivvMVbDbZj,3.61692165,2019-05-14T21:12:00Z
1909,15xv1QXa549BPLQB,1NBG1wdMMmkw2pSD,10.30208384,2019-05-14T19:23:00Z
1910,1Snda2Tdx776g9jV,1FiNioNzpgymAubQ,2.72010006,2019-05-14T00:11:00Z
1911,1ccgdQXiLLrhQ2QH,1qk7RWE4ULArRrq7,11.31573058,2019-05-14T23:28:00Z
1912,1NFvveM7rLnYRz6V,1ccgdQXiLLrhQ2QH,1.67864486,2019-05-14T19:25:00Z
1913,1Ep6D28bJwQ9fhu2,31nV2DrVWAFeyqYT,3.38912007,2019-05-14T18:21:00Z
1914,1BxVvVSPBAfjHad1,1JAy28H4PHXK5XsQ,13.33738166,2019-05-14T22:10:00Z
1915,1Z23NF2em6mRjZK2,14Jd4ekZxoBJR4vJ,10.6267098,2019-05-14T03:43:00Z
1916,17Gy8pc9sKyMbPcs,1aJYLcVYbQnzu7Dj,1.07238924,2019-05-14T20:08:00Z
1917,1XkuXBH7JyiCRNsp,1kBAW4GbqXKcv5xo,0.32519183,2019-05-14T07:12:00Z
1918,1MY9CbPCBhbaoJ4Y,1REcDPnDsWxZsc6t,11.95527912,2019-05-14T02:52:00Z
1919,17PXXmDZ8EYKP5DJ,19yUWzvb2G43tDF5,4.05227377,2019-05-14T06:39:00Z
1920,1BdPFKagrNfN8TyZ,1TGvPHyhPH9E8NoN,3.14500619,2019-05-14T20:01:00Z
1921,11rS7WKDdVLtmpG4,1TGvPHyhPH9E8NoN,14.45068329,2019-05-14T08:21:00Z
1922,1FE7n6nhVhpG36AG,12tu3yoXAs5xf7FE,7.45953471,2019-05-14T21:07:00Z
1923,1nKySGyDHiESYSt9,169kfoy2ms629N4R,9.45188447,2019-05-14T09:03:00Z
1924,1KKjwT6AeP3onKpi,176RurrR4vviP3HT,9.07489031,2019-05-14T08:41:00Z
1925,18Pwu5LG5mY6GwN9,18foFfVWmSCy51tw,1.13227864,2019-05-14T22:25:00Z
1926,1HqwZnXkAFzBsHq4,1ry7u31iLPgEqmDF,13.28554128,2019-05-14T06:29:00Z
1927,1aMQxxJmBNa1Yunj,1Uhd4wi7qyD77d5D,5.97680428,2019-05-14T17:52:00Z
1928,1qoBFvYFCweu3FUZ,1GgUk1pE2xYWkEp1,12.85538785,2019-05-14T17:29:00Z
1929,1AfUZmao8Q8K5CcP,1VE4TNuRzEnLZSHa,10.85371069,2019-05-14T16:19:00Z
1930,1VcAx2NyFCi7pmc8,3JNGSpTz4CW5hTzG,3.81577992,2019-05-14T04:04:00Z
1931,1CWzKN6dnGwkNwwL,1KRGS7Jo1z9Qj82v,1.43299587,2019-05-14T10:24:00Z
1932,1hEbUwMWUEfaJYzB,11YDkk59nLowFrWC,1.34582274,2019-05-14T14:16:00Z
1933,1NoPtJnH1GNviQy9,1S8dkAL66y1uN2Ji,7.88876338,2019-05-14T14:39:00Z
1934,13ScvgbDy3vhBYap,1piv4LTXoueAARJY,29.71951197,2019-05-14T07:27:00Z
1935,1w7PPqsKLwfwSnRo,1bP5YXsxy97Q1Run,11.71034244,2019-05-14T18:09:00Z
1936,1SPqMv4kPCPf6Mfn,1myL39jpsGfXAaRH,2.61009998,2019-05-14T12:02:00Z
1937,1c8eacFH4WH2tJia,3Y8vT7ASAd4qeB7t,11.67937404,2019-05-14T03:54:00Z
1938,1td6fZydavhWrvD8,1zHrLkCwGbTSiQL5,8.2322369,2019-05-14T13:38:00Z
1939,16vgu1XxbXQedo5J,1PobkGAcsDthod5q,3.95593056,2019-05-14T11:15:00Z
1940,1oszo1mWfFFYjxzp,1BdPFKagrNfN8TyZ,4.61782874,2019-05-21T15:10:00Z
1941,1NoPtJnH1GNviQy9,1XCTbHaM3HV8uAPU,3.88382373,2019-05-21T14:24:00Z
1942,1PWnXwLJN2cp18zN,1UcQanrs8E9bF3fU,11.22414806,2019-05-21T00:37:00Z
1943,1Nr6EZU6J1jaExxP,1tQGNHthD2YaTMxB,9.84548991,2019-05-21T12:20:00Z
1944,1BxVvVSPBAfjHad1,12HFq7AZAMcJEnpD,8.23687732,2019-05-21T10:08:00Z
1945,1t5yy1psMdPdo33v,17zMxo79qrrMS44q,6.95940147,2019-05-21T09:13:00Z
1946,122WkN2Fz9mA3hfE,1dBnZM2ZKr3V44Li,9.50116609,2019-05-21T19:48:00Z
1947,1KKjwT6AeP3onKpi,1ETvKBaUPiin8YVz,7.66419567,2019-05-21T12:58:00Z
1948,1FiNioNzpgymAubQ,1f2nkejfSgUYoEPm,2.66212231,2019-05-21T23:16:00Z
1949,19FAKT2N5LniVr2M,1TxPGdCGUmsBP2ew,0.22587141,2019-05-21T02:27:00Z
1950,1L94V1WA3RLHpswz,1PUvb5fpX622F1by,4.7377666,2019-05-21T15:27:00Z
1951,1EitxxxYaR5ynDrK,1BWFUE95QLowe2NQ,3.55219759,2019-05-21T20:39:00Z
1952,1Lq6JbQon9FD4mXf,1gJ4ncA1edARWrbB,14.94984267,2019-05-21T18:57:00Z
1953,18UGxBHYepxtgc8b,1sNZy4memEAoMyeB,11.23488533,2019-05-21T21:40:00Z
1954,1Rbpeq3vVvvgJjUo,1FFd83RpS3DcMbX3,11.614094,2019-05-21T02:26:00Z
1955,1kTRDdcauBB9x9H7,1KuoQAUCvpfgWZ11,0.38543967,2019-05-21T04:54:00Z
1956,1R4s3ahHxYNoLUrc,1YEs9MfeR9TTJ7HL,6.77511694,2019-05-21T00:46:00Z
1957,1wwNHorQoSkC6NxM,1uG6H4dHadXmE2Qy,8.79368981,2019-05-21T10:16:00Z
1958,1DUQpGNY5yCNs7U3,1ZY37tAH9aZ1ogBx,2.25348462,2019-05-21T14:40:00Z
1959,1nNWnTqffNRmJgUQ,1y4cfwPZLE6pHUxG,9.07995557,2019-05-21T20:17:00Z
1960,1gQ2G56Eq5L3bQb3,16vgu1XxbXQedo5J,2.07568295,2019-05-21T00:10:00Z
1961,1LrrxBcvrigRP7PP,1heufH2Pg3iNawBs,5.60098155,2019-05-21T07:13:00Z
1962,1umVrfVRkm1kAPC2,11YDkk59nLowFrWC,0.69046638,2019-05-21T15:11:00Z
1963,1NQ5KzpBCyTRmYeU,1WTUN6uCaG87dfRb,2.13470479,2019-05-21T17:58:00Z
1964,1FiNioNzpgymAubQ,1PCqRRY5NvPrpdLc,2.07434226,2019-05-21T20:49:00Z
1965,1wmitYd7XE38T2n5,1uKFZfFbtPAnpXFy,3.20409766,2019-05-21T13:43:00Z
1966,19FAKT2N5LniVr2M,17PXXmDZ8EYKP5DJ,7.91351886,2019-05-21T16:16:00Z
1967,1ZCxARPJNAYEpALP,1s4DKiNkzLNKvebH,4.43218615,2019-05-21T15:24:00Z
1968,1BEmM3Ddv4o9jY9f,1wU5UrH5NZ3FH341,7.8137243,2019-05-21T18:28:00Z
1969,1y9pJedRpkAis53A,1D491Zgk2Y8bMKwZ,7.44214284,2019-05-21T07:39:00Z
1970,1yQ8zfL35VnatKho,1wmitYd7XE38T2n5,11.91254138,2019-05-21T03:17:00Z
1971,1WB9gmep4jiq2aFh,1Q1Jx1FnagZcJ3Lo,3.03443944,2019-05-21T15:36:00Z
1972,1VECp2Uvcq4JEsEv,1KuoQAUCvpfgWZ11,11.38405569,2019-05-21T02:14:00Z
1973,18rd9ES2jc2qTb7b,1DMFiMv2VN2GJqkZ,8.44955685,2019-05-21T13:02:00Z
1974,1y5g9KS8dGm9MDKE,1GHhYW9Y4jw73Wix,12.35354777,2019-05-21T22:16:00Z
1975,1PEDHBz1wPsrxD1r,1zHdtY5BbP1Ydp4P,11.11187048,2019-05-21T16:57:00Z
1976,1H38vMgDepmZHMxt,17PXXmDZ8EYKP5DJ,1.43229622,2019-05-21T06:44:00Z
1977,1WK83Xqamhw4HmCY,1aish8o4qBwWJCLN,11.96938662,2019-05-21T16:13:00Z
1978,1b6KPEtESCymyBS1,1ZZTRazEHBH3R5Qz,4.03145483,2019-05-21T21:38:00Z
1979,1RJ5vK1m5XkFXC4p,1ywSCFxbMby3WYFs,4.89603756,2019-05-21T09:23:00Z
1980,1r7RxwaKdSRLiBNu,1r7RxwaKdSRLiBNu,10.42966258,2019-05-21T21:58:00Z
1981,1FFd83RpS3DcMbX3,1tFUrLP6Vv7RWdva,12.28240683,2019-05-21T00:12:00Z
1982,1PsDbVGdT9Mcyj9d,33YWCjBomCEfoFyz,10.28413902,2019-05-21T17:10:00Z
1983,1XCTbHaM3HV8uAPU,1sNZy4memEAoMyeB,6.17361078,2019-05-21T13:26:00Z
1984,1dNHdTLMNXDJ6XCm,1eBUMG9wz5BKbkx4,9.78023379,2019-05-21T03:32:00Z
1985,1LGF8yTTgxqEp3mX,1ymF7aBmDAnmTR9Y,7.72771988,2019-05-21T21:19:00Z
1986,19jB7F5cM6eDJD96,1LpLMQhdQxMc6q5G,0.9077046,2019-05-21T12:13:00Z
1987,1TZFKKsBA219W6qT,1X8REorWWbZsKkTP,4.06773683,2019-05-21T16:23:00Z
1988,1sPNuStJDpGtFncE,1QbYqZCBLH3uZvug,7.61484775,2019-05-21T12:13:00Z
1989,1PgSmZRijboCzfp3,14vbKu8RUhoJiuZz,13.55175186,2019-05-21T13:54:00Z
1990,1jSNxV48v1Z1p2ux,1oszo1mWfFFYjxzp,8.35152306,2019-05-21T12:20:00Z
1991,1TmvfsTenGCM6p5i,1G8LrcvWxHvwBNPr,1.95558485,2019-05-21T07:40:00Z
1992,1VBEWwGrVxxDmH7H,1a21yySbuwDuB3ks,13.25790135,2019-05-21T07:59:00Z
1993,1cc6EmB89iTQH8C3,1Snda2Tdx776g9jV,14.78735144,2019-05-21T19:35:00Z
1994,1K7iQ6QudDFxU198,1JAy28H4PHXK5XsQ,8.01178427,2019-05-21T02:03:00Z
1995,1MCX7JwBBHr7ogza,1968pTj3QcDShL9b,0.22087274,2019-05-21T10:48:00Z
1996,1GmQPMiZarPGguMF,17mpLDmL5RLB7QqP,12.9742922,2019-05-21T21:16:00Z
1997,1uCqxAp713f1gSic,1xAP8fcDtF8bC1iz,11.46577859,2019-05-21T11:29:00Z
1998,1G8LrcvWxHvwBNPr,1CWzKN6dnGwkNwwL,7.20768781,2019-05-21T05:39:00Z
1999,1Pk225k3bpwmpgof,1mbwTWMeUgzSPG57,5.85584688,2019-05-21T10:03:00Z
2000,1LN1xcu2R45BkZzF,1m9P6QGeT5XApSjF,2.46945081,2019-05-21T00:47:00Z
2001,1JRtUG5Lb9TR5ftT,1abgQKZ9i3rBKpXP,4.78775812,2019-05-21T11:40:00Z
2002,1LXdKPV49UPsP3Mc,1BbEZgaTPALXoQhj,2.98366887,2019-05-21T22:07:00Z
2003,1uVhtcCtafuHSion,1sQnDPLJ6nx1gzYK,11.61371855,2019-05-21T03:03:00Z
2004,1bP5YXsxy97Q1Run,1y5g9KS8dGm9MDKE,1.72125687,2019-05-21T05:57:00Z
2005,1d8edzTH8oYWX94B,1NqoZi13GJHL1hFj,14.39352938,2019-05-21T07:46:00Z
2006,1YB137ChL817hoh2,1KbtWS8KUUYsPXCp,10.83021861,2019-05-21T07:05:00Z
2007,18rd9ES2jc2qTb7b,31u2kj2PUBoHKUe6,2.97800365,2019-05-21T13:01:00Z
2008,1oS85NnHsY7UabsF,1mu4unH7AU6TwDq5,3.99023055,2019-05-21T18:21:00Z
2009,1ZDwWzY9axKu7AJL,1TZFKKsBA219W6qT,6.388621,2019-05-21T00:09:00Z
2010,1NtyM4w2eJYmcELe,11BXeo4xAVEdmfkD,0.75300736,2019-05-21T15:48:00Z
2011,14Jd4ekZxoBJR4vJ,13V81CAdqreV7Zgv,4.42482653,2019-05-21T22:48:00Z
2012,1f9v43Xk1s68FSiu,1KB4sdPTyNYb4jRK,11.7934512,2019-05-21T13:37:00Z
2013,1tQGNHthD2YaTMxB,1ymF7aBmDAnmTR9Y,14.49798892,2019-05-21T01:11:00Z
2014,1b6KPEtESCymyBS1,1tQGNHthD2YaTMxB,11.83431188,2019-05-21T04:02:00Z
2015,1rm6mDrQQKSefJTJ,1Snda2Tdx776g9jV,7.12032977,2019-05-21T14:38:00Z
2016,1ofRenewZhVKtP4Z,1sXKD77J9MWK6vBR,14.73612696,2019-05-21T19:17:00Z
2017,1dpaZX5GrgB1QB28,1hG71VmozVr8hrU4,3.54867939,2019-05-21T09:47:00Z
2018,1rm6mDrQQKSefJTJ,1VE4TNuRzEnLZSHa,1.50052888,2019-05-21T12:19:00Z
2019,1ry7u31iLPgEqmDF,3bBqbQivvMVbDbZj,1.72926607,2019-05-21T20:26:00Z
2020,1nGU1dbHLQRRn5ZD,1Fjwin5jGN8SXmxs,3.9587813,2019-05-21T04:47:00Z
2021,1Zah9Cobj5DLP7dx,1KsiwuEHiEUovHeg,10.80408552,2019-05-21T19:19:00Z
2022,1meGAB6rHQVuvab9,1mbwTWMeUgzSPG57,9.99365993,2019-05-21T12:09:00Z
2023,1sdn3PZWak3MKjxE,11MU3s8mo2Wv4mP4,2.71641689,2019-05-21T15:40:00Z
2024,1hG71VmozVr8hrU4,1ofRenewZhVKtP4Z,2.25727797,2019-05-21T03:53:00Z
2025,1CBKUFsVDi3KMaRb,1sdn3PZWak3MKjxE,14.6422828,2019-05-21T08:05:00Z
2026,1gYcAvNY55KkGMRy,1968pTj3QcDShL9b,8.18825163,2019-05-21T01:51:00Z
2027,1d8edzTH8oYWX94B,1H1vThduW1sBngae,11.93348248,2019-05-21T02:42:00Z
2028,1qoBFvYFCweu3FUZ,1pVwey2KMhHHn8y1,11.85356841,2019-05-21T07:54:00Z
2029,1wUaHVe7NRc8Xoa9,1mRAifCi77m6vAxM,5.69059939,2019-05-21T20:16:00Z
2030,11MU3s8mo2Wv4mP4,1F96QJxaM4UdvE9t,13.92752584,2019-05-21T10:44:00Z
2031,15xv1QXa549BPLQB,1TySac9ASAqUD12T,14.0337624,2019-05-21T19:53:00Z
2032,1sVxLQ8462Q9kri7,1ENtKQwCYB1gQwwR,14.06645268,2019-05-21T06:16:00Z
2033,13e5rMp8T3rKpF5m,1BxVvVSPBAfjHad1,13.61380747,2019-05-21T17:35:00Z
2034,1GBqzXwG9BkMXDFf,1Gv16bv4MT4KMMjK,1.05974543,2019-05-21T16:24:00Z
2035,1KYrTSP42ExcvCAR,11XHsaRP5ueXM5Kg,5.59599933,2019-05-21T17:15:00Z
2036,1c7MqcajSaoyQvuo,1y5g9KS8dGm9MDKE,2.94818526,2019-05-21T13:19:00Z
2037,1QX95PQkfufvsd76,1ccgdQXiLLrhQ2QH,0.93883053,2019-05-21T03:38:00Z
2038,1qczkoAMQzbTPCNY,1TySac9ASAqUD12T,7.2434685,2019-05-21T13:24:00Z
2039,1ATbkij2UzPu93eY,1KKjwT6AeP3onKpi,9.44171118,2019-05-21T01:48:00Z
2040,19GRgUUEQCUDKfgA,1PsDbVGdT9Mcyj9d,13.26753808,2019-05-21T22:09:00Z
2041,1duDD76PYqtoyNfz,1bMADFnNRNjk26ri,4.18892789,2019-05-21T07:16:00Z
2042,1bMrs8HxrWzH491H,1DNgwGvVTzNpDGop,8.29325723,2019-05-28T16:34:00Z
2043,11Xc93NZ4ssVE5XJ,1wUaHVe7NRc8Xoa9,13.67143391,2019-05-28T00:07:00Z
2044,16wAiLkpMMuJMaY5,1Snda2Tdx776g9jV,5.21338272,2019-05-28T18:06:00Z
2045,1WKBC1BaA9puhK8J,1m9P6QGeT5XApSjF,0.44717719,2019-05-28T17:12:00Z
2046,1Aw9xEQ8dc8VVMNb,1GgUk1pE2xYWkEp1,3.12334278,2019-05-28T14:12:00Z
2047,14pdSn19wptXxmSw,1mRAifCi77m6vAxM,11.53435727,2019-05-28T15:24:00Z
2048,1wUaHVe7NRc8Xoa9,1V9JtnLJxgFSR6DX,0.93400678,2019-05-28T03:58:00Z
2049,1CiKTHZmnrv53NdE,1zHdtY5BbP1Ydp4P,14.2134454,2019-05-28T08:15:00Z
2050,1ESLD8zxDkmFhWpj,1DA2zMwDA5txETci,2.27298039,2019-05-28T13:48:00Z
2051,1H9EzdacNFBExDbt,1oeTDN5HqCg3T7VM,10.63209524,2019-05-28T17:48:00Z
2052,12L3GGbNeTTeMwrz,1vCG6VDUZY5CiWk7,14.91717073,2019-05-28T07:38:00Z
2053,1TN5qzi3ueRYX3S1,1tQGNHthD2YaTMxB,8.7036877,2019-05-28T19:53:00Z
2054,1XGwfNfKfw1Lc7DN,1ZCxARPJNAYEpALP,9.95772794,2019-05-28T03:23:00Z
2055,1WKBC1BaA9puhK8J,1sFptmjCiyXHK7hD,4.61158389,2019-05-28T05:48:00Z
2056,1FE7n6nhVhpG36AG,1j7HGp91XfhknJz4,1.00175407,2019-05-28T01:19:00Z
2057,1KYrTSP42ExcvCAR,1WNtMDRb4yNLn2nC,4.55175586,2019-05-28T03:08:00Z
2058,1sFptmjCiyXHK7hD,1cvbrWWvoinEVJD3,4.66228249,2019-05-28T11:22:00Z
2059,1VECp2Uvcq4JEsEv,1DorH1thto4NDxNT,1.33963605,2019-05-28T14:32:00Z
2060,1YTKJrW55hcdQmNJ,1xGdcKsU3QqEKzwT,14.06398168,2019-05-28T07:27:00Z
2061,1WTUN6uCaG87dfRb,1X8REorWWbZsKkTP,4.49425964,2019-05-28T23:20:00Z
2062,1BCunKfeARTRXgPx,1JB1hxGJQBRG5eVF,10.80844507,2019-05-28T23:09:00Z
2063,1TZFKKsBA219W6qT,1iABwSrL7rbezk5N,4.30950101,2019-05-28T06:19:00Z
2064,1p1NJnWPxnBetJ7E,14UGXj9yALWG5945,2.24537832,2019-05-28T16:29:00Z
2065,1oeTDN5HqCg3T7VM,1mbwTWMeUgzSPG57,4.55072786,2019-05-28T09:58:00Z
2066,1bP5YXsxy97Q1Run,1eHdD9CmutfkiTPf,6.10696304,2019-05-28T03:42:00Z
2067,1ENtKQwCYB1gQwwR,1G8LKvkxhhJegZN4,8.42607377,2019-05-28T21:57:00Z
2068,1fXRWFQkodYaJSn4,1ZZTRazEHBH3R5Qz,7.70546802,2019-05-28T01:00:00Z
2069,176bFA8cpA43nK9s,1w4DDT88jkdvqU1H,2.51718255,2019-05-28T14:46:00Z
2070,1cc6EmB89iTQH8C3,1RiHFvhFHJHJR3se,9.5178082,2019-05-28T05:35:00Z
2071,18xU1Uod8DEj59Q5,1TN5qzi3ueRYX3S1,13.5554205,2019-05-28T16:46:00Z
2072,1r7RxwaKdSRLiBNu,1Eym1qWeXf6gGZHK,1.24763108,2019-05-28T00:44:00Z
2073,1ZZTRazEHBH3R5Qz,1JB1hxGJQBRG5eVF,9.04203671,2019-05-28T23:30:00Z
2074,1XTXyNWwC6qJPofe,1BEmM3Ddv4o9jY9f,4.66432869,2019-05-28T02:20:00Z
2075,1493T4n79LvMHtLx,1WK83Xqamhw4HmCY,7.84966449,2019-05-28T04:53:00Z
2076,1trNjrZ7qc9pAyJg,3Cy58imRd5rntwwS,1.20015318,2019-05-28T06:41:00Z
2077,12cBPqD9dN948L6R,1LroL5DaYgBum5fR,5.80158339,2019-05-28T21:49:00Z
2078,1j85QkqiMZzNH7xc,1Bv2FekYLfDSQxso,9.31470726,2019-05-28T16:52:00Z
2079,17ajhF2m1FhKhpUJ,11Xc93NZ4ssVE5XJ,12.88524324,2019-05-28T00:50:00Z
2080,1sVxLQ8462Q9kri7,1qFjgSfPTQ1XSojB,6.71364916,2019-05-28T12:27:00Z
2081,1Aw9xEQ8dc8VVMNb,1UH8DBVPdF4Sm5Hh,7.121776,2019-05-28T16:48:00Z
2082,1LN1xcu2R45BkZzF,1NqoZi13GJHL1hFj,2.99765521,2019-05-28T01:47:00Z
2083,1heufH2Pg3iNawBs,1rWJ2i7CyHU2Ns4m,6.02203923,2019-05-28T13:48:00Z
2084,1Uhd4wi7qyD77d5D,3Cy58imRd5rntwwS,1.75108133,2019-05-28T10:14:00Z
2085,17Gy8pc9sKyMbPcs,3Y8vT7ASAd4qeB7t,0.05528281,2019-05-28T07:21:00Z
2086,1d8edzTH8oYWX94B,1BEmM3Ddv4o9jY9f,9.40767417,2019-05-28T09:00:00Z
2087,1uVhtcCtafuHSion,1MyaugtnNCwZurS1,1.36286331,2019-05-28T11:52:00Z
2088,12cBPqD9dN948L6R,1Hn6EhDddRt6TuDW,0.40005368,2019-05-28T11:22:00Z
2089,1rywYxiEGmh1J5gg,3bBqbQivvMVbDbZj,3.08009248,2019-05-28T04:38:00Z
2090,1TirB8QNsvB27LGc,1JAYcmmQMYT8b8h3,13.10368657,2019-05-28T23:09:00Z
2091,1MNWx7D4QRUUiG1c,1dpaZX5GrgB1QB28,0.36657423,2019-05-28T14:05:00Z
2092,1X8REorWWbZsKkTP,1WK83Xqamhw4HmCY,2.28067779,2019-05-28T22:07:00Z
2093,18foFfVWmSCy51tw,1bQPxmPLdN1ddTT1,7.64689033,2019-05-28T01:10:00Z
2094,1ZLVtyB12dfemPpP,1LrrxBcvrigRP7PP,0.64506557,2019-05-28T13:10:00Z
2095,1kTRDdcauBB9x9H7,3Y8vT7ASAd4qeB7t,4.13057104,2019-05-28T13:49:00Z
2096,13JKYzr7aCwCAYiy,1o6GH2muzvc7HAaY,1.97844106,2019-05-28T16:47:00Z
2097,19T21f7VpjFJCyHi,1RJ5vK1m5XkFXC4p,9.04831631,2019-05-28T18:03:00Z
2098,1XGwfNfKfw1Lc7DN,13wQdZHUzQQMBPQa,12.88018204,2019-05-28T22:44:00Z
2099,1tFUrLP6Vv7RWdva,3bBqbQivvMVbDbZj,2.62037296,2019-05-28T02:30:00Z
2100,1BWFUE95QLowe2NQ,1CJCQ76bYE1bU6XP,3.63520916,2019-05-28T09:15:00Z
2101,1REcDPnDsWxZsc6t,1p1NJnWPxnBetJ7E,14.56619815,2019-05-28T18:21:00Z
2102,1vCG6VDUZY5CiWk7,1NKK8fSMtXB3KsAM,14.05868836,2019-05-28T21:51:00Z
2103,1rm6mDrQQKSefJTJ,1FiNioNzpgymAubQ,4.85572514,2019-05-28T16:26:00Z
2104,1JAy28H4PHXK5XsQ,1aJYLcVYbQnzu7Dj,14.04690138,2019-05-28T21:57:00Z
2105,1iQanud375u25sc9,1sPNuStJDpGtFncE,14.46657316,2019-05-28T18:59:00Z
2106,1Z23NF2em6mRjZK2,1SVP4oHqRKN4e6DR,6.3603731,2019-05-28T01:49:00Z
2107,1BEmM3Ddv4o9jY9f,1W1zjR8SiDExk3CX,4.93232858,2019-05-28T08:08:00Z
2108,1uCqxAp713f1gSic,1YFVeahnYSW64Tmn,11.32323738,2019-05-28T05:03:00Z
2109,1TN5qzi3ueRYX3S1,1QJkexwJrAv7AeMS,4.58123804,2019-05-28T14:53:00Z
2110,1REcDPnDsWxZsc6t,1QX95PQkfufvsd76,0.25813714,2019-05-28T15:26:00Z
2111,1K7iQ6QudDFxU198,1Snda2Tdx776g9jV,14.26833342,2019-05-28T01:26:00Z
2112,1JAYcmmQMYT8b8h3,1NKK8fSMtXB3KsAM,7.48018758,2019-05-28T19:59:00Z
2113,1wUaHVe7NRc8Xoa9,1MFfMcX78QkPgPkH,4.27038699,2019-05-28T13:04:00Z
2114,1XTXyNWwC6qJPofe,1MY9CbPCBhbaoJ4Y,8.57679453,2019-05-28T20:30:00Z
2115,1K5tPoKFBRutRkmN,14ArkDK15E15KjBS,6.89696086,2019-05-28T10:37:00Z
2116,1wwNHorQoSkC6NxM,1h9mEfenzJbW4gNk,4.00374796,2019-05-28T18:48:00Z
2117,1Zah9Cobj5DLP7dx,18Pwu5LG5mY6GwN9,3.95188936,2019-05-28T08:27:00Z
2118,1gQ2G56Eq5L3bQb3,3AZSyahATYfVAd1i,0.05239643,2019-05-28T13:12:00Z
2119,12S1AvDrL5Mrj5ad,13B2Q2Eg3888BFJv,0.26081295,2019-05-28T07:08:00Z
2120,13wQdZHUzQQMBPQa,11BXeo4xAVEdmfkD,14.31665548,2019-05-28T01:27:00Z
2121,114219JPKvhccHHQ,1UQRKVhaaiBykuHQ,7.22192722,2019-05-28T14:36:00Z
2122,188wH6iE31SEdx9j,13UkDZHj8FgGUDxb,13.44227488,2019-05-28T10:19:00Z
2123,18oo53hohSLkGFP9,1FvEuPX26fgowXFR,6.83190157,2019-05-28T13:36:00Z
2124,1Nr6EZU6J1jaExxP,1H9EzdacNFBExDbt,1.67688447,2019-05-28T17:27:00Z
2125,1y4cfwPZLE6pHUxG,1KKjwT6AeP3onKpi,7.88015915,2019-05-28T09:58:00Z
2126,1JwrHM2qHoXKX53t,1JDQxwrCwhnrcNLH,4.84910037,2019-05-28T01:31:00Z
2127,1JwrHM2qHoXKX53t,1FQBNMGgntQKst2f,4.21265529,2019-05-28T18:52:00Z
2128,1h9mEfenzJbW4gNk,1xAP8fcDtF8bC1iz,2.72821469,2019-05-28T08:05:00Z
2129,122WkN2Fz9mA3hfE,19jB7F5cM6eDJD96,2.47069198,2019-05-28T12:59:00Z
2130,1BxVvVSPBAfjHad1,1Gv16bv4MT4KMMjK,1.04394931,2019-05-28T19:28:00Z
2131,1td6fZydavhWrvD8,1zqvW4J1tBVfodm1,6.59243416,2019-05-28T15:42:00Z
2132,1f2nkejfSgUYoEPm,17jKMwUrLoqVr6HG,3.02101979,2019-05-28T06:45:00Z
2133,1xAP8fcDtF8bC1iz,1wjB3BRssDb8BhZ2,9.09346494,2019-05-28T17:37:00Z
2134,1FvEuPX26fgowXFR,1sdn3PZWak3MKjxE,9.17534291,2019-05-28T21:13:00Z
2135,1ESLD8zxDkmFhWpj,19ZQn5nvoG39PhES,0.92590351,2019-05-28T02:32:00Z
2136,1JRtUG5Lb9TR5ftT,1eBUMG9wz5BKbkx4,5.66959182,2019-05-28T13:34:00Z
2137,13UkDZHj8FgGUDxb,1QbYqZCBLH3uZvug,3.92271894,2019-05-28T10:48:00Z
2138,1EzihFiUPDcFgs16,1XCTbHaM3HV8uAPU,14.52592418,2019-05-28T21:34:00Z
2139,15NBVGLtZxFXPYNJ,1NLyx6613EJJh4si,6.63787158,2019-05-28T17:22:00Z
2140,1ETvKBaUPiin8YVz,1d8edzTH8oYWX94B,5.82934931,2019-05-28T06:13:00Z
2141,1XGwfNfKfw1Lc7DN,1VE4TNuRzEnLZSHa,9.11932517,2019-05-28T20:57:00Z
2142,1WDuTzvPch7rmU1X,15Ha2CawZG7cHxRA,2.22448071,2019-05-28T20:16:00Z
2143,1QbYqZCBLH3uZvug,18a2q1L9WCa1KKkT,0.41524258,2019-05-28T08:18:00Z
2144,19ZQn5nvoG39PhES,1DT5XE2pRiJmX718,0.6091365,2019-06-04T08:07:00Z
2145,1C7CVivZBxG9sRpZ,1rm6mDrQQKSefJTJ,5.1981309,2019-06-04T14:16:00Z
2146,1NrC6c3u98T6eW3k,1y5g9KS8dGm9MDKE,0.66776144,2019-06-04T00:59:00Z
2147,1Lq6JbQon9FD4mXf,1PCqRRY5NvPrpdLc,4.21008935,2019-06-04T17:52:00Z
2148,1BxVvVSPBAfjHad1,1ZCxARPJNAYEpALP,8.35520747,2019-06-04T17:24:00Z
2149,1MCX7JwBBHr7ogza,3M239b5DEVh1NKFV,1.74274424,2019-06-04T21:47:00Z
2150,13JKYzr7aCwCAYiy,3bT1sZ43sAMEmTAs,0.32114104,2019-06-04T09:23:00Z
2151,1PsDbVGdT9Mcyj9d,199fN4m51aLgVqHd,4.87638416,2019-06-04T00:31:00Z
2152,176RurrR4vviP3HT,1F96QJxaM4UdvE9t,0.15490741,2019-06-04T15:10:00Z
2153,1DA2zMwDA5txETci,1Lm7CruzxRwQnb15,13.40822478,2019-06-04T23:17:00Z
2154,1KC4r3w6aUHF814W,3fEw71S93wM8AFCq,47.57141029,2019-06-04T17:55:00Z
2155,1sNZy4memEAoMyeB,1DMFiMv2VN2GJqkZ,10.57793318,2019-06-04T21:33:00Z
2156,1nGU1dbHLQRRn5ZD,1mbwTWMeUgzSPG57,14.51976076,2019-06-04T21:42:00Z
2157,11MU3s8mo2Wv4mP4,1p1NJnWPxnBetJ7E,11.01612994,2019-06-04T04:42:00Z
2158,1VBEWwGrVxxDmH7H,1LN1xcu2R45BkZzF,2.04694026,2019-06-04T05:49:00Z
2159,1FFd83RpS3DcMbX3,19FAKT2N5LniVr2M,3.22088747,2019-06-04T08:51:00Z
2160,1KB4sdPTyNYb4jRK,1PUvb5fpX622F1by,5.02315485,2019-06-04T14:20:00Z
2161,1RJ5vK1m5XkFXC4p,1UQRKVhaaiBykuHQ,10.58067086,2019-06-04T22:31:00Z
2162,1AfUZmao8Q8K5CcP,18oo53hohSLkGFP9,10.55995585,2019-06-04T12:04:00Z
2163,1X8REorWWbZsKkTP,1hG71VmozVr8hrU4,9.88742898,2019-06-04T17:12:00Z
2164,1L5CGrSA9Jc9jfD4,1BWFUE95QLowe2NQ,4.80711169,2019-06-04T21:20:00Z
2165,18rd9ES2jc2qTb7b,1DMFiMv2VN2GJqkZ,5.64899619,2019-06-04T06:58:00Z
2166,1DNgwGvVTzNpDGop,1kTRDdcauBB9x9H7,5.64799667,2019-06-04T07:55:00Z
2167,1xGdcKsU3QqEKzwT,1fJYDzKVrv6qvx3B,8.09968714,2019-06-04T15:53:00Z
2168,1d8edzTH8oYWX94B,12S1AvDrL5Mrj5ad,9.62008979,2019-06-04T04:18:00Z
2169,1DA2zMwDA5txETci,1L5CGrSA9Jc9jfD4,12.60450344,2019-06-04T04:24:00Z
2170,1iQanud375u25sc9,1tFUrLP6Vv7RWdva,12.4680471,2019-06-04T07:02:00Z
2171,1BUmY8YHKCgu6N79,1jmEHJTm62dP3wq9,2.4639391,2019-06-04T04:28:00Z
2172,1KuoQAUCvpfgWZ11,1N8wjBELrLKHbMA1,13.15577384,2019-06-04T17:54:00Z
2173,1Eym1qWeXf6gGZHK,1LN1xcu2R45BkZzF,8.07920588,2019-06-04T10:09:00Z
2174,1zo6VADjfWFtx3d1,1cc6EmB89iTQH8C3,4.43933147,2019-06-04T19:35:00Z
2175,1TZFKKsBA219W6qT,1meGAB6rHQVuvab9,9.64301594,2019-06-04T12:08:00Z
2176,1zeLqQ8Jxj2vY36x,1yQ8zfL35VnatKho,4.53992988,2019-06-04T14:36:00Z
2177,1Gv16bv4MT4KMMjK,1C7CVivZBxG9sRpZ,4.75351771,2019-06-04T07:42:00Z
2178,1KuoQAUCvpfgWZ11,3JNGSpTz4CW5hTzG,3.62127747,2019-06-04T05:53:00Z
2179,1DEtNbkeByLEKrEN,1Fjwin5jGN8SXmxs,11.90176589,2019-06-04T01:02:00Z
2180,14Jd4ekZxoBJR4vJ,1ZZTRazEHBH3R5Qz,1.1975477,2019-06-04T18:54:00Z
2181,11wfm6GjN3FT3jPu,1MCX7JwBBHr7ogza,12.77033208,2019-06-04T16:23:00Z
2182,1syBc5NTtNmk4btw,1SbyfAq3RdMgwkLF,9.69353372,2019-06-04T20:22:00Z
2183,1FQBNMGgntQKst2f,1NpApQNXEKfWoHD5,8.52477952,2019-06-04T03:21:00Z
2184,1j2k7sqBneFq8w3p,31A6EQ7oSqhieQBM,4.46356841,2019-06-04T17:06:00Z
2185,1sq9w7hH5aJBpW63,1vMRWSipQWE9JQGM,8.84378785,2019-06-04T19:21:00Z
2186,1968pTj3QcDShL9b,19FAKT2N5LniVr2M,4.357047,2019-06-04T12:06:00Z
2187,11wfm6GjN3FT3jPu,15Ha2CawZG7cHxRA,1.42337716,2019-06-04T20:23:00Z
2188,1syBc5NTtNmk4btw,3fEw71S93wM8AFCq,6.8423071,2019-06-04T05:10:00Z
2189,1g3R7XEtJcxkCRjp,1Ywg7Q775xiv9GrR,1.74002139,2019-06-04T19:19:00Z
2190,1xAP8fcDtF8bC1iz,3JNGSpTz4CW5hTzG,4.32518336,2019-06-04T02:23:00Z
2191,1ZLVtyB12dfemPpP,11YtRTFn1oSL3zXR,9.04411909,2019-06-04T00:15:00Z
2192,1gMpeFZyZMJMBcSU,1RJ5vK1m5XkFXC4p,11.636504,2019-06-04T03:03:00Z
2193,18xU1Uod8DEj59Q5,3JNGSpTz4CW5hTzG,0.98321972,2019-06-04T09:15:00Z
2194,1tdNQa5ePjjY9dMK,1j85QkqiMZzNH7xc,2.04652879,2019-06-04T10:21:00Z
2195,1PUvb5fpX622F1by,1LsRJxSoNRTqwb48,8.64278785,2019-06-04T18:39:00Z
2196,1Dnotr7p62Z9h1yv,3TwobS8w1RnXNQzC,4.39401505,2019-06-04T06:37:00Z
2197,11MU3s8mo2Wv4mP4,1b6KPEtESCymyBS1,3.34527941,2019-06-04T03:49:00Z
2198,1cX4L5iqM3YVuBLG,1iQanud375u25sc9,2.34453604,2019-06-04T19:26:00Z
2199,1JEXR99UAW4SM3aM,1f2nkejfSgUYoEPm,5.38292988,2019-06-04T03:37:00Z
2200,1jZgVWJPAN8Qy6nv,1UCSnMk7TCn7w32v,3.07165906,2019-06-04T17:01:00Z
2201,1jZgVWJPAN8Qy6nv,1iQanud375u25sc9,2.92385,2019-06-04T02:51:00Z
2202,1DA2zMwDA5txETci,1C1c9NfjmUH4i56s,9.5156636,2019-06-04T06:58:00Z
2203,1NCyyQsgcY76GjJ5,31A6EQ7oSqhieQBM,4.38069049,2019-06-04T00:26:00Z
2204,1NLyx6613EJJh4si,11Xc93NZ4ssVE5XJ,2.11598573,2019-06-04T12:46:00Z
2205,1CZXtBWYzRfRFfNd,31u2kj2PUBoHKUe6,3.95334115,2019-06-04T02:04:00Z
2206,1V9JtnLJxgFSR6DX,1ry7u31iLPgEqmDF,9.31278569,2019-06-04T22:19:00Z
2207,1BUmY8YHKCgu6N79,1ZDwWzY9axKu7AJL,4.47401429,2019-06-04T02:35:00Z
2208,1QHZ5rZ7PKneyZs1,1c7MqcajSaoyQvuo,7.47073114,2019-06-04T16:41:00Z
2209,14pdSn19wptXxmSw,1H9EzdacNFBExDbt,6.77797231,2019-06-04T23:07:00Z
2210,1QJkexwJrAv7AeMS,1PWnXwLJN2cp18zN,8.95745,2019-06-04T23:35:00Z
2211,1RLBV7h2XHH7fnof,1RJ5vK1m5XkFXC4p,13.90910333,2019-06-04T15:20:00Z
2212,1PEDHBz1wPsrxD1r,1NCyyQsgcY76GjJ5,5.43047987,2019-06-04T16:25:00Z
2213,18oo53hohSLkGFP9,1RLBV7h2XHH7fnof,0.42521551,2019-06-04T21:44:00Z
2214,1hnHy81d6mhKtPwf,15Ha2CawZG7cHxRA,12.66526407,2019-06-04T22:26:00Z
2215,12cBPqD9dN948L6R,1DMFiMv2VN2GJqkZ,13.68642676,2019-06-04T08:29:00Z
2216,1yCEH1ZvzKth2QMM,1CJCQ76bYE1bU6XP,6.19835687,2019-06-04T10:45:00Z
2217,1JJCDTwoAFteK613,19GRgUUEQCUDKfgA,8.60487287,2019-06-04T11:15:00Z
2218,11Xc93NZ4ssVE5XJ,12oqboLigEsKhqv4,1.52104775,2019-06-04T13:06:00Z
2219,1wA9JQv5bBoHTNkX,1LrrxBcvrigRP7PP,0.24987321,2019-06-04T14:17:00Z
2220,1QX95PQkfufvsd76,1iABwSrL7rbezk5N,0.54998457,2019-06-04T04:07:00Z
2221,1PEDHBz1wPsrxD1r,1j85QkqiMZzNH7xc,14.9328856,2019-06-04T16:02:00Z
2222,17HJUzK5vEjDaUCH,1YEs9MfeR9TTJ7HL,7.85528067,2019-06-04T13:24:00Z
2223,1QHZ5rZ7PKneyZs1,1YB137ChL817hoh2,12.35616209,2019-06-04T17:55:00Z
2224,1sFptmjCiyXHK7hD,1H9EzdacNFBExDbt,9.9755545,2019-06-04T07:06:00Z
2225,12nx1RT4Sau3D2aX,1ENtKQwCYB1gQwwR,0.78144763,2019-06-04T17:35:00Z
2226,1kTRDdcauBB9x9H7,1RLBV7h2XHH7fnof,6.2316617,2019-06-04T17:06:00Z
2227,1wXzsg6aDRTfyCpn,1oeTDN5HqCg3T7VM,11.80172706,2019-06-04T05:23:00Z
2228,1xAP8fcDtF8bC1iz,17mpLDmL5RLB7QqP,5.10695507,2019-06-04T04:30:00Z
2229,1sMgDEqyNy2LKtHw,1MhamiF8tbDweUvM,5.26764672,2019-06-04T11:30:00Z
2230,1PUvb5fpX622F1by,1NtyM4w2eJYmcELe,8.46746835,2019-06-04T07:49:00Z
2231,1NoPtJnH1GNviQy9,1KRGS7Jo1z9Qj82v,0.83104378,2019-06-04T23:59:00Z
2232,1xiYe9aH2odBg91N,1trNjrZ7qc9pAyJg,0.85743168,2019-06-04T09:36:00Z
2233,1QHZ5rZ7PKneyZs1,1Ywg7Q775xiv9GrR,8.01697352,2019-06-04T21:47:00Z
2234,1s4DKiNkzLNKvebH,1Hn6EhDddRt6TuDW,5.80670158,2019-06-04T03:39:00Z
2235,11CxF3hJ67djH9EQ,1KuoQAUCvpfgWZ11,14.99096532,2019-06-04T01:11:00Z
2236,1G75HiEeJBQkDsS8,1gQ2G56Eq5L3bQb3,3.04634604,2019-06-04T05:32:00Z
2237,1iABwSrL7rbezk5N,1Bv2FekYLfDSQxso,14.6231638,2019-06-04T00:06:00Z
2238,1vPzykFZ81JA7fEP,188wH6iE31SEdx9j,12.24384857,2019-06-04T17:30:00Z
2239,1xAP8fcDtF8bC1iz,1b6KPEtESCymyBS1,1.59235659,2019-06-04T17:21:00Z
2240,122WkN2Fz9mA3hfE,1aish8o4qBwWJCLN,4.01664223,2019-06-04T19:36:00Z
2241,1BYnrH8VYnoVkfPa,13X4eqxD5uQA1X5Y,6.87674388,2019-06-04T01:23:00Z
2242,1NBG1wdMMmkw2pSD,1f9v43Xk1s68FSiu,10.82590927,2019-06-04T19:39:00Z
2243,11Xc93NZ4ssVE5XJ,1Ep6D28bJwQ9fhu2,0.25640018,2019-06-04T08:26:00Z
2244,1f9v43Xk1s68FSiu,1LXdKPV49UPsP3Mc,0.70828999,2019-06-04T17:25:00Z
2245,1kTRDdcauBB9x9H7,31nV2DrVWAFeyqYT,4.23988359,2019-06-04T02:47:00Z
2246,1bosF2uXW2LbGfEb,1Fjwin5jGN8SXmxs,3.40332456,2019-06-11T06:39:00Z
2247,14vbKu8RUhoJiuZz,1VhigAMVPspqh7MT,12.24484657,2019-06-11T12:13:00Z
2248,1zo6VADjfWFtx3d1,1j85QkqiMZzNH7xc,1.88703417,2019-06-11T17:13:00Z
2249,1w7PPqsKLwfwSnRo,1UCSnMk7TCn7w32v,9.90613218,2019-06-11T04:55:00Z
2250,1bP5YXsxy97Q1Run,1LrrxBcvrigRP7PP,7.98076944,2019-06-11T11:23:00Z
2251,17Gy8pc9sKyMbPcs,19jB7F5cM6eDJD96,11.26893999,2019-06-11T05:50:00Z
2252,1HE5A9X4VFRvs69Q,1sXKD77J9MWK6vBR,4.69638515,2019-06-11T10:44:00Z
2253,1abgQKZ9i3rBKpXP,1duDD76PYqtoyNfz,5.06383522,2019-06-11T14:56:00Z
2254,1mA26temRswXwWt5,1ATbkij2UzPu93eY,4.61821667,2019-06-11T00:27:00Z
2255,1bosF2uXW2LbGfEb,1TxPGdCGUmsBP2ew,7.21131662,2019-06-11T06:45:00Z
2256,1qk7RWE4ULArRrq7,1NCyyQsgcY76GjJ5,10.54281198,2019-06-11T07:37:00Z
2257,1LpLMQhdQxMc6q5G,1cvbrWWvoinEVJD3,12.01948324,2019-06-11T02:29:00Z
2258,1gQ2G56Eq5L3bQb3,1rTuDkQxjRckeCCs,12.04507861,2019-06-11T00:27:00Z
2259,1dNHdTLMNXDJ6XCm,1t5yy1psMdPdo33v,2.9204211,2019-06-11T14:53:00Z
2260,1BxVvVSPBAfjHad1,1mbwTWMeUgzSPG57,5.46543802,2019-06-11T03:05:00Z
2261,1jSVeL2ib1WtFDDE,1Fd1eaAEp2SQCLn4,13.96444667,2019-06-11T07:59:00Z
2262,176bFA8cpA43nK9s,31nV2DrVWAFeyqYT,1.32131986,2019-06-11T10:19:00Z
2263,1FFd83RpS3DcMbX3,3JNGSpTz4CW5hTzG,0.06340054,2019-06-11T09:56:00Z
2264,1NLyx6613EJJh4si,1ymF7aBmDAnmTR9Y,8.90255714,2019-06-11T19:11:00Z
2265,1hEbUwMWUEfaJYzB,1NKK8fSMtXB3KsAM,8.85991653,2019-06-11T06:07:00Z
2266,1b6KPEtESCymyBS1,1CiKTHZmnrv53NdE,12.54610726,2019-06-11T13:14:00Z
2267,1r7RxwaKdSRLiBNu,1zHrLkCwGbTSiQL5,3.93660563,2019-06-11T03:18:00Z
2268,1TirB8QNsvB27LGc,1aJYLcVYbQnzu7Dj,3.73893772,2019-06-11T14:00:00Z
2269,16vgu1XxbXQedo5J,1PsDbVGdT9Mcyj9d,13.81510367,2019-06-11T12:12:00Z
2270,1mTZ2KCk9vkDkx9m,1f1KVJ1HD7WNNpqY,4.26228152,2019-06-11T06:34:00Z
2271,1yCEH1ZvzKth2QMM,1nGU1dbHLQRRn5ZD,3.24143238,2019-06-11T17:53:00Z
2272,176RurrR4vviP3HT,1JRtUG5Lb9TR5ftT,10.5748766,2019-06-11T10:22:00Z
2273,1duDD76PYqtoyNfz,1Bv2FekYLfDSQxso,12.91871757,2019-06-11T03:58:00Z
2274,11XHsaRP5ueXM5Kg,1ATbkij2UzPu93eY,7.59490158,2019-06-11T04:26:00Z
2275,18oo53hohSLkGFP9,1NCyyQsgcY76GjJ5,11.31198723,2019-06-11T06:21:00Z
2276,1hnHy81d6mhKtPwf,13wQdZHUzQQMBPQa,14.45852337,2019-06-11T17:34:00Z
2277,12tu3yoXAs5xf7FE,17bvDWXiiiZPd1Tx,8.77488248,2019-06-11T02:33:00Z
2278,1sNZy4memEAoMyeB,1V9JtnLJxgFSR6DX,4.97118378,2019-06-11T04:25:00Z
2279,1f9v43Xk1s68FSiu,1Eym1qWeXf6gGZHK,13.45369504,2019-06-11T09:50:00Z
2280,11rS7WKDdVLtmpG4,1BEmM3Ddv4o9jY9f,13.83219393,2019-06-11T16:20:00Z
2281,1uJnJUziXWCaq5fA,15JYDqiNtGUaXU8P,10.37308389,2019-06-11T16:42:00Z
2282,14Jd4ekZxoBJR4vJ,15NBVGLtZxFXPYNJ,10.11149033,2019-06-11T21:04:00Z
2283,18UGxBHYepxtgc8b,1ETvKBaUPiin8YVz,9.1904699,2019-06-11T23:26:00Z
2284,1N8wjBELrLKHbMA1,1cX4L5iqM3YVuBLG,7.90314871,2019-06-11T02:38:00Z
2285,1LXdKPV49UPsP3Mc,1gQ2G56Eq5L3bQb3,1.34025269,2019-06-11T11:43:00Z
2286,1XL17xz8K629NxW2,1MCX7JwBBHr7ogza,6.25079178,2019-06-11T05:29:00Z
2287,1Xy8nHgM47i6FHQP,1a21yySbuwDuB3ks,13.23707088,2019-06-11T15:12:00Z
2288,1DmWR8LTWHCE4mJa,1JAy28H4PHXK5XsQ,0.55018057,2019-06-11T02:32:00Z
2289,1B4YuG7YNBtdrAtS,1uKFZfFbtPAnpXFy,8.85457623,2019-06-11T12:04:00Z
2290,1UcQanrs8E9bF3fU,1F96QJxaM4UdvE9t,12.29225081,2019-06-11T03:42:00Z
2291,1BEmM3Ddv4o9jY9f,1FQBNMGgntQKst2f,4.01289888,2019-06-11T10:01:00Z
2292,18xU1Uod8DEj59Q5,1KYrTSP42ExcvCAR,8.04832097,2019-06-11T13:52:00Z
2293,1i2rJn5aYf2kpP8P,17jC1Ei7B2LYpRju,12.86912398,2019-06-11T03:32:00Z
2294,1b4cwTnfNcWn9zz2,11MU3s8mo2Wv4mP4,14.11067443,2019-06-11T03:31:00Z
2295,1jFU921ThTZqpEV3,1fXRWFQkodYaJSn4,0.36026647,2019-06-11T06:06:00Z
2296,1YkHxsb1CniMTbv7,1SPqMv4kPCPf6Mfn,11.48639877,2019-06-11T14:17:00Z
2297,1t5yy1psMdPdo33v,1h7Tn2rAKZpPs85i,9.31024196,2019-06-11T01:07:00Z
2298,1QHZ5rZ7PKneyZs1,1MQnLDQJBZU1p4Tt,7.07130864,2019-06-11T09:55:00Z
2299,1Vb3yoA1UuHwoAGS,1C7CVivZBxG9sRpZ,0.10948153,2019-06-11T11:37:00Z
2300,13JKYzr7aCwCAYiy,1eBUMG9wz5BKbkx4,0.3814298,2019-06-11T10:35:00Z
2301,1mA26temRswXwWt5,1jSNxV48v1Z1p2ux,5.7330955,2019-06-11T01:01:00Z
2302,1XNMrCC1GkssGbtP,3bBqbQivvMVbDbZj,1.0903466,2019-06-11T07:50:00Z
2303,1CBKUFsVDi3KMaRb,1zqvW4J1tBVfodm1,2.35579057,2019-06-11T16:40:00Z
2304,1Jbzz4MaVG2UiRoC,1e38S2dYsm1VGSsH,6.86263102,2019-06-11T13:02:00Z
2305,1j2k7sqBneFq8w3p,1ACuhLy6uHKKpNH9,6.67031059,2019-06-11T12:29:00Z
2306,1GBqzXwG9BkMXDFf,1X4qF1enzpoiWB8y,0.40755828,2019-06-11T19:53:00Z
2307,1beG3gmDh2nieyPH,16wAiLkpMMuJMaY5,9.44253556,2019-06-11T19:30:00Z
2308,1p1NJnWPxnBetJ7E,1DNgwGvVTzNpDGop,4.68945115,2019-06-11T23:15:00Z
2309,1QJkexwJrAv7AeMS,1uKFZfFbtPAnpXFy,3.41970864,2019-06-11T05:13:00Z
2310,18YLNiWgsug4AxXb,1Gv16bv4MT4KMMjK,0.1759905,2019-06-11T17:22:00Z
2311,1TmvfsTenGCM6p5i,1dpaZX5GrgB1QB28,7.05561313,2019-06-11T09:38:00Z
2312,1Snda2Tdx776g9jV,1968pTj3QcDShL9b,1.06945985,2019-06-11T18:12:00Z
2313,1LrrxBcvrigRP7PP,1qFjgSfPTQ1XSojB,3.84888676,2019-06-11T13:39:00Z
2314,1HqwZnXkAFzBsHq4,1sq9w7hH5aJBpW63,10.40133119,2019-06-11T05:56:00Z
2315,1HE5A9X4VFRvs69Q,11CxF3hJ67djH9EQ,9.6586966,2019-06-11T07:41:00Z
2316,1qVtaChQVzoQPqUC,1tdNQa5ePjjY9dMK,4.55289033,2019-06-11T06:31:00Z
2317,1Ep6D28bJwQ9fhu2,1KYrTSP42ExcvCAR,2.48034194,2019-06-11T03:06:00Z
2318,1Xm28HBz8K7oS2Ps,1YRiDhGvwuLrmoBE,2.86793898,2019-06-11T08:01:00Z
2319,1PWnXwLJN2cp18zN,3Y8vT7ASAd4qeB7t,4.7623196,2019-06-11T16:20:00Z
2320,1qk7RWE4ULArRrq7,1VcAx2NyFCi7pmc8,0.82275519,2019-06-11T20:51:00Z
2321,1AfUZmao8Q8K5CcP,11YtRTFn1oSL3zXR,14.24738813,2019-06-11T16:45:00Z
2322,1o6GH2muzvc7HAaY,1PCqRRY5NvPrpdLc,5.67564089,2019-06-11T16:57:00Z
2323,1aMQxxJmBNa1Yunj,1gQ2G56Eq5L3bQb3,7.70196105,2019-06-11T13:03:00Z
2324,1NpApQNXEKfWoHD5,1beG3gmDh2nieyPH,5.04952927,2019-06-11T12:49:00Z
2325,1ETvKBaUPiin8YVz,1uyH4EUyiub39rLc,5.35511899,2019-06-11T21:40:00Z
2326,1gYcAvNY55KkGMRy,1FiNioNzpgymAubQ,13.62577517,2019-06-11T00:55:00Z
2327,1zBxZBxG5FA8wyHv,17ajhF2m1FhKhpUJ,7.38152406,2019-06-11T03:42:00Z
2328,19yUWzvb2G43tDF5,1BWFUE95QLowe2NQ,12.17626121,2019-06-11T06:33:00Z
2329,169kfoy2ms629N4R,1wUaHVe7NRc8Xoa9,14.43750825,2019-06-11T11:41:00Z
2330,1ZY37tAH9aZ1ogBx,1HqwZnXkAFzBsHq4,8.70877888,2019-06-11T18:21:00Z
2331,11LUyFPKC6f7FMKK,3TwobS8w1RnXNQzC,16.40071029,2019-06-11T22:58:00Z
2332,1Ay5MNjxL4h974GL,31u2kj2PUBoHKUe6,41.54374553,2019-06-11T21:00:00Z
2333,1DA2zMwDA5txETci,13V81CAdqreV7Zgv,11.19131238,2019-06-11T03:06:00Z
2334,1QEE1bTY9qBWgRVh,1LN1xcu2R45BkZzF,0.34611635,2019-06-11T21:58:00Z
2335,1wU5UrH5NZ3FH341,12nx1RT4Sau3D2aX,14.28941954,2019-06-11T23:56:00Z
2336,19yUWzvb2G43tDF5,31u2kj2PUBoHKUe6,12.90687965,2019-06-11T13:14:00Z
2337,11eMrU18s6g9mah1,1trNjrZ7qc9pAyJg,8.82942315,2019-06-11T10:21:00Z
2338,1j2k7sqBneFq8w3p,1FQBNMGgntQKst2f,4.79012864,2019-06-11T15:40:00Z
2339,1w4DDT88jkdvqU1H,1Zah9Cobj5DLP7dx,0.75298944,2019-06-11T03:52:00Z
2340,1jSNxV48v1Z1p2ux,1KsiwuEHiEUovHeg,11.08129262,2019-06-11T03:13:00Z
2341,1C7CVivZBxG9sRpZ,17Gy8pc9sKyMbPcs,4.75788537,2019-06-11T11:23:00Z
2342,1baPJZJavKVY7eW5,1Lm7CruzxRwQnb15,5.24320794,2019-06-11T02:18:00Z
2343,18orPehj2oQLcE2H,1LGF8yTTgxqEp3mX,10.35204069,2019-06-11T18:40:00Z
2344,1a2LgFdh5Fpt4KCF,1wRJF38GuNp6V9Ag,3.39390597,2019-06-11T11:24:00Z
2345,1V9JtnLJxgFSR6DX,1sdn3PZWak3MKjxE,12.53237339,2019-06-11T19:04:00Z
2346,1cX4L5iqM3YVuBLG,33YWCjBomCEfoFyz,0.26911274,2019-06-11T07:20:00Z
2347,1TZFKKsBA219W6qT,1cvbrWWvoinEVJD3,8.01087859,2019-06-11T06:54:00Z
2348,1Gv16bv4MT4KMMjK,1o9sSeQ1SAzNBf6U,3.50935336,2019-06-18T11:36:00Z
2349,1aish8o4qBwWJCLN,1ETvKBaUPiin8YVz,9.39687917,2019-06-18T04:26:00Z
2350,11rS7WKDdVLtmpG4,1BxVvVSPBAfjHad1,2.6952531,2019-06-18T07:58:00Z
2351,1myL39jpsGfXAaRH,1HqwZnXkAFzBsHq4,12.36011456,2019-06-18T06:04:00Z
2352,1jjTKyMs1hK42t6r,1ZY37tAH9aZ1ogBx,1.53021329,2019-06-18T13:39:00Z
2353,194bpAfnGGE5D119,1qXBAfygoKodh1X6,4.55380482,2019-06-18T07:30:00Z
2354,1SvGE4M9BVGngCG7,1yCEH1ZvzKth2QMM,5.21637368,2019-06-18T18:38:00Z
2355,1iQanud375u25sc9,1bosF2uXW2LbGfEb,12.40700887,2019-06-18T09:30:00Z
2356,1sMgDEqyNy2LKtHw,1Snda2Tdx776g9jV,1.02760719,2019-06-18T23:00:00Z
2357,1mu4unH7AU6TwDq5,1wUaHVe7NRc8Xoa9,3.42521202,2019-06-18T20:11:00Z
2358,1W2Z3WUV5mN1nmcH,1f1KVJ1HD7WNNpqY,12.54282484,2019-06-18T17:29:00Z
2359,1yTE3Q7kRdzyuaA9,31A6EQ7oSqhieQBM,1.22690771,2019-06-18T06:15:00Z
2360,17PXXmDZ8EYKP5DJ,1Fjwin5jGN8SXmxs,0.37525291,2019-06-18T13:51:00Z
2361,1bYmgRkXfXFc6ceB,18Pwu5LG5mY6GwN9,6.93667429,2019-06-18T16:41:00Z
2362,1BxVvVSPBAfjHad1,1eHdD9CmutfkiTPf,7.30336365,2019-06-18T07:26:00Z
2363,1L5CGrSA9Jc9jfD4,12L3GGbNeTTeMwrz,3.07405377,2019-06-18T09:36:00Z
2364,1C7CVivZBxG9sRpZ,1JAy28H4PHXK5XsQ,1.92776033,2019-06-18T02:44:00Z
2365,1Md93HRhPXR8xZQA,1piv4LTXoueAARJY,44.46759961,2019-06-18T22:30:00Z
2366,1TxPGdCGUmsBP2ew,1qczkoAMQzbTPCNY,10.71036844,2019-06-18T06:33:00Z
2367,1P5LZ9pox9y37PvG,1CZXtBWYzRfRFfNd,2.70408528,2019-06-18T16:15:00Z
2368,1fJYDzKVrv6qvx3B,1pVwey2KMhHHn8y1,10.42011158,2019-06-18T22:30:00Z
2369,1ymF7aBmDAnmTR9Y,1NZ3GAtqtJP25yF4,13.95518097,2019-06-18T04:30:00Z
2370,13BHTAnXc77gk9xm,1LsRJxSoNRTqwb48,10.0823142,2019-06-18T20:21:00Z
2371,1KKjwT6AeP3onKpi,1nGU1dbHLQRRn5ZD,11.32947234,2019-06-18T11:44:00Z
2372,1hEbUwMWUEfaJYzB,1JAy28H4PHXK5XsQ,6.82677646,2019-06-18T22:25:00Z
2373,11YtRTFn1oSL3zXR,1wqoMruVZjrAqRw2,2.1614385,2019-06-18T02:09:00Z
2374,1jmEHJTm62dP3wq9,1KMk4962MsDuK7b2,4.4510719,2019-06-18T14:36:00Z
2375,1DUQpGNY5yCNs7U3,1WK83Xqamhw4HmCY,2.66759112,2019-06-18T20:54:00Z
2376,1k1GUS4Zygfe3sEr,1UCSnMk7TCn7w32v,6.17648056,2019-06-18T09:55:00Z
2377,1vPzykFZ81JA7fEP,1Fjwin5jGN8SXmxs,4.74697642,2019-06-18T23:26:00Z
2378,1wwNHorQoSkC6NxM,1GgUk1pE2xYWkEp1,9.0137218,2019-06-18T11:17:00Z
2379,1wA9JQv5bBoHTNkX,188wH6iE31SEdx9j,3.69468853,2019-06-18T14:37:00Z
2380,1zeLqQ8Jxj2vY36x,1KG3E9XzsSQhjUqw,4.56501586,2019-06-18T07:19:00Z
2381,1DEtNbkeByLEKrEN,1PEDHBz1wPsrxD1r,7.27134995,2019-06-18T04:04:00Z
2382,17mpLDmL5RLB7QqP,1DMFiMv2VN2GJqkZ,6.9782183,2019-06-18T23:19:00Z
2383,14Jd4ekZxoBJR4vJ,14Jd4ekZxoBJR4vJ,11.4061984,2019-06-18T22:42:00Z
2384,12icaPSgNgN28QDh,3AZSyahATYfVAd1i,2.32966636,2019-06-18T11:40:00Z
2385,1PeQ5DWwDRyaFsUH,1p1NJnWPxnBetJ7E,2.54074614,2019-06-18T03:08:00Z
2386,1LN1xcu2R45BkZzF,1P2hrV8V5G8xNiob,6.43443317,2019-06-18T20:08:00Z
2387,1oszo1mWfFFYjxzp,3Y8vT7ASAd4qeB7t,2.86898997,2019-06-18T21:22:00Z
2388,14UGXj9yALWG5945,11YDkk59nLowFrWC,8.13570393,2019-06-18T00:51:00Z
2389,1BbEZgaTPALXoQhj,1N8wjBELrLKHbMA1,6.99895548,2019-06-18T00:14:00Z
2390,19GRgUUEQCUDKfgA,1wmitYd7XE38T2n5,3.50141492,2019-06-18T20:13:00Z
2391,1tdNQa5ePjjY9dMK,1ZLVtyB12dfemPpP,4.72580706,2019-06-18T22:13:00Z
2392,1BbEZgaTPALXoQhj,1mbwTWMeUgzSPG57,3.75531402,2019-06-18T07:15:00Z
2393,1AqzYMpNCWPVnXcB,1ZCxARPJNAYEpALP,2.44832415,2019-06-18T08:28:00Z
2394,1NCyyQsgcY76GjJ5,1QX95PQkfufvsd76,9.27238157,2019-06-18T23:15:00Z
2395,1ry7u31iLPgEqmDF,1eaNSJ7sMaSnHiQF,9.34856996,2019-06-18T07:52:00Z
2396,1KKjwT6AeP3onKpi,1g3R7XEtJcxkCRjp,1.51426891,2019-06-18T01:46:00Z
2397,1wU5UrH5NZ3FH341,3fEw71S93wM8AFCq,2.5516051,2019-06-18T16:31:00Z
2398,1E63uVpmLe4AMj6V,1Fd1eaAEp2SQCLn4,3.48611746,2019-06-18T06:27:00Z
2399,1rTuDkQxjRckeCCs,12tu3yoXAs5xf7FE,4.70234272,2019-06-18T06:59:00Z
2400,1jFU921ThTZqpEV3,1K7eheH3GX8RU456,1.31663585,2019-06-18T07:32:00Z
2401,11rS7WKDdVLtmpG4,1BtvsdcRTNNxrZUb,5.84781274,2019-06-18T13:30:00Z
2402,1TxPGdCGUmsBP2ew,1EzihFiUPDcFgs16,9.14981165,2019-06-18T07:40:00Z
2403,1qk7RWE4ULArRrq7,1g3R7XEtJcxkCRjp,8.36123017,2019-06-18T09:58:00Z
2404,1gJ4ncA1edARWrbB,1rQ6aDz23A2Wp9xk,0.46388189,2019-06-18T16:56:00Z
2405,1X8REorWWbZsKkTP,3Cy58imRd5rntwwS,3.8007344,2019-06-18T22:38:00Z
2406,1b6KPEtESCymyBS1,1TZFKKsBA219W6qT,4.49339225,2019-06-18T07:33:00Z
2407,176bFA8cpA43nK9s,194bpAfnGGE5D119,11.35096211,2019-06-18T23:16:00Z
2408,1LN1xcu2R45BkZzF,1Snda2Tdx776g9jV,2.29819283,2019-06-18T09:46:00Z
2409,1EitxxxYaR5ynDrK,14UGXj9yALWG5945,10.2333286,2019-06-18T04:24:00Z
2410,1pVwey2KMhHHn8y1,1ZZTRazEHBH3R5Qz,1.23934774,2019-06-18T04:57:00Z
2411,1BEmM3Ddv4o9jY9f,1uyH4EUyiub39rLc,8.53720039,2019-06-18T10:31:00Z
2412,1GBL1vT38bfoigJf,19T21f7VpjFJCyHi,6.1745926,2019-06-18T18:02:00Z
2413,1cvbrWWvoinEVJD3,19jB7F5cM6eDJD96,2.3219336,2019-06-18T08:47:00Z
2414,1tdNQa5ePjjY9dMK,1uCqxAp713f1gSic,5.1125614,2019-06-18T03:30:00Z
2415,1LroL5DaYgBum5fR,1duDD76PYqtoyNfz,2.28305947,2019-06-18T09:09:00Z
2416,1mRAifCi77m6vAxM,12S1AvDrL5Mrj5ad,5.99471493,2019-06-18T02:39:00Z
2417,1sMgDEqyNy2LKtHw,31u2kj2PUBoHKUe6,3.68036282,2019-06-18T19:44:00Z
2418,1MCX7JwBBHr7ogza,1beG3gmDh2nieyPH,0.93267601,2019-06-18T09:57:00Z
2419,1aJYLcVYbQnzu7Dj,1rm6mDrQQKSefJTJ,11.45097421,2019-06-18T06:34:00Z
2420,1Qztqa7TeMpLNfG2,14Jd4ekZxoBJR4vJ,7.47270027,2019-06-18T07:34:00Z
2421,1YRiDhGvwuLrmoBE,1C7CVivZBxG9sRpZ,11.47313504,2019-06-18T07:46:00Z
2422,1FCwKXNELWCLUa7F,1UQRKVhaaiBykuHQ,4.85606627,2019-06-18T19:51:00Z
2423,1Q1Jx1FnagZcJ3Lo,1Dnotr7p62Z9h1yv,7.15461226,2019-06-18T10:05:00Z
2424,1BdPFKagrNfN8TyZ,1Lm7CruzxRwQnb15,13.15096415,2019-06-18T17:08:00Z
2425,1Ya477bembmPDC5e,1QbYqZCBLH3uZvug,2.11040391,2019-06-18T06:49:00Z
2426,1bMADFnNRNjk26ri,12L3GGbNeTTeMwrz,13.38108092,2019-06-18T05:36:00Z
2427,1G75HiEeJBQkDsS8,1mA26temRswXwWt5,3.86619905,2019-06-18T05:14:00Z
2428,17HJUzK5vEjDaUCH,1gYcAvNY55KkGMRy,3.75062111,2019-06-18T19:56:00Z
2429,1CWzKN6dnGwkNwwL,13UkDZHj8FgGUDxb,1.50695487,2019-06-18T10:47:00Z
2430,1VcAx2NyFCi7pmc8,1sFptmjCiyXHK7hD,11.42627055,2019-06-18T22:26:00Z
2431,1gJ4ncA1edARWrbB,1jmEHJTm62dP3wq9,0.38080441,2019-06-18T09:14:00Z
2432,1jree3scyUDWLe9P,3Cy58imRd5rntwwS,25.23501807,2019-06-18T12:55:00Z
2433,176bFA8cpA43nK9s,17HJUzK5vEjDaUCH,1.3176736,2019-06-18T06:20:00Z
2434,1HQxjBP2SAxwdW4R,1FFd83RpS3DcMbX3,8.60415435,2019-06-18T00:20:00Z
2435,1mu4unH7AU6TwDq5,1meGAB6rHQVuvab9,10.86755894,2019-06-18T01:25:00Z
2436,1mPgySB6nNp4NtTA,1ZZTRazEHBH3R5Qz,13.10609247,2019-06-18T03:53:00Z
2437,1WDuTzvPch7rmU1X,1rywYxiEGmh1J5gg,0.66635471,2019-06-18T11:48:00Z
2438,1wU5UrH5NZ3FH341,1dNHdTLMNXDJ6XCm,7.11440574,2019-06-18T01:36:00Z
2439,1Zah9Cobj5DLP7dx,1GgUk1pE2xYWkEp1,3.2264265,2019-06-18T00:15:00Z
2440,1uCqxAp713f1gSic,1JwrHM2qHoXKX53t,10.36864049,2019-06-18T11:09:00Z
2441,1uyH4EUyiub39rLc,1y5g9KS8dGm9MDKE,4.08218279,2019-06-18T16:01:00Z
2442,1M59JAfGEaxXy344,1MeBNJ5uLi6Cko7L,12.00297073,2019-06-18T22:09:00Z
2443,1QBKaXJNEFgNPPdB,1TxPGdCGUmsBP2ew,6.16930465,2019-06-18T14:27:00Z
2444,194bpAfnGGE5D119,1wy5J2qUhmGY88jm,11.23145832,2019-06-18T05:59:00Z
2445,19yUWzvb2G43tDF5,1XNMrCC1GkssGbtP,3.92385992,2019-06-18T18:27:00Z
2446,1Lm7CruzxRwQnb15,1FE7n6nhVhpG36AG,0.03940223,2019-06-18T17:46:00Z
2447,1b66vZr5A7ByxDCX,1qFjgSfPTQ1XSojB,11.66319696,2019-06-18T16:09:00Z
2448,1SvGE4M9BVGngCG7,1r7RxwaKdSRLiBNu,0.62234978,2019-06-18T01:41:00Z
2449,114219JPKvhccHHQ,1HqwZnXkAFzBsHq4,9.49461073,2019-06-18T15:59:00Z
2450,13B2Q2Eg3888BFJv,3fEw71S93wM8AFCq,10.15982292,2019-06-25T06:18:00Z
2451,1JRtUG5Lb9TR5ftT,1qFjgSfPTQ1XSojB,4.33013174,2019-06-25T23:31:00Z
2452,1Vb3yoA1UuHwoAGS,1YTKJrW55hcdQmNJ,6.3635265,2019-06-25T18:12:00Z
2453,1VhigAMVPspqh7MT,17bvDWXiiiZPd1Tx,10.45054842,2019-06-25T14:14:00Z
2454,1aAHuEHLbe7DE9jy,1BUmY8YHKCgu6N79,5.00657973,2019-06-25T08:33:00Z
2455,1wy5J2qUhmGY88jm,14ArkDK15E15KjBS,0.91090482,2019-06-25T09:56:00Z
2456,1r7RxwaKdSRLiBNu,1cvbrWWvoinEVJD3,1.63018814,2019-06-25T02:51:00Z
2457,1wUaHVe7NRc8Xoa9,1dneZ88JhxpgAgsD,5.56407847,2019-06-25T09:40:00Z
2458,1FvEuPX26fgowXFR,13Pae9eivfoz8oAv,0.05804722,2019-06-25T08:52:00Z
2459,1Fjwin5jGN8SXmxs,14UGXj9yALWG5945,1.04354481,2019-06-25T23:16:00Z
2460,13BHTAnXc77gk9xm,1bQPxmPLdN1ddTT1,14.8311362,2019-06-25T11:53:00Z
2461,1r7RxwaKdSRLiBNu,1FCwKXNELWCLUa7F,5.50048118,2019-06-25T07:45:00Z
2462,1dBnZM2ZKr3V44Li,1YEs9MfeR9TTJ7HL,2.9843713,2019-06-25T08:36:00Z
2463,1gJ4ncA1edARWrbB,1C7CVivZBxG9sRpZ,13.53642307,2019-06-25T15:47:00Z
2464,1YTKJrW55hcdQmNJ,1B4YuG7YNBtdrAtS,12.55919248,2019-06-25T18:10:00Z
2465,1tdNQa5ePjjY9dMK,1Rbpeq3vVvvgJjUo,12.16387698,2019-06-25T22:09:00Z
2466,1fJYDzKVrv6qvx3B,15NBVGLtZxFXPYNJ,3.88096882,2019-06-25T11:32:00Z
2467,1VYtDDv1ahbdRdfF,1yTE3Q7kRdzyuaA9,0.09502714,2019-06-25T17:20:00Z
2468,1b4cwTnfNcWn9zz2,1HHiiFkcuZ8pze9D,10.16862245,2019-06-25T19:23:00Z
2469,1W2Z3WUV5mN1nmcH,1NBG1wdMMmkw2pSD,7.52542896,2019-06-25T13:16:00Z
2470,1cc6EmB89iTQH8C3,194bpAfnGGE5D119,0.5608873,2019-06-25T10:54:00Z
2471,1ZCxARPJNAYEpALP,18xU1Uod8DEj59Q5,2.52117729,2019-06-25T17:52:00Z
2472,1eaNSJ7sMaSnHiQF,1JEXR99UAW4SM3aM,13.38804992,2019-06-25T23:15:00Z
2473,1zHdtY5BbP1Ydp4P,1XNMrCC1GkssGbtP,13.86508256,2019-06-25T02:57:00Z
2474,1FvEuPX26fgowXFR,18UGxBHYepxtgc8b,10.03849611,2019-06-25T09:42:00Z
2475,1Eym1qWeXf6gGZHK,1PfW4rmw4VwCruo4,1.53605209,2019-06-25T06:54:00Z
2476,1WKBC1BaA9puhK8J,114219JPKvhccHHQ,6.90522034,2019-06-25T22:25:00Z
2477,1Ep6D28bJwQ9fhu2,1VYtDDv1ahbdRdfF,9.0033903,2019-06-25T14:30:00Z
2478,1DEtNbkeByLEKrEN,1VhigAMVPspqh7MT,0.31732556,2019-06-25T00:10:00Z
2479,1mTZ2KCk9vkDkx9m,1VhigAMVPspqh7MT,7.5702108,2019-06-25T16:02:00Z
2480,1aMQxxJmBNa1Yunj,19yUWzvb2G43tDF5,12.37118796,2019-06-25T17:25:00Z
2481,1wQAavS7pKydFTtq,1k1GUS4Zygfe3sEr,11.24291533,2019-06-25T01:53:00Z
2482,1zse6LEoB2KxQDx4,3fEw71S93wM8AFCq,40.54785595,2019-06-25T02:36:00Z
2483,1CiKTHZmnrv53NdE,1trNjrZ7qc9pAyJg,4.24658542,2019-06-25T19:01:00Z
2484,13UkDZHj8FgGUDxb,1uVhtcCtafuHSion,1.36366943,2019-06-25T11:55:00Z
2485,1ehP4kraCyfDdin8,169kfoy2ms629N4R,10.97855569,2019-06-25T06:43:00Z
2486,1aAHuEHLbe7DE9jy,18foFfVWmSCy51tw,10.24704195,2019-06-25T03:55:00Z
2487,1UCSnMk7TCn7w32v,1Jbzz4MaVG2UiRoC,4.2325284,2019-06-25T21:19:00Z
2488,1FGuHFVV7PfVczfQ,3M239b5DEVh1NKFV,2.46752573,2019-06-25T07:00:00Z
2489,18rd9ES2jc2qTb7b,1FE7n6nhVhpG36AG,1.27343675,2019-06-25T00:56:00Z
2490,1LsRJxSoNRTqwb48,1DA2zMwDA5txETci,2.6540004,2019-06-25T04:39:00Z
2491,19FAKT2N5LniVr2M,1KB4sdPTyNYb4jRK,7.34176629,2019-06-25T07:22:00Z
2492,1ZDwWzY9axKu7AJL,1KMk4962MsDuK7b2,12.9066125,2019-06-25T16:04:00Z
2493,1qXBAfygoKodh1X6,1npjBuCQ8DHY1vGP,2.79015443,2019-06-25T22:39:00Z
2494,1SvGE4M9BVGngCG7,11CxF3hJ67djH9EQ,8.81201281,2019-06-25T06:37:00Z
2495,1jSNxV48v1Z1p2ux,13e5rMp8T3rKpF5m,4.27761937,2019-06-25T21:21:00Z
2496,1D491Zgk2Y8bMKwZ,1qk7RWE4ULArRrq7,1.40427439,2019-06-25T22:27:00Z
2497,1fJYDzKVrv6qvx3B,1QBKaXJNEFgNPPdB,1.23245489,2019-06-25T10:57:00Z
2498,1JB1hxGJQBRG5eVF,188wH6iE31SEdx9j,2.23678013,2019-06-25T20:21:00Z
2499,1SVP4oHqRKN4e6DR,1syBc5NTtNmk4btw,7.30382121,2019-06-25T18:49:00Z
2500,1yTE3Q7kRdzyuaA9,1NFvveM7rLnYRz6V,1.53630216,2019-06-25T00:29:00Z
2501,1G75HiEeJBQkDsS8,1y9pJedRpkAis53A,0.03544209,2019-06-25T10:13:00Z
2502,1xQoyBVqB2NVFzkj,19ZQn5nvoG39PhES,1.77681726,2019-06-25T17:53:00Z
2503,1XkuXBH7JyiCRNsp,1dneZ88JhxpgAgsD,13.53820486,2019-06-25T12:29:00Z
2504,1GBL1vT38bfoigJf,1uyH4EUyiub39rLc,5.14108586,2019-06-25T06:16:00Z
2505,1E63uVpmLe4AMj6V,1VE4TNuRzEnLZSHa,0.92064294,2019-06-25T22:07:00Z
2506,1tdNQa5ePjjY9dMK,1SvBuqRbpsFXezAx,11.07163166,2019-06-25T11:58:00Z
2507,1cKXYF2pg3VQZCCd,1CiKTHZmnrv53NdE,4.91158107,2019-06-25T22:12:00Z
2508,1r7RxwaKdSRLiBNu,188wH6iE31SEdx9j,2.21569256,2019-06-25T07:15:00Z
2509,13e5rMp8T3rKpF5m,1WKBC1BaA9puhK8J,9.91644954,2019-06-25T04:45:00Z
2510,1LGF8yTTgxqEp3mX,1VE4TNuRzEnLZSHa,3.73198502,2019-06-25T06:00:00Z
2511,1pBZdHa4eenRLFEL,1JJCDTwoAFteK613,1.87366043,2019-06-25T03:10:00Z
2512,1qczkoAMQzbTPCNY,1PgSmZRijboCzfp3,9.38956589,2019-06-25T00:04:00Z
2513,1DA2zMwDA5txETci,1Zah9Cobj5DLP7dx,13.75137677,2019-06-25T01:25:00Z
2514,1rgNxjB9oN2TJDev,1pVwey2KMhHHn8y1,9.03409585,2019-06-25T19:47:00Z
2515,1LroL5DaYgBum5fR,3Y8vT7ASAd4qeB7t,4.43750943,2019-06-25T13:08:00Z
2516,1BEmM3Ddv4o9jY9f,1YB137ChL817hoh2,10.90706513,2019-06-25T22:07:00Z
2517,1uCqxAp713f1gSic,1Q1Jx1FnagZcJ3Lo,12.51512118,2019-06-25T09:02:00Z
2518,17jKMwUrLoqVr6HG,19FAKT2N5LniVr2M,2.84255992,2019-06-25T08:10:00Z
2519,1j7HGp91XfhknJz4,3TwobS8w1RnXNQzC,4.45257231,2019-06-25T19:02:00Z
2520,1ZZTRazEHBH3R5Qz,1TirB8QNsvB27LGc,0.14964312,2019-06-25T01:38:00Z
2521,1KG3E9XzsSQhjUqw,1f9v43Xk1s68FSiu,11.89034911,2019-06-25T00:51:00Z
2522,1V25NM2bkpKdxp4K,1NqoZi13GJHL1hFj,1.79333207,2019-06-25T05:22:00Z
2523,1h9mEfenzJbW4gNk,1P48RS5DiLBxE7yU,1.97162113,2019-06-25T08:52:00Z
2524,1S8dkAL66y1uN2Ji,1rQ6aDz23A2Wp9xk,14.30350462,2019-06-25T03:54:00Z
2525,1wwNHorQoSkC6NxM,1LpLMQhdQxMc6q5G,2.45515946,2019-06-25T07:17:00Z
2526,1uCzs2DS7L4tawtB,1f2nkejfSgUYoEPm,13.51205911,2019-06-25T22:50:00Z
2527,1MyWQKq1M8cFTixK,1Xy8nHgM47i6FHQP,3.69529504,2019-06-25T09:59:00Z
2528,1AfUZmao8Q8K5CcP,1d8edzTH8oYWX94B,0.16795025,2019-06-25T12:15:00Z
2529,1syBc5NTtNmk4btw,1YB137ChL817hoh2,5.99110204,2019-06-25T04:55:00Z
2530,1t5yy1psMdPdo33v,1MQnLDQJBZU1p4Tt,0.44370344,2019-06-25T02:10:00Z
2531,1yTE3Q7kRdzyuaA9,1CxxWTdSD4DWGoAn,12.72551859,2019-06-25T12:57:00Z
2532,1oS85NnHsY7UabsF,18xU1Uod8DEj59Q5,0.4429306,2019-06-25T15:57:00Z
2533,1zbrJmHtZS58T5mS,1RLBV7h2XHH7fnof,13.94715429,2019-06-25T00:28:00Z
2534,17HJUzK5vEjDaUCH,1c8eacFH4WH2tJia,6.77075828,2019-06-25T12:56:00Z
2535,1b4cwTnfNcWn9zz2,1CxxWTdSD4DWGoAn,14.30749744,2019-06-25T21:59:00Z
2536,1rgNxjB9oN2TJDev,1L5CGrSA9Jc9jfD4,5.58618275,2019-06-25T21:45:00Z
2537,1eBUMG9wz5BKbkx4,1PsDbVGdT9Mcyj9d,8.46978973,2019-06-25T02:02:00Z
2538,188wH6iE31SEdx9j,148GPMKH7QD8tYb7,11.1780312,2019-06-25T21:55:00Z
2539,1QJkexwJrAv7AeMS,1vPzykFZ81JA7fEP,9.26421682,2019-06-25T08:40:00Z
2540,11YtRTFn1oSL3zXR,1ZLAAeNAZfir9wS4,14.60058908,2019-06-25T06:03:00Z
2541,19T21f7VpjFJCyHi,1HQxjBP2SAxwdW4R,3.03891933,2019-06-25T18:43:00Z
2542,1td6fZydavhWrvD8,1LXdKPV49UPsP3Mc,3.73854055,2019-06-25T17:19:00Z
2543,1rywYxiEGmh1J5gg,1ykpUg4NEwL4BBJa,14.80510343,2019-06-25T18:42:00Z
2544,1aAHuEHLbe7DE9jy,1KMk4962MsDuK7b2,5.32962352,2019-06-25T03:48:00Z
2545,1DUQpGNY5yCNs7U3,1vCG6VDUZY5CiWk7,3.57708285,2019-06-25T07:29:00Z
2546,1qczkoAMQzbTPCNY,1yTE3Q7kRdzyuaA9,11.58632721,2019-06-25T11:49:00Z
2547,1NBG1wdMMmkw2pSD,1BxVvVSPBAfjHad1,2.40385072,2019-06-25T04:09:00Z
2548,1sFptmjCiyXHK7hD,1Lm7CruzxRwQnb15,13.02096679,2019-06-25T01:19:00Z
2549,1b6KPEtESCymyBS1,1AfUZmao8Q8K5CcP,12.63289214,2019-06-25T04:58:00Z
2550,1VECp2Uvcq4JEsEv,1zBxZBxG5FA8wyHv,12.18936677,2019-06-25T09:47:00Z
2551,1CmCEQjx7QFdXDax,13X4eqxD5uQA1X5Y,11.86333593,2019-06-25T00:12:00Z
2552,1XNMrCC1GkssGbtP,1mRAifCi77m6vAxM,10.01935942,2019-06-25T18:30:00Z
2553,1o9sSeQ1SAzNBf6U,12bchPVYsFo4gYGV,14.09330965,2019-07-02T20:43:00Z
2554,1sXKD77J9MWK6vBR,1UCSnMk7TCn7w32v,1.87108437,2019-07-02T10:04:00Z
2555,15JYDqiNtGUaXU8P,1c8eacFH4WH2tJia,0.51700548,2019-07-02T19:50:00Z
2556,1qczkoAMQzbTPCNY,33YWCjBomCEfoFyz,1.69390604,2019-07-02T10:29:00Z
2557,1KsiwuEHiEUovHeg,1P48RS5DiLBxE7yU,0.97097453,2019-07-02T23:43:00Z
2558,1d8edzTH8oYWX94B,3Cy58imRd5rntwwS,0.93751245,2019-07-02T03:56:00Z
2559,19jB7F5cM6eDJD96,1s4DKiNkzLNKvebH,0.017325,2019-07-02T07:05:00Z
2560,1d8edzTH8oYWX94B,31A6EQ7oSqhieQBM,4.41242878,2019-07-02T19:30:00Z
2561,1K7eheH3GX8RU456,1DmWR8LTWHCE4mJa,3.9475527,2019-07-02T13:10:00Z
2562,1syBc5NTtNmk4btw,1PeQ5DWwDRyaFsUH,4.61882159,2019-07-02T17:42:00Z
2563,1Uhd4wi7qyD77d5D,1jSVeL2ib1WtFDDE,8.82917511,2019-07-02T04:07:00Z
2564,1YEs9MfeR9TTJ7HL,1G75HiEeJBQkDsS8,3.79055296,2019-07-02T03:43:00Z
2565,18a2q1L9WCa1KKkT,1yTE3Q7kRdzyuaA9,10.8021832,2019-07-02T03:30:00Z
2566,1A7T9uTCK7vccwGq,1s4DKiNkzLNKvebH,4.95871187,2019-07-02T09:19:00Z
2567,1MPX9humnLRCZmdo,17bvDWXiiiZPd1Tx,13.66592254,2019-07-02T09:58:00Z
2568,1VYtDDv1ahbdRdfF,1UH8DBVPdF4Sm5Hh,3.11408986,2019-07-02T17:30:00Z
2569,1abgQKZ9i3rBKpXP,13BHTAnXc77gk9xm,0.42292051,2019-07-02T05:09:00Z
2570,1X4qF1enzpoiWB8y,18rd9ES2jc2qTb7b,9.84457121,2019-07-02T00:55:00Z
2571,1eHdD9CmutfkiTPf,1m9P6QGeT5XApSjF,5.27579979,2019-07-02T02:01:00Z
2572,1YFVeahnYSW64Tmn,1Qztqa7TeMpLNfG2,10.12246138,2019-07-02T15:49:00Z
2573,1cKXYF2pg3VQZCCd,1dneZ88JhxpgAgsD,6.54689672,2019-07-02T15:34:00Z
2574,1qVtaChQVzoQPqUC,1RiHFvhFHJHJR3se,2.22351057,2019-07-02T18:10:00Z
2575,17bvDWXiiiZPd1Tx,1NCyyQsgcY76GjJ5,0.4768409,2019-07-02T01:14:00Z
2576,1jSNxV48v1Z1p2ux,1Kp41jcUfeoKB8Np,7.33398938,2019-07-02T01:38:00Z
2577,199fN4m51aLgVqHd,1zbrJmHtZS58T5mS,3.14342757,2019-07-02T10:01:00Z
2578,1sNZy4memEAoMyeB,1pboE89Tw179ao8E,2.72866606,2019-07-02T11:42:00Z
2579,1DEtNbkeByLEKrEN,12oqboLigEsKhqv4,4.33624235,2019-07-02T02:14:00Z
2580,1FE7n6nhVhpG36AG,1aAHuEHLbe7DE9jy,3.97929531,2019-07-02T18:04:00Z
2581,1DmWR8LTWHCE4mJa,16fqu7hnqB6r2Qr8,5.32741356,2019-07-02T08:33:00Z
2582,1KbtWS8KUUYsPXCp,1KG3E9XzsSQhjUqw,13.87702103,2019-07-02T02:31:00Z
2583,1SbyfAq3RdMgwkLF,1CxxWTdSD4DWGoAn,1.42137821,2019-07-02T10:03:00Z
2584,1N1GanX4r3fBWAZQ,16vgu1XxbXQedo5J,13.32108606,2019-07-02T08:37:00Z
2585,1hzugAi4qWHZLX4b,1R4s3ahHxYNoLUrc,12.17845384,2019-07-02T23:07:00Z
2586,1zBxZBxG5FA8wyHv,1jjTKyMs1hK42t6r,9.76005626,2019-07-02T14:01:00Z
2587,1BdPFKagrNfN8TyZ,1RLBV7h2XHH7fnof,4.80087016,2019-07-02T09:38:00Z
2588,1mA26temRswXwWt5,18a2q1L9WCa1KKkT,9.64058926,2019-07-02T16:50:00Z
2589,1JAy28H4PHXK5XsQ,1LXdKPV49UPsP3Mc,3.42165899,2019-07-02T12:17:00Z
2590,1MPX9humnLRCZmdo,18xU1Uod8DEj59Q5,14.1944764,2019-07-02T11:33:00Z
2591,17jKMwUrLoqVr6HG,1MPX9humnLRCZmdo,9.05335489,2019-07-02T18:49:00Z
2592,1BEmM3Ddv4o9jY9f,1MY9CbPCBhbaoJ4Y,1.33031851,2019-07-02T18:01:00Z
2593,1wqoMruVZjrAqRw2,1LrrxBcvrigRP7PP,6.39253688,2019-07-02T05:54:00Z
2594,1b4cwTnfNcWn9zz2,1Lm7CruzxRwQnb15,12.72853508,2019-07-02T20:36:00Z
2595,1dpaZX5GrgB1QB28,1Snda2Tdx776g9jV,3.95759702,2019-07-02T18:47:00Z
2596,1Snda2Tdx776g9jV,3fEw71S93wM8AFCq,2.04664101,2019-07-02T02:41:00Z
2597,1dneZ88JhxpgAgsD,33YWCjBomCEfoFyz,4.07467866,2019-07-02T23:23:00Z
2598,15NBVGLtZxFXPYNJ,1QHZ5rZ7PKneyZs1,2.98679833,2019-07-02T07:06:00Z
2599,1meGAB6rHQVuvab9,11MU3s8mo2Wv4mP4,10.61410311,2019-07-02T23:59:00Z
2600,1DNgwGvVTzNpDGop,1cX4L5iqM3YVuBLG,9.13854827,2019-07-02T20:40:00Z
2601,1Xy8nHgM47i6FHQP,19ZQn5nvoG39PhES,2.86312724,2019-07-02T20:11:00Z
2602,1NoPtJnH1GNviQy9,1o9sSeQ1SAzNBf6U,0.93639134,2019-07-02T14:59:00Z
2603,1W1zjR8SiDExk3CX,1Gv16bv4MT4KMMjK,11.7762345,2019-07-02T06:50:00Z
2604,1wmitYd7XE38T2n5,1REcDPnDsWxZsc6t,4.12863959,2019-07-02T02:18:00Z
2605,1wwNHorQoSkC6NxM,12prQfyBwRwiQ7xN,11.46202562,2019-07-02T11:30:00Z
2606,1aAHuEHLbe7DE9jy,3AZSyahATYfVAd1i,3.32800982,2019-07-02T00:46:00Z
2607,1BEmM3Ddv4o9jY9f,1YEs9MfeR9TTJ7HL,5.89064138,2019-07-02T12:36:00Z
2608,1YB137ChL817hoh2,1VECp2Uvcq4JEsEv,3.19034458,2019-07-02T20:10:00Z
2609,1E63uVpmLe4AMj6V,1xAP8fcDtF8bC1iz,2.01240986,2019-07-02T18:14:00Z
2610,1TySac9ASAqUD12T,12nx1RT4Sau3D2aX,0.26875662,2019-07-02T18:25:00Z
2611,1y9pJedRpkAis53A,1Snda2Tdx776g9jV,2.33604173,2019-07-02T00:33:00Z
2612,1CmCEQjx7QFdXDax,1PA3SuhtCjMMNEQV,0.11382017,2019-07-02T13:02:00Z
2613,1oeTDN5HqCg3T7VM,1FQBNMGgntQKst2f,10.58345211,2019-07-02T10:54:00Z
2614,1ry7u31iLPgEqmDF,1LGF8yTTgxqEp3mX,5.09142686,2019-07-02T21:11:00Z
2615,1AfUZmao8Q8K5CcP,1cc6EmB89iTQH8C3,10.90793199,2019-07-02T03:29:00Z
2616,1XkuXBH7JyiCRNsp,1Vb3yoA1UuHwoAGS,13.47550483,2019-07-02T07:11:00Z
2617,1Snda2Tdx776g9jV,1KuoQAUCvpfgWZ11,3.77884184,2019-07-02T04:03:00Z
2618,1f1KVJ1HD7WNNpqY,1ofRenewZhVKtP4Z,3.33724887,2019-07-02T09:49:00Z
2619,1MNWx7D4QRUUiG1c,1N1GanX4r3fBWAZQ,10.54547915,2019-07-02T03:36:00Z
2620,1F1GgPJ4vyFDpzpB,31u2kj2PUBoHKUe6,49.80487779,2019-07-02T03:44:00Z
2621,1cc6EmB89iTQH8C3,1PfW4rmw4VwCruo4,0.88611686,2019-07-02T02:39:00Z
2622,1TirB8QNsvB27LGc,1gyZ6NDSd4Fjqhz1,9.59405451,2019-07-02T12:45:00Z
2623,1UiBeQvQEtTj47qh,1aAHuEHLbe7DE9jy,13.9409517,2019-07-02T07:54:00Z
2624,14ArkDK15E15KjBS,1dBnZM2ZKr3V44Li,12.51342216,2019-07-02T18:08:00Z
2625,1CWzKN6dnGwkNwwL,1jmEHJTm62dP3wq9,7.60369345,2019-07-02T13:51:00Z
2626,1aish8o4qBwWJCLN,1LsRJxSoNRTqwb48,9.73620678,2019-07-02T10:06:00Z
2627,1NFvveM7rLnYRz6V,19FAKT2N5LniVr2M,5.91858381,2019-07-02T09:53:00Z
2628,1Q1Jx1FnagZcJ3Lo,1sVxLQ8462Q9kri7,8.95039803,2019-07-02T12:37:00Z
2629,1mTZ2KCk9vkDkx9m,1VYtDDv1ahbdRdfF,7.52678958,2019-07-02T21:12:00Z
2630,1trNjrZ7qc9pAyJg,1QX95PQkfufvsd76,2.32212611,2019-07-02T23:29:00Z
2631,18orPehj2oQLcE2H,31nV2DrVWAFeyqYT,9.8353375,2019-07-02T14:52:00Z
2632,1Fjwin5jGN8SXmxs,1KKjwT6AeP3onKpi,8.33278603,2019-07-02T02:06:00Z
2633,1a21yySbuwDuB3ks,1vPy17eombVGCr7m,0.02802653,2019-07-02T05:07:00Z
2634,1mPgySB6nNp4NtTA,1WDuTzvPch7rmU1X,14.1240747,2019-07-02T15:00:00Z
2635,1sMgDEqyNy2LKtHw,12bchPVYsFo4gYGV,0.36948058,2019-07-02T19:15:00Z
2636,1UH8DBVPdF4Sm5Hh,1TGvPHyhPH9E8NoN,3.27322073,2019-07-02T08:21:00Z
2637,1P5LZ9pox9y37PvG,1DA2zMwDA5txETci,5.58666927,2019-07-02T05:11:00Z
2638,1baPJZJavKVY7eW5,1m9P6QGeT5XApSjF,0.98644113,2019-07-02T01:19:00Z
2639,1FiNioNzpgymAubQ,31nV2DrVWAFeyqYT,3.72507468,2019-07-02T03:39:00Z
2640,1p1NJnWPxnBetJ7E,14pdSn19wptXxmSw,0.81574454,2019-07-02T14:19:00Z
2641,1qFjgSfPTQ1XSojB,1syBc5NTtNmk4btw,8.0959919,2019-07-02T03:58:00Z
2642,1GLA3tPmY3Gtn4fg,1NpApQNXEKfWoHD5,7.04113155,2019-07-02T20:36:00Z
2643,1Ya477bembmPDC5e,1Uhd4wi7qyD77d5D,13.34489852,2019-07-02T10:35:00Z
2644,1gMpeFZyZMJMBcSU,1j85QkqiMZzNH7xc,4.95325698,2019-07-02T14:56:00Z
2645,1c8eacFH4WH2tJia,1VBEWwGrVxxDmH7H,3.40223083,2019-07-02T06:00:00Z
2646,1hEbUwMWUEfaJYzB,1mPgySB6nNp4NtTA,3.02573253,2019-07-02T00:21:00Z
2647,1Pk225k3bpwmpgof,1VYtDDv1ahbdRdfF,7.34825196,2019-07-02T14:19:00Z
2648,1Eym1qWeXf6gGZHK,1ccgdQXiLLrhQ2QH,2.93372641,2019-07-02T00:13:00Z
2649,1JRtUG5Lb9TR5ftT,1UQRKVhaaiBykuHQ,2.38509938,2019-07-02T11:08:00Z
2650,1c8eacFH4WH2tJia,1qczkoAMQzbTPCNY,5.28354406,2019-07-02T16:53:00Z
2651,1ZDwWzY9axKu7AJL,1JB1hxGJQBRG5eVF,3.09870131,2019-07-02T04:16:00Z
2652,1G75HiEeJBQkDsS8,1YFVeahnYSW64Tmn,8.5571811,2019-07-02T20:41:00Z
2653,11BXeo4xAVEdmfkD,1s4DKiNkzLNKvebH,2.22731189,2019-07-02T16:56:00Z
2654,1YkHxsb1CniMTbv7,1ymF7aBmDAnmTR9Y,9.33009003,2019-07-02T16:38:00Z
2655,1P5LZ9pox9y37PvG,1R4s3ahHxYNoLUrc,5.09777005,2019-07-09T23:49:00Z
2656,1aAHuEHLbe7DE9jy,1VcAx2NyFCi7pmc8,11.64591014,2019-07-09T09:21:00Z
2657,148GPMKH7QD8tYb7,1dpaZX5GrgB1QB28,14.95893192,2019-07-09T04:53:00Z
2658,1Hn6EhDddRt6TuDW,1jVEEF9aaHDS2Xju,13.5041275,2019-07-09T08:55:00Z
2659,1eBUMG9wz5BKbkx4,17jC1Ei7B2LYpRju,9.11343021,2019-07-09T18:17:00Z
2660,1PeQ5DWwDRyaFsUH,1wmitYd7XE38T2n5,9.04207473,2019-07-09T13:58:00Z
2661,1mu4unH7AU6TwDq5,1jVEEF9aaHDS2Xju,2.96800093,2019-07-09T23:01:00Z
2662,1C1c9NfjmUH4i56s,1rgNxjB9oN2TJDev,4.70625085,2019-07-09T13:34:00Z
2663,1eBUMG9wz5BKbkx4,1L6ouHa3L2kuuBmY,2.16389509,2019-07-09T06:09:00Z
2664,11rS7WKDdVLtmpG4,1ehP4kraCyfDdin8,11.35995503,2019-07-09T19:35:00Z
2665,14pdSn19wptXxmSw,1RLBV7h2XHH7fnof,7.38852925,2019-07-09T15:35:00Z
2666,1qVtaChQVzoQPqUC,1DorH1thto4NDxNT,3.97123487,2019-07-09T02:30:00Z
2667,1zqvW4J1tBVfodm1,1b4cwTnfNcWn9zz2,0.19307933,2019-07-09T14:34:00Z
2668,1DEtNbkeByLEKrEN,1Zah9Cobj5DLP7dx,5.38624709,2019-07-09T05:52:00Z
2669,1L5CGrSA9Jc9jfD4,1FGuHFVV7PfVczfQ,7.43920909,2019-07-09T15:28:00Z
2670,1KpZXFFbQHyshdBR,1JB1hxGJQBRG5eVF,10.57992484,2019-07-09T00:18:00Z
2671,1DEtNbkeByLEKrEN,16fqu7hnqB6r2Qr8,12.92506644,2019-07-09T06:40:00Z
2672,1Qztqa7TeMpLNfG2,13e5rMp8T3rKpF5m,1.15023732,2019-07-09T22:37:00Z
2673,1zBxZBxG5FA8wyHv,1JJCDTwoAFteK613,5.10265185,2019-07-09T16:17:00Z
2674,1wqoMruVZjrAqRw2,3bT1sZ43sAMEmTAs,2.90351836,2019-07-09T05:20:00Z
2675,1tdNQa5ePjjY9dMK,1myL39jpsGfXAaRH,9.65388244,2019-07-09T11:52:00Z
2676,1jjTKyMs1hK42t6r,18Pwu5LG5mY6GwN9,13.75283131,2019-07-09T18:18:00Z
2677,1g36umfR2kiGj276,12tu3yoXAs5xf7FE,0.54086606,2019-07-09T19:27:00Z
2678,148GPMKH7QD8tYb7,17jC1Ei7B2LYpRju,1.0466964,2019-07-09T12:39:00Z
2679,1P2hrV8V5G8xNiob,1NFvveM7rLnYRz6V,5.4576231,2019-07-09T22:16:00Z
2680,12icaPSgNgN28QDh,1nKySGyDHiESYSt9,5.4473097,2019-07-09T08:27:00Z
2681,18xU1Uod8DEj59Q5,1QHZ5rZ7PKneyZs1,12.56777651,2019-07-09T18:39:00Z
2682,1Uhd4wi7qyD77d5D,1KMk4962MsDuK7b2,4.24088049,2019-07-09T13:14:00Z
2683,1meGAB6rHQVuvab9,3JNGSpTz4CW5hTzG,14.47088977,2019-07-09T19:19:00Z
2684,12tu3yoXAs5xf7FE,1bosF2uXW2LbGfEb,2.18350272,2019-07-09T06:18:00Z
2685,1QbYqZCBLH3uZvug,1MCX7JwBBHr7ogza,5.01486892,2019-07-09T10:03:00Z
2686,1MPX9humnLRCZmdo,3M239b5DEVh1NKFV,0.51260912,2019-07-09T00:38:00Z
2687,13wQdZHUzQQMBPQa,1LWBZk28j3vPRqMk,3.41373304,2019-07-09T06:27:00Z
2688,1Dnotr7p62Z9h1yv,1h9mEfenzJbW4gNk,5.27288895,2019-07-09T08:41:00Z
2689,14vbKu8RUhoJiuZz,1ofRenewZhVKtP4Z,10.34357499,2019-07-09T23:55:00Z
2690,1qVtaChQVzoQPqUC,1mu4unH7AU6TwDq5,11.61079885,2019-07-09T20:26:00Z
2691,1Fjwin5jGN8SXmxs,1mA26temRswXwWt5,1.04682503,2019-07-09T12:29:00Z
2692,1tQGNHthD2YaTMxB,1s4DKiNkzLNKvebH,4.75037017,2019-07-09T02:59:00Z
2693,1iQanud375u25sc9,1CBKUFsVDi3KMaRb,11.44575302,2019-07-09T03:22:00Z
2694,1j85QkqiMZzNH7xc,1mLnNP22PCYCsPAH,5.88828735,2019-07-09T00:46:00Z
2695,15JYDqiNtGUaXU8P,1wXzsg6aDRTfyCpn,6.45440295,2019-07-09T20:47:00Z
2696,1duDD76PYqtoyNfz,1d8edzTH8oYWX94B,2.9775433,2019-07-09T23:34:00Z
2697,1P48RS5DiLBxE7yU,1wQAavS7pKydFTtq,13.74412128,2019-07-09T06:34:00Z
2698,1nNWnTqffNRmJgUQ,1NoPtJnH1GNviQy9,13.00934039,2019-07-09T02:01:00Z
2699,1DA2zMwDA5txETci,1GgUk1pE2xYWkEp1,0.87619902,2019-07-09T03:37:00Z
2700,1gQ2G56Eq5L3bQb3,1F96QJxaM4UdvE9t,9.87913236,2019-07-09T04:57:00Z
2701,1mA26temRswXwWt5,1rQ6aDz23A2Wp9xk,8.19985353,2019-07-09T05:19:00Z
2702,1ATbkij2UzPu93eY,1P7QqLzF6JZ7hxuv,14.78206487,2019-07-09T07:46:00Z
2703,1yTE3Q7kRdzyuaA9,1H38vMgDepmZHMxt,7.32427207,2019-07-09T05:32:00Z
2704,1r7RxwaKdSRLiBNu,1wy5J2qUhmGY88jm,4.83333975,2019-07-09T17:38:00Z
2705,1uCzs2DS7L4tawtB,1nKySGyDHiESYSt9,4.81052373,2019-07-09T14:31:00Z
2706,1bMADFnNRNjk26ri,1abgQKZ9i3rBKpXP,7.44304165,2019-07-09T12:06:00Z
2707,1SvBuqRbpsFXezAx,1LsRJxSoNRTqwb48,2.4464489,2019-07-09T11:20:00Z
2708,11wfm6GjN3FT3jPu,1G8LrcvWxHvwBNPr,11.18635029,2019-07-09T03:28:00Z
2709,18Pwu5LG5mY6GwN9,1PsDbVGdT9Mcyj9d,12.52291412,2019-07-09T14:12:00Z
2710,1ACuhLy6uHKKpNH9,1MhamiF8tbDweUvM,12.70904711,2019-07-09T06:05:00Z
2711,1jFU921ThTZqpEV3,1zHdtY5BbP1Ydp4P,0.49447636,2019-07-09T14:03:00Z
2712,1SVP4oHqRKN4e6DR,1sMgDEqyNy2LKtHw,3.1214189,2019-07-09T22:15:00Z
2713,1QBKaXJNEFgNPPdB,1aish8o4qBwWJCLN,5.10267232,2019-07-09T14:40:00Z
2714,1UcQanrs8E9bF3fU,1vPy17eombVGCr7m,3.63737076,2019-07-09T02:00:00Z
2715,1JB1hxGJQBRG5eVF,1hnHy81d6mhKtPwf,5.94957144,2019-07-09T03:50:00Z
2716,1W2Z3WUV5mN1nmcH,1Hn6EhDddRt6TuDW,10.59188301,2019-07-09T18:17:00Z
2717,1JAy28H4PHXK5XsQ,1wU5UrH5NZ3FH341,1.79257044,2019-07-09T12:04:00Z
2718,1sMgDEqyNy2LKtHw,1VE4TNuRzEnLZSHa,4.06330631,2019-07-09T22:27:00Z
2719,1sdn3PZWak3MKjxE,1RLBV7h2XHH7fnof,14.59601088,2019-07-09T05:17:00Z
2720,1G2ycmVfbfgvvvF5,17PXXmDZ8EYKP5DJ,10.35730787,2019-07-09T14:10:00Z
2721,1FGuHFVV7PfVczfQ,1TySac9ASAqUD12T,13.66063092,2019-07-09T18:22:00Z
2722,1DNgwGvVTzNpDGop,1rxtaX3BLLRUwH2P,5.82416042,2019-07-09T04:08:00Z
2723,1Eym1qWeXf6gGZHK,1qXBAfygoKodh1X6,0.71817616,2019-07-09T09:13:00Z
2724,1nKySGyDHiESYSt9,1Hn6EhDddRt6TuDW,3.62687818,2019-07-09T21:02:00Z
2725,1LXdKPV49UPsP3Mc,1FvEuPX26fgowXFR,4.43241933,2019-07-09T23:11:00Z
2726,1Lm7CruzxRwQnb15,1BCunKfeARTRXgPx,0.3325717,2019-07-09T00:01:00Z
2727,1vPzykFZ81JA7fEP,17DAc2BTkRYYtkeJ,10.31000422,2019-07-09T13:59:00Z
2728,1HE5A9X4VFRvs69Q,13Pae9eivfoz8oAv,7.26013456,2019-07-09T12:43:00Z
2729,1FGuHFVV7PfVczfQ,14ArkDK15E15KjBS,1.27229084,2019-07-09T18:21:00Z
2730,1p1NJnWPxnBetJ7E,1Xy8nHgM47i6FHQP,8.40148664,2019-07-09T20:39:00Z
2731,18foFfVWmSCy51tw,1KpZXFFbQHyshdBR,3.15182298,2019-07-09T20:48:00Z
2732,1493T4n79LvMHtLx,1JRtUG5Lb9TR5ftT,14.33491377,2019-07-09T12:11:00Z
2733,18Pwu5LG5mY6GwN9,1NrC6c3u98T6eW3k,0.92490482,2019-07-09T18:56:00Z
2734,15xv1QXa549BPLQB,1QX95PQkfufvsd76,13.89243952,2019-07-09T21:37:00Z
2735,1w7PPqsKLwfwSnRo,1Qztqa7TeMpLNfG2,6.26237055,2019-07-09T03:18:00Z
2736,1mbwTWMeUgzSPG57,1DMFiMv2VN2GJqkZ,8.99902391,2019-07-09T20:08:00Z
2737,1KbtWS8KUUYsPXCp,1abgQKZ9i3rBKpXP,11.14587802,2019-07-09T12:56:00Z
2738,1nNWnTqffNRmJgUQ,1yTE3Q7kRdzyuaA9,1.32139305,2019-07-09T18:55:00Z
2739,16fqu7hnqB6r2Qr8,1o9sSeQ1SAzNBf6U,2.27322762,2019-07-09T08:40:00Z
2740,1FvEuPX26fgowXFR,1FGuHFVV7PfVczfQ,6.97088699,2019-07-09T00:53:00Z
2741,1wqoMruVZjrAqRw2,114219JPKvhccHHQ,5.07062723,2019-07-09T16:09:00Z
2742,1493T4n79LvMHtLx,1cvbrWWvoinEVJD3,3.27352399,2019-07-09T14:58:00Z
2743,1Fd1eaAEp2SQCLn4,1LpLMQhdQxMc6q5G,11.1858296,2019-07-09T02:45:00Z
2744,1tQGNHthD2YaTMxB,1HE5A9X4VFRvs69Q,12.73519225,2019-07-09T09:39:00Z
2745,13UkDZHj8FgGUDxb,122WkN2Fz9mA3hfE,0.25548441,2019-07-09T06:45:00Z
2746,1Fjwin5jGN8SXmxs,1AqzYMpNCWPVnXcB,6.35023508,2019-07-09T09:28:00Z
2747,1W1z6QA3tiZwBVWm,1YEs9MfeR9TTJ7HL,1.6227404,2019-07-09T19:39:00Z
2748,1BYnrH8VYnoVkfPa,1y5g9KS8dGm9MDKE,7.83260121,2019-07-09T18:22:00Z
2749,1FvEuPX26fgowXFR,122WkN2Fz9mA3hfE,12.01642728,2019-07-09T21:27:00Z
2750,176RurrR4vviP3HT,1npjBuCQ8DHY1vGP,7.03273815,2019-07-09T13:23:00Z
2751,1b66vZr5A7ByxDCX,1nNWnTqffNRmJgUQ,5.00667772,2019-07-09T14:41:00Z
2752,1jFU921ThTZqpEV3,1zHrLkCwGbTSiQL5,0.33622707,2019-07-09T19:24:00Z
2753,1nKySGyDHiESYSt9,1eaNSJ7sMaSnHiQF,13.91106217,2019-07-09T05:58:00Z
2754,1wA9JQv5bBoHTNkX,1aJYLcVYbQnzu7Dj,14.30273855,2019-07-09T09:28:00Z
2755,1BdPFKagrNfN8TyZ,1p1NJnWPxnBetJ7E,11.30211841,2019-07-09T06:25:00Z
2756,1XCTbHaM3HV8uAPU,3wyLJFqFLkmqeTeH,3.33700117,2019-07-09T09:38:00Z
2757,1TGvPHyhPH9E8NoN,1RLBV7h2XHH7fnof,6.52063156,2019-07-16T14:15:00Z
2758,17bvDWXiiiZPd1Tx,1w7PPqsKLwfwSnRo,10.85635005,2019-07-16T10:29:00Z
2759,1sMgDEqyNy2LKtHw,16vgu1XxbXQedo5J,3.03200913,2019-07-16T19:09:00Z
2760,1NLyx6613EJJh4si,1o6GH2muzvc7HAaY,7.18680535,2019-07-16T15:58:00Z
2761,1fXRWFQkodYaJSn4,1LGF8yTTgxqEp3mX,11.8792331,2019-07-16T13:58:00Z
2762,1kKA1dfnPdMxRYE6,1wA9JQv5bBoHTNkX,2.13407574,2019-07-16T13:40:00Z
2763,1bYmgRkXfXFc6ceB,14UGXj9yALWG5945,7.39803486,2019-07-16T05:23:00Z
2764,1wy5J2qUhmGY88jm,1Aw9xEQ8dc8VVMNb,2.72120461,2019-07-16T11:30:00Z
2765,11wfm6GjN3FT3jPu,1wXzsg6aDRTfyCpn,11.36944178,2019-07-16T06:53:00Z
2766,1NCyyQsgcY76GjJ5,188wH6iE31SEdx9j,11.00798808,2019-07-16T03:04:00Z
2767,1NoPtJnH1GNviQy9,18rd9ES2jc2qTb7b,1.00785432,2019-07-16T17:32:00Z
2768,1fJYDzKVrv6qvx3B,1P48RS5DiLBxE7yU,3.75104166,2019-07-16T01:10:00Z
2769,18orPehj2oQLcE2H,14Jd4ekZxoBJR4vJ,1.57619948,2019-07-16T18:59:00Z
2770,1wGEGMDFxPNkzVNo,1vZyLz5AuLBMgk8a,3.94665405,2019-07-16T17:51:00Z
2771,1wUaHVe7NRc8Xoa9,31nV2DrVWAFeyqYT,2.36040556,2019-07-16T05:23:00Z
2772,1syBc5NTtNmk4btw,1ZY37tAH9aZ1ogBx,6.8542049,2019-07-16T00:03:00Z
2773,1beG3gmDh2nieyPH,13B2Q2Eg3888BFJv,10.4690591,2019-07-16T01:20:00Z
2774,1NCyyQsgcY76GjJ5,1UCSnMk7TCn7w32v,2.26988098,2019-07-16T02:50:00Z
2775,12cBPqD9dN948L6R,1GBqzXwG9BkMXDFf,1.62102409,2019-07-16T14:10:00Z
2776,1c8eacFH4WH2tJia,1QBKaXJNEFgNPPdB,0.68326351,2019-07-16T18:24:00Z
2777,1wjB3BRssDb8BhZ2,1nNWnTqffNRmJgUQ,1.77819373,2019-07-16T02:13:00Z
2778,1r7RxwaKdSRLiBNu,13BHTAnXc77gk9xm,10.76780213,2019-07-16T03:18:00Z
2779,1JEXR99UAW4SM3aM,19jB7F5cM6eDJD96,12.13342903,2019-07-16T15:56:00Z
2780,1BxVvVSPBAfjHad1,1BxVvVSPBAfjHad1,7.2880778,2019-07-16T16:48:00Z
2781,11rS7WKDdVLtmpG4,1W1z6QA3tiZwBVWm,9.95890851,2019-07-16T23:41:00Z
2782,169kfoy2ms629N4R,1tQGNHthD2YaTMxB,2.56675757,2019-07-16T18:41:00Z
2783,1w7PPqsKLwfwSnRo,1xGdcKsU3QqEKzwT,9.97399736,2019-07-16T19:13:00Z
2784,1i2rJn5aYf2kpP8P,1XTXyNWwC6qJPofe,1.86627834,2019-07-16T16:08:00Z
2785,1QX95PQkfufvsd76,13wQdZHUzQQMBPQa,11.55614691,2019-07-16T04:45:00Z
2786,1qFjgSfPTQ1XSojB,1PEDHBz1wPsrxD1r,10.96947122,2019-07-16T05:31:00Z
2787,1CiKTHZmnrv53NdE,1d8edzTH8oYWX94B,2.75167793,2019-07-16T04:53:00Z
2788,1NtyM4w2eJYmcELe,1DT5XE2pRiJmX718,4.37208167,2019-07-16T03:53:00Z
2789,1d8edzTH8oYWX94B,1bQPxmPLdN1ddTT1,5.69213667,2019-07-16T11:51:00Z
2790,1WB9gmep4jiq2aFh,1BtvsdcRTNNxrZUb,14.56048541,2019-07-16T15:21:00Z
2791,1CJCQ76bYE1bU6XP,12HFq7AZAMcJEnpD,13.19452292,2019-07-16T21:40:00Z
2792,1sQnDPLJ6nx1gzYK,1vMRWSipQWE9JQGM,6.19204133,2019-07-16T09:49:00Z
2793,1TirB8QNsvB27LGc,1jjTKyMs1hK42t6r,6.78336689,2019-07-16T07:15:00Z
2794,1HqwZnXkAFzBsHq4,1vMRWSipQWE9JQGM,0.36493347,2019-07-16T08:52:00Z
2795,1AqzYMpNCWPVnXcB,1XTXyNWwC6qJPofe,0.08400172,2019-07-16T00:56:00Z
2796,11YtRTFn1oSL3zXR,1WDuTzvPch7rmU1X,12.7555677,2019-07-16T23:35:00Z
2797,1mTZ2KCk9vkDkx9m,1dgP5iYyNjEdjzJf,1.86613596,2019-07-16T19:57:00Z
2798,17jC1Ei7B2LYpRju,18UGxBHYepxtgc8b,4.58227629,2019-07-16T12:56:00Z
2799,1iQanud375u25sc9,1x3oJrxeU5vzaB1i,4.81264312,2019-07-16T00:06:00Z
2800,1yQ8zfL35VnatKho,1sFptmjCiyXHK7hD,1.13435907,2019-07-16T21:14:00Z
2801,1YB137ChL817hoh2,11MU3s8mo2Wv4mP4,7.78259184,2019-07-16T01:41:00Z
2802,1wXB1erZ6bdzRkrJ,1XNMrCC1GkssGbtP,11.65677155,2019-07-16T07:09:00Z
2803,1NqoZi13GJHL1hFj,1Z23NF2em6mRjZK2,1.61350242,2019-07-16T06:43:00Z
2804,17zMxo79qrrMS44q,1gQ2G56Eq5L3bQb3,10.97903708,2019-07-16T10:29:00Z
2805,11rS7WKDdVLtmpG4,11YtRTFn1oSL3zXR,3.39813889,2019-07-16T12:34:00Z
2806,11eMrU18s6g9mah1,1V25NM2bkpKdxp4K,7.90596554,2019-07-16T06:44:00Z
2807,1CiKTHZmnrv53NdE,1P5LZ9pox9y37PvG,8.63173957,2019-07-16T20:59:00Z
2808,17Gy8pc9sKyMbPcs,1NQ5KzpBCyTRmYeU,0.54907123,2019-07-16T23:41:00Z
2809,18rd9ES2jc2qTb7b,1NFvveM7rLnYRz6V,1.79149466,2019-07-16T12:49:00Z
2810,1WNtMDRb4yNLn2nC,1MyaugtnNCwZurS1,2.17922855,2019-07-16T17:12:00Z
2811,18a2q1L9WCa1KKkT,1CJCQ76bYE1bU6XP,11.49784543,2019-07-16T01:22:00Z
2812,1gYcAvNY55KkGMRy,1EzihFiUPDcFgs16,1.19188286,2019-07-16T04:22:00Z
2813,1kKA1dfnPdMxRYE6,1fXRWFQkodYaJSn4,9.14762278,2019-07-16T01:42:00Z
2814,1jZgVWJPAN8Qy6nv,1REcDPnDsWxZsc6t,4.3672693,2019-07-16T03:33:00Z
2815,1KB4sdPTyNYb4jRK,1EzihFiUPDcFgs16,0.09631823,2019-07-16T14:51:00Z
2816,1j85QkqiMZzNH7xc,1TxPGdCGUmsBP2ew,10.52671413,2019-07-16T17:48:00Z
2817,1Ze691FgqxPp3PhR,1bP5YXsxy97Q1Run,1.63301207,2019-07-16T08:28:00Z
2818,13e5rMp8T3rKpF5m,1j85QkqiMZzNH7xc,7.93306496,2019-07-16T03:07:00Z
2819,1LpLMQhdQxMc6q5G,1h6Xw6p2BgV6aevF,14.8210239,2019-07-16T20:25:00Z
2820,1NtyM4w2eJYmcELe,1LN1xcu2R45BkZzF,9.91390822,2019-07-16T18:19:00Z
2821,1PEDHBz1wPsrxD1r,1f1KVJ1HD7WNNpqY,0.98649784,2019-07-16T22:09:00Z
2822,1sVxLQ8462Q9kri7,11eYHFj3K6Q4neLR,5.43998238,2019-07-16T06:15:00Z
2823,17zMxo79qrrMS44q,1G2ycmVfbfgvvvF5,7.16938974,2019-07-16T15:46:00Z
2824,1WDuTzvPch7rmU1X,1bosF2uXW2LbGfEb,8.12249449,2019-07-16T14:12:00Z
2825,1d8edzTH8oYWX94B,1Nr6EZU6J1jaExxP,10.45120875,2019-07-16T22:20:00Z
2826,1ENtKQwCYB1gQwwR,1qczkoAMQzbTPCNY,9.59983043,2019-07-16T04:25:00Z
2827,19GRgUUEQCUDKfgA,1FE7n6nhVhpG36AG,3.09579349,2019-07-16T07:38:00Z
2828,1BdPFKagrNfN8TyZ,1mLnNP22PCYCsPAH,9.61692327,2019-07-16T18:11:00Z
2829,1zBxZBxG5FA8wyHv,1oS85NnHsY7UabsF,12.42177049,2019-07-16T16:30:00Z
2830,1MyaugtnNCwZurS1,31u2kj2PUBoHKUe6,3.95246691,2019-07-16T21:45:00Z
2831,18a2q1L9WCa1KKkT,1a2LgFdh5Fpt4KCF,2.94443853,2019-07-16T23:32:00Z
2832,19T21f7VpjFJCyHi,1HHiiFkcuZ8pze9D,14.80028446,2019-07-16T16:24:00Z
2833,1TN5qzi3ueRYX3S1,1j2k7sqBneFq8w3p,2.04896244,2019-07-16T08:01:00Z
2834,1SbyfAq3RdMgwkLF,19GRgUUEQCUDKfgA,7.36236778,2019-07-16T05:20:00Z
2835,1JAYcmmQMYT8b8h3,11Xc93NZ4ssVE5XJ,10.5120746,2019-07-16T04:45:00Z
2836,1jmEHJTm62dP3wq9,1KMk4962MsDuK7b2,14.00321004,2019-07-16T21:04:00Z
2837,1KMk4962MsDuK7b2,1G75HiEeJBQkDsS8,7.61263469,2019-07-16T01:26:00Z
2838,1sQnDPLJ6nx1gzYK,1Lm7CruzxRwQnb15,14.58551429,2019-07-16T09:40:00Z
2839,11CxF3hJ67djH9EQ,11XHsaRP5ueXM5Kg,5.43930087,2019-07-16T00:05:00Z
2840,1Uhd4wi7qyD77d5D,1KYrTSP42ExcvCAR,4.17134451,2019-07-16T08:16:00Z
2841,1MNWx7D4QRUUiG1c,1DA2zMwDA5txETci,9.50551964,2019-07-16T22:02:00Z
2842,1NQ5KzpBCyTRmYeU,12icaPSgNgN28QDh,2.31735137,2019-07-16T18:42:00Z
2843,1dBnZM2ZKr3V44Li,1hEbUwMWUEfaJYzB,9.79400811,2019-07-16T21:52:00Z
2844,1KRGS7Jo1z9Qj82v,1kTRDdcauBB9x9H7,14.54304439,2019-07-16T19:34:00Z
2845,1FGuHFVV7PfVczfQ,1rywYxiEGmh1J5gg,11.81633795,2019-07-16T10:28:00Z
2846,12cBPqD9dN948L6R,1rQ6aDz23A2Wp9xk,0.43482753,2019-07-16T18:51:00Z
2847,1vPy17eombVGCr7m,1W2Z3WUV5mN1nmcH,14.30764924,2019-07-16T08:46:00Z
2848,1KpZXFFbQHyshdBR,1yCEH1ZvzKth2QMM,11.53859954,2019-07-16T05:22:00Z
2849,1sMgDEqyNy2LKtHw,1qaShFAfDNwuCNHL,3.32326826,2019-07-16T06:40:00Z
2850,1sPNuStJDpGtFncE,1KbtWS8KUUYsPXCp,9.41226946,2019-07-16T02:50:00Z
2851,1y5g9KS8dGm9MDKE,199fN4m51aLgVqHd,4.68276031,2019-07-16T00:04:00Z
2852,1T79Rac8NFGHhECF,1F6WecCRkeQ7hcPK,3.41920249,2019-07-16T06:11:00Z
2853,1KbtWS8KUUYsPXCp,16wAiLkpMMuJMaY5,12.54797257,2019-07-16T11:11:00Z
2854,1wwNHorQoSkC6NxM,1rm6mDrQQKSefJTJ,4.85865632,2019-07-16T14:13:00Z
2855,18orPehj2oQLcE2H,1NrC6c3u98T6eW3k,7.29218373,2019-07-16T18:27:00Z
2856,12L3GGbNeTTeMwrz,1SvBuqRbpsFXezAx,10.23651991,2019-07-16T21:11:00Z
2857,1JDQxwrCwhnrcNLH,15NBVGLtZxFXPYNJ,14.18294439,2019-07-16T14:44:00Z
2858,1mbwTWMeUgzSPG57,1bP5YXsxy97Q1Run,6.02984835,2019-07-16T17:26:00Z
2859,1YTKJrW55hcdQmNJ,1rxtaX3BLLRUwH2P,8.42022557,2019-07-23T19:12:00Z
2860,1sdn3PZWak3MKjxE,1sFptmjCiyXHK7hD,7.66719676,2019-07-23T15:56:00Z
2861,1pBZdHa4eenRLFEL,1s4DKiNkzLNKvebH,0.69097845,2019-07-23T13:13:00Z
2862,1yQ8zfL35VnatKho,1qoBFvYFCweu3FUZ,1.96657155,2019-07-23T11:18:00Z
2863,1Nr6EZU6J1jaExxP,11YDkk59nLowFrWC,1.51220761,2019-07-23T05:39:00Z
2864,1c8eacFH4WH2tJia,1Zah9Cobj5DLP7dx,13.43903287,2019-07-23T17:38:00Z
2865,1AqzYMpNCWPVnXcB,1Lq6JbQon9FD4mXf,4.1927117,2019-07-23T23:59:00Z
2866,12prQfyBwRwiQ7xN,1CBKUFsVDi3KMaRb,4.72157843,2019-07-23T23:21:00Z
2867,1P5LZ9pox9y37PvG,1JAYcmmQMYT8b8h3,13.66401286,2019-07-23T04:28:00Z
2868,1F96QJxaM4UdvE9t,1qVtaChQVzoQPqUC,6.79692245,2019-07-23T06:07:00Z
2869,1Ya477bembmPDC5e,15Ha2CawZG7cHxRA,10.11232512,2019-07-23T19:55:00Z
2870,1zHrLkCwGbTSiQL5,1G75HiEeJBQkDsS8,0.13942715,2019-07-23T02:16:00Z
2871,1g36umfR2kiGj276,1Rbpeq3vVvvgJjUo,10.7819182,2019-07-23T04:36:00Z
2872,19GRgUUEQCUDKfgA,12icaPSgNgN28QDh,2.23763024,2019-07-23T17:47:00Z
2873,1Lq6JbQon9FD4mXf,1G75HiEeJBQkDsS8,10.63021588,2019-07-23T10:20:00Z
2874,1C1c9NfjmUH4i56s,12S1AvDrL5Mrj5ad,11.37699405,2019-07-23T14:02:00Z
2875,1WKBC1BaA9puhK8J,12oqboLigEsKhqv4,3.91550567,2019-07-23T11:30:00Z
2876,1uCqxAp713f1gSic,1Eym1qWeXf6gGZHK,3.30853549,2019-07-23T11:34:00Z
2877,1YEs9MfeR9TTJ7HL,1HE5A9X4VFRvs69Q,10.50858805,2019-07-23T04:40:00Z
2878,1UCSnMk7TCn7w32v,3M239b5DEVh1NKFV,0.77407709,2019-07-23T00:43:00Z
2879,1VECp2Uvcq4JEsEv,1ry7u31iLPgEqmDF,0.53909663,2019-07-23T12:43:00Z
2880,1KuoQAUCvpfgWZ11,1FCwKXNELWCLUa7F,1.54475008,2019-07-23T01:24:00Z
2881,1Pk225k3bpwmpgof,18oo53hohSLkGFP9,7.07249665,2019-07-23T19:27:00Z
2882,1BEmM3Ddv4o9jY9f,1BEmM3Ddv4o9jY9f,4.59019126,2019-07-23T01:08:00Z
2883,1JwrHM2qHoXKX53t,1zbrJmHtZS58T5mS,9.17923293,2019-07-23T22:54:00Z
2884,1uyH4EUyiub39rLc,1968pTj3QcDShL9b,7.47699651,2019-07-23T01:49:00Z
2885,1y4cfwPZLE6pHUxG,1c8eacFH4WH2tJia,2.16188305,2019-07-23T17:27:00Z
2886,1BbEZgaTPALXoQhj,1PUvb5fpX622F1by,12.00861791,2019-07-23T17:50:00Z
2887,1KpZXFFbQHyshdBR,1G75HiEeJBQkDsS8,8.03928747,2019-07-23T15:30:00Z
2888,1BCunKfeARTRXgPx,1t5yy1psMdPdo33v,11.91350241,2019-07-23T11:31:00Z
2889,1nGU1dbHLQRRn5ZD,188wH6iE31SEdx9j,5.27839145,2019-07-23T21:47:00Z
2890,1yCEH1ZvzKth2QMM,1KB4sdPTyNYb4jRK,4.32422179,2019-07-23T14:24:00Z
2891,1H9EzdacNFBExDbt,1WTUN6uCaG87dfRb,2.55295639,2019-07-23T04:25:00Z
2892,1cvbrWWvoinEVJD3,1ymF7aBmDAnmTR9Y,7.52155183,2019-07-23T01:23:00Z
2893,1MkMQvMbp7DQFhAP,1piv4LTXoueAARJY,29.98996084,2019-07-23T05:52:00Z
2894,17bvDWXiiiZPd1Tx,3Y8vT7ASAd4qeB7t,0.70453692,2019-07-23T22:39:00Z
2895,17jKMwUrLoqVr6HG,12L3GGbNeTTeMwrz,12.47863413,2019-07-23T23:56:00Z
2896,1rxtaX3BLLRUwH2P,1Vb3yoA1UuHwoAGS,13.61602668,2019-07-23T06:08:00Z
2897,12nx1RT4Sau3D2aX,1SVP4oHqRKN4e6DR,14.42955084,2019-07-23T21:15:00Z
2898,1T79Rac8NFGHhECF,1JB1hxGJQBRG5eVF,5.77534244,2019-07-23T21:15:00Z
2899,1F96QJxaM4UdvE9t,1NpApQNXEKfWoHD5,12.39473263,2019-07-23T03:30:00Z
2900,1R4s3ahHxYNoLUrc,1V9JtnLJxgFSR6DX,3.35247425,2019-07-23T06:09:00Z
2901,1iABwSrL7rbezk5N,1r7RxwaKdSRLiBNu,11.101958,2019-07-23T17:11:00Z
2902,1DUQpGNY5yCNs7U3,1KsiwuEHiEUovHeg,11.20401714,2019-07-23T22:58:00Z
2903,1jZgVWJPAN8Qy6nv,1YRiDhGvwuLrmoBE,8.10241256,2019-07-23T08:48:00Z
2904,1pBZdHa4eenRLFEL,1JAy28H4PHXK5XsQ,5.4173295,2019-07-23T09:36:00Z
2905,18Pwu5LG5mY6GwN9,16vgu1XxbXQedo5J,0.61778614,2019-07-23T07:25:00Z
2906,1QbYqZCBLH3uZvug,1iQanud375u25sc9,3.96805234,2019-07-23T14:35:00Z
2907,1vMRWSipQWE9JQGM,1rxtaX3BLLRUwH2P,9.5670232,2019-07-23T13:13:00Z
2908,17zMxo79qrrMS44q,1JJCDTwoAFteK613,7.14848866,2019-07-23T13:25:00Z
2909,1wRJF38GuNp6V9Ag,1K7iQ6QudDFxU198,2.12539273,2019-07-23T23:10:00Z
2910,1QBKaXJNEFgNPPdB,1w4DDT88jkdvqU1H,2.00917528,2019-07-23T02:57:00Z
2911,19T21f7VpjFJCyHi,18rd9ES2jc2qTb7b,12.03505112,2019-07-23T23:47:00Z
2912,1bMrs8HxrWzH491H,3M239b5DEVh1NKFV,2.50483826,2019-07-23T19:19:00Z
2913,1sVxLQ8462Q9kri7,1LroL5DaYgBum5fR,10.87665762,2019-07-23T02:42:00Z
2914,1PgSmZRijboCzfp3,1eaNSJ7sMaSnHiQF,2.29453799,2019-07-23T19:23:00Z
2915,1f2nkejfSgUYoEPm,1MyaugtnNCwZurS1,8.48055733,2019-07-23T17:17:00Z
2916,1XNMrCC1GkssGbtP,1mTZ2KCk9vkDkx9m,9.7150512,2019-07-23T00:10:00Z
2917,1sXKD77J9MWK6vBR,1td6fZydavhWrvD8,9.42713525,2019-07-23T02:04:00Z
2918,1W2Z3WUV5mN1nmcH,1Hn6EhDddRt6TuDW,0.54077273,2019-07-23T06:20:00Z
2919,1LroL5DaYgBum5fR,1uyH4EUyiub39rLc,4.61505733,2019-07-23T06:34:00Z
2920,1YHujKKw4PahsN2i,19yUWzvb2G43tDF5,13.88410595,2019-07-23T22:32:00Z
2921,1S8dkAL66y1uN2Ji,15Ha2CawZG7cHxRA,4.07922443,2019-07-23T15:23:00Z
2922,1j2k7sqBneFq8w3p,1TN5qzi3ueRYX3S1,7.13736645,2019-07-23T15:28:00Z
2923,1Jbzz4MaVG2UiRoC,1Ep6D28bJwQ9fhu2,1.2606898,2019-07-23T16:52:00Z
2924,16vgu1XxbXQedo5J,1R4s3ahHxYNoLUrc,1.13004374,2019-07-23T17:24:00Z
2925,1P5LZ9pox9y37PvG,1j2k7sqBneFq8w3p,4.23318332,2019-07-23T20:07:00Z
2926,13BHTAnXc77gk9xm,11wfm6GjN3FT3jPu,8.37130701,2019-07-23T03:31:00Z
2927,1mA26temRswXwWt5,1Uhd4wi7qyD77d5D,4.24367106,2019-07-23T23:58:00Z
2928,1fJYDzKVrv6qvx3B,1NZ3GAtqtJP25yF4,9.75869033,2019-07-23T03:59:00Z
2929,1PeQ5DWwDRyaFsUH,1wmitYd7XE38T2n5,1.19998506,2019-07-23T03:50:00Z
2930,19yUWzvb2G43tDF5,17Gy8pc9sKyMbPcs,2.98211577,2019-07-23T18:49:00Z
2931,1rTuDkQxjRckeCCs,3bBqbQivvMVbDbZj,10.98776661,2019-07-23T09:06:00Z
2932,1uCzs2DS7L4tawtB,1LpLMQhdQxMc6q5G,8.08434231,2019-07-23T18:38:00Z
2933,1ofRenewZhVKtP4Z,1GgUk1pE2xYWkEp1,4.31246907,2019-07-23T17:52:00Z
2934,122WkN2Fz9mA3hfE,1kBAW4GbqXKcv5xo,2.32319904,2019-07-23T03:29:00Z
2935,11YtRTFn1oSL3zXR,1iQanud375u25sc9,0.04336576,2019-07-23T17:12:00Z
2936,1BEmM3Ddv4o9jY9f,1h7Tn2rAKZpPs85i,3.20927317,2019-07-23T02:14:00Z
2937,1sPNuStJDpGtFncE,1PsDbVGdT9Mcyj9d,1.97567337,2019-07-23T01:51:00Z
2938,1zqvW4J1tBVfodm1,199fN4m51aLgVqHd,14.99668122,2019-07-23T02:54:00Z
2939,1gJ4ncA1edARWrbB,1ykpUg4NEwL4BBJa,3.15061309,2019-07-23T12:56:00Z
2940,1PeQ5DWwDRyaFsUH,1ykpUg4NEwL4BBJa,8.24574167,2019-07-23T20:54:00Z
2941,1HSG21KF9DsV9h8v,16vgu1XxbXQedo5J,8.62529006,2019-07-23T18:34:00Z
2942,1EzihFiUPDcFgs16,1jZgVWJPAN8Qy6nv,3.40389842,2019-07-23T14:12:00Z
2943,1JJCDTwoAFteK613,1CmCEQjx7QFdXDax,0.2894307,2019-07-23T10:35:00Z
2944,1N1GanX4r3fBWAZQ,17HJUzK5vEjDaUCH,8.5271503,2019-07-23T12:41:00Z
2945,1UcQanrs8E9bF3fU,1nKySGyDHiESYSt9,13.15233186,2019-07-23T08:24:00Z
2946,13UkDZHj8FgGUDxb,1PeQ5DWwDRyaFsUH,1.61011981,2019-07-23T02:22:00Z
2947,1ETvKBaUPiin8YVz,1dNHdTLMNXDJ6XCm,0.40761419,2019-07-23T07:25:00Z
2948,1ENtKQwCYB1gQwwR,1rWJ2i7CyHU2Ns4m,1.13072254,2019-07-23T09:13:00Z
2949,1DNgwGvVTzNpDGop,33YWCjBomCEfoFyz,2.38596264,2019-07-23T07:42:00Z
2950,1FGuHFVV7PfVczfQ,1W1z6QA3tiZwBVWm,10.64299281,2019-07-23T21:04:00Z
2951,1Ya477bembmPDC5e,1cKXYF2pg3VQZCCd,10.5804685,2019-07-23T13:44:00Z
2952,1MQnLDQJBZU1p4Tt,1ESLD8zxDkmFhWpj,7.04219969,2019-07-23T18:24:00Z
2953,17Gy8pc9sKyMbPcs,1Bv2FekYLfDSQxso,9.73562295,2019-07-23T02:04:00Z
2954,1KMk4962MsDuK7b2,1mRAifCi77m6vAxM,13.59069917,2019-07-23T17:19:00Z
2955,1WKBC1BaA9puhK8J,1BdPFKagrNfN8TyZ,0.66844212,2019-07-23T14:46:00Z
2956,1F96QJxaM4UdvE9t,1CmCEQjx7QFdXDax,6.16899471,2019-07-23T11:43:00Z
2957,1bMrs8HxrWzH491H,3Y8vT7ASAd4qeB7t,1.19026233,2019-07-23T18:00:00Z
2958,1P2hrV8V5G8xNiob,14pdSn19wptXxmSw,2.56334789,2019-07-23T22:28:00Z
2959,1PUvb5fpX622F1by,1G8LrcvWxHvwBNPr,7.1768428,2019-07-23T18:40:00Z
2960,19T21f7VpjFJCyHi,3bT1sZ43sAMEmTAs,1.20815705,2019-07-23T01:29:00Z
2961,1GBL1vT38bfoigJf,1gJ4ncA1edARWrbB,14.3929046,2019-07-30T12:19:00Z
2962,13X4eqxD5uQA1X5Y,1HHiiFkcuZ8pze9D,3.57928386,2019-07-30T23:57:00Z
2963,1DNgwGvVTzNpDGop,1Kp41jcUfeoKB8Np,3.72153082,2019-07-30T00:44:00Z
2964,1G2ycmVfbfgvvvF5,12HFq7AZAMcJEnpD,11.5627935,2019-07-30T21:51:00Z
2965,1nGU1dbHLQRRn5ZD,1TirB8QNsvB27LGc,2.02902018,2019-07-30T11:06:00Z
2966,1PgSmZRijboCzfp3,1wQAavS7pKydFTtq,5.22015792,2019-07-30T22:17:00Z
2967,1L94V1WA3RLHpswz,1kKA1dfnPdMxRYE6,3.10645787,2019-07-30T08:15:00Z
2968,1a21yySbuwDuB3ks,1baPJZJavKVY7eW5,4.78213398,2019-07-30T17:02:00Z
2969,11rS7WKDdVLtmpG4,14Jd4ekZxoBJR4vJ,9.36979379,2019-07-30T17:42:00Z
2970,1hmDDQnZd3fwKFds,1TZFKKsBA219W6qT,7.55040464,2019-07-30T18:44:00Z
2971,1r7RxwaKdSRLiBNu,3TwobS8w1RnXNQzC,9.20916697,2019-07-30T02:33:00Z
2972,1Cm493HpDrKek14f,1eBUMG9wz5BKbkx4,10.77598939,2019-07-30T07:39:00Z
2973,1dgP5iYyNjEdjzJf,176bFA8cpA43nK9s,3.60113172,2019-07-30T12:07:00Z
2974,176RurrR4vviP3HT,12nx1RT4Sau3D2aX,7.0901599,2019-07-30T13:38:00Z
2975,14Jd4ekZxoBJR4vJ,1nGU1dbHLQRRn5ZD,12.53709373,2019-07-30T07:13:00Z
2976,1qFjgSfPTQ1XSojB,1VhigAMVPspqh7MT,13.48866982,2019-07-30T04:50:00Z
2977,1uVhtcCtafuHSion,1pBZdHa4eenRLFEL,5.55303521,2019-07-30T09:11:00Z
2978,13e5rMp8T3rKpF5m,1ZY37tAH9aZ1ogBx,12.83119594,2019-07-30T01:45:00Z
2979,18Pwu5LG5mY6GwN9,1Uhd4wi7qyD77d5D,4.5712473,2019-07-30T06:48:00Z
2980,1ACuhLy6uHKKpNH9,1Kp41jcUfeoKB8Np,0.60233276,2019-07-30T04:21:00Z
2981,1bYmgRkXfXFc6ceB,1Kp41jcUfeoKB8Np,3.02639537,2019-07-30T19:27:00Z
2982,1BbEZgaTPALXoQhj,1zHrLkCwGbTSiQL5,1.41238916,2019-07-30T15:32:00Z
2983,1tQGNHthD2YaTMxB,12HFq7AZAMcJEnpD,13.27962112,2019-07-30T21:37:00Z
2984,1TN5qzi3ueRYX3S1,1QEE1bTY9qBWgRVh,8.01391528,2019-07-30T15:00:00Z
2985,1mTZ2KCk9vkDkx9m,1493T4n79LvMHtLx,11.18118132,2019-07-30T18:26:00Z
2986,1EitxxxYaR5ynDrK,31nV2DrVWAFeyqYT,2.32174419,2019-07-30T10:39:00Z
2987,1ry7u31iLPgEqmDF,13V81CAdqreV7Zgv,2.06404192,2019-07-30T12:24:00Z
2988,1DT5XE2pRiJmX718,3wyLJFqFLkmqeTeH,4.63610355,2019-07-30T15:34:00Z
2989,1b6KPEtESCymyBS1,1bMADFnNRNjk26ri,4.72419045,2019-07-30T17:43:00Z
2990,1SbyfAq3RdMgwkLF,1W2Z3WUV5mN1nmcH,12.7703845,2019-07-30T01:51:00Z
2991,1zHdtY5BbP1Ydp4P,1Q1Jx1FnagZcJ3Lo,12.63543512,2019-07-30T21:23:00Z
2992,1NLyx6613EJJh4si,1ZLAAeNAZfir9wS4,6.10092745,2019-07-30T02:13:00Z
2993,1jFU921ThTZqpEV3,17zMxo79qrrMS44q,1.32846857,2019-07-30T05:33:00Z
2994,17jC1Ei7B2LYpRju,1Aw9xEQ8dc8VVMNb,4.67158552,2019-07-30T10:58:00Z
2995,1JAy28H4PHXK5XsQ,1NrC6c3u98T6eW3k,14.40265584,2019-07-30T03:50:00Z
2996,1ofRenewZhVKtP4Z,11YtRTFn1oSL3zXR,2.11533499,2019-07-30T18:21:00Z
2997,1sMgDEqyNy2LKtHw,11BXeo4xAVEdmfkD,6.42507446,2019-07-30T19:12:00Z
2998,1e38S2dYsm1VGSsH,3AZSyahATYfVAd1i,1.51305344,2019-07-30T19:58:00Z
2999,122WkN2Fz9mA3hfE,1PUBGf1cD2nJm8PN,3.70848243,2019-07-30T19:16:00Z
3000,1BxVvVSPBAfjHad1,1LrrxBcvrigRP7PP,12.49114473,2019-07-30T00:43:00Z
3001,1vPy17eombVGCr7m,1b6KPEtESCymyBS1,4.47519757,2019-07-30T00:44:00Z
3002,1gYcAvNY55KkGMRy,1BtvsdcRTNNxrZUb,0.25365219,2019-07-30T03:02:00Z
3003,1NLyx6613EJJh4si,1QHZ5rZ7PKneyZs1,10.22917761,2019-07-30T19:19:00Z
3004,1ehP4kraCyfDdin8,1DmWR8LTWHCE4mJa,11.80398062,2019-07-30T04:56:00Z
3005,1zHdtY5BbP1Ydp4P,14pdSn19wptXxmSw,5.86955521,2019-07-30T03:36:00Z
3006,1BbEZgaTPALXoQhj,1wwNHorQoSkC6NxM,0.27726659,2019-07-30T09:15:00Z
3007,1wQAavS7pKydFTtq,1sMgDEqyNy2LKtHw,9.98359301,2019-07-30T11:42:00Z
3008,1LsRJxSoNRTqwb48,1TySac9ASAqUD12T,7.97083377,2019-07-30T09:19:00Z
3009,1MFfMcX78QkPgPkH,1KpZXFFbQHyshdBR,12.30417766,2019-07-30T21:45:00Z
3010,1QBKaXJNEFgNPPdB,1ccgdQXiLLrhQ2QH,5.43344338,2019-07-30T17:54:00Z
3011,1P7QqLzF6JZ7hxuv,1uG6H4dHadXmE2Qy,12.24826737,2019-07-30T05:34:00Z
3012,1j2k7sqBneFq8w3p,1qk7RWE4ULArRrq7,5.8042389,2019-07-30T20:33:00Z
3013,1HqwZnXkAFzBsHq4,12prQfyBwRwiQ7xN,5.16709957,2019-07-30T03:54:00Z
3014,1XNMrCC1GkssGbtP,1zbrJmHtZS58T5mS,8.45892701,2019-07-30T01:33:00Z
3015,18Pwu5LG5mY6GwN9,1Jbzz4MaVG2UiRoC,13.2929799,2019-07-30T04:42:00Z
3016,1y7WwKtqszVBcS2C,1wy5J2qUhmGY88jm,14.72310713,2019-07-30T13:04:00Z
3017,1FQBNMGgntQKst2f,1cKXYF2pg3VQZCCd,3.03582385,2019-07-30T11:23:00Z
3018,1Hn6EhDddRt6TuDW,1BYnrH8VYnoVkfPa,2.92631789,2019-07-30T08:26:00Z
3019,1XTXyNWwC6qJPofe,1eHdD9CmutfkiTPf,0.50125877,2019-07-30T03:16:00Z
3020,1P5LZ9pox9y37PvG,1LsRJxSoNRTqwb48,2.58407464,2019-07-30T11:25:00Z
3021,1JB1hxGJQBRG5eVF,12tu3yoXAs5xf7FE,0.34419006,2019-07-30T04:56:00Z
3022,1j85QkqiMZzNH7xc,1ry7u31iLPgEqmDF,13.64632466,2019-07-30T17:05:00Z
3023,1BdPFKagrNfN8TyZ,1qczkoAMQzbTPCNY,9.69444324,2019-07-30T05:09:00Z
3024,1o9sSeQ1SAzNBf6U,1rWJ2i7CyHU2Ns4m,12.67567907,2019-07-30T18:30:00Z
3025,1mbwTWMeUgzSPG57,1P48RS5DiLBxE7yU,6.7264978,2019-07-30T04:11:00Z
3026,1Lm7CruzxRwQnb15,1JAy28H4PHXK5XsQ,2.59563551,2019-07-30T14:43:00Z
3027,13wQdZHUzQQMBPQa,1a2LgFdh5Fpt4KCF,0.13504427,2019-07-30T13:33:00Z
3028,1kTRDdcauBB9x9H7,31nV2DrVWAFeyqYT,4.21494403,2019-07-30T06:46:00Z
3029,1Fjwin5jGN8SXmxs,1kBAW4GbqXKcv5xo,14.28989836,2019-07-30T10:50:00Z
3030,1vRZaJXjEa43zPgG,1Md93HRhPXR8xZQA,29.89348838,2019-07-30T16:29:00Z
3031,1CZXtBWYzRfRFfNd,1C1c9NfjmUH4i56s,1.112131,2019-07-30T21:00:00Z
3032,1hEbUwMWUEfaJYzB,1H9EzdacNFBExDbt,5.42098076,2019-07-30T21:58:00Z
3033,1qk7RWE4ULArRrq7,17Gy8pc9sKyMbPcs,12.49748038,2019-07-30T01:58:00Z
3034,1DNgwGvVTzNpDGop,3bBqbQivvMVbDbZj,14.7260076,2019-07-30T06:34:00Z
3035,1oS85NnHsY7UabsF,1GHhYW9Y4jw73Wix,6.9936138,2019-07-30T10:16:00Z
3036,18Pwu5LG5mY6GwN9,1WK83Xqamhw4HmCY,6.32932762,2019-07-30T02:45:00Z
3037,1V9JtnLJxgFSR6DX,1SvGE4M9BVGngCG7,13.77736483,2019-07-30T00:38:00Z
3038,1dneZ88JhxpgAgsD,1DT5XE2pRiJmX718,10.69165395,2019-07-30T23:41:00Z
3039,1WNtMDRb4yNLn2nC,1zBxZBxG5FA8wyHv,10.43816239,2019-07-30T17:44:00Z
3040,1QbYqZCBLH3uZvug,1PobkGAcsDthod5q,12.56209001,2019-07-30T04:12:00Z
3041,11YtRTFn1oSL3zXR,1zHrLkCwGbTSiQL5,11.97902006,2019-07-30T00:42:00Z
3042,1PWnXwLJN2cp18zN,1j85QkqiMZzNH7xc,2.57581383,2019-07-30T08:56:00Z
3043,19T21f7VpjFJCyHi,114219JPKvhccHHQ,0.70911184,2019-07-30T19:26:00Z
3044,1XCTbHaM3HV8uAPU,1XTXyNWwC6qJPofe,4.21156048,2019-07-30T08:32:00Z
3045,1f1KVJ1HD7WNNpqY,1N8wjBELrLKHbMA1,1.57089915,2019-07-30T04:29:00Z
3046,1qVtaChQVzoQPqUC,1sPNuStJDpGtFncE,11.81863493,2019-07-30T12:52:00Z
3047,1eBUMG9wz5BKbkx4,1Ep6D28bJwQ9fhu2,2.6646713,2019-07-30T13:05:00Z
3048,1mLnNP22PCYCsPAH,114219JPKvhccHHQ,9.87173688,2019-07-30T21:40:00Z
3049,1kKA1dfnPdMxRYE6,1QBKaXJNEFgNPPdB,7.6491402,2019-07-30T05:23:00Z
3050,1h9mEfenzJbW4gNk,1GmQPMiZarPGguMF,9.91271504,2019-07-30T22:27:00Z
3051,1YFVeahnYSW64Tmn,1KbtWS8KUUYsPXCp,6.83689906,2019-07-30T18:11:00Z
3052,1pboE89Tw179ao8E,1j2k7sqBneFq8w3p,10.93633124,2019-07-30T17:02:00Z
3053,1MFfMcX78QkPgPkH,1D491Zgk2Y8bMKwZ,1.94410698,2019-07-30T21:59:00Z
3054,1eaNSJ7sMaSnHiQF,1Dnotr7p62Z9h1yv,7.73002907,2019-07-30T02:26:00Z
3055,13X4eqxD5uQA1X5Y,1MyaugtnNCwZurS1,12.72664258,2019-07-30T01:31:00Z
3056,1jree3scyUDWLe9P,3M239b5DEVh1NKFV,14.66489884,2019-07-30T20:25:00Z
3057,1Hn6EhDddRt6TuDW,3JNGSpTz4CW5hTzG,12.76623427,2019-07-30T03:29:00Z
3058,176ruzWkbVip1SUr,1D491Zgk2Y8bMKwZ,13.26444023,2019-07-30T11:16:00Z
3059,1ccgdQXiLLrhQ2QH,12cBPqD9dN948L6R,0.84129208,2019-07-30T12:26:00Z
3060,1mTZ2KCk9vkDkx9m,1wqoMruVZjrAqRw2,0.43455243,2019-07-30T11:00:00Z
3061,14pdSn19wptXxmSw,3JNGSpTz4CW5hTzG,2.05027676,2019-07-30T04:37:00Z
3062,1uJnJUziXWCaq5fA,1P5LZ9pox9y37PvG,12.62368078,2019-07-30T16:12:00Z
3063,19FAKT2N5LniVr2M,1b6KPEtESCymyBS1,3.94120696,2019-08-06T03:44:00Z
3064,1oszo1mWfFFYjxzp,1NoPtJnH1GNviQy9,5.88453402,2019-08-06T23:44:00Z
3065,1kXDgP6AundZQ6pq,3fEw71S93wM8AFCq,38.26493873,2019-08-06T03:35:00Z
3066,1VECp2Uvcq4JEsEv,3fEw71S93wM8AFCq,6.69616802,2019-08-06T22:29:00Z
3067,1WDuTzvPch7rmU1X,1KbtWS8KUUYsPXCp,11.41275022,2019-08-06T07:02:00Z
3068,1ykpUg4NEwL4BBJa,1DorH1thto4NDxNT,10.80036213,2019-08-06T00:21:00Z
3069,1NpApQNXEKfWoHD5,1gMpeFZyZMJMBcSU,7.83187882,2019-08-06T19:29:00Z
3070,1TxPGdCGUmsBP2ew,1k1GUS4Zygfe3sEr,12.50919915,2019-08-06T22:56:00Z
3071,1tdNQa5ePjjY9dMK,1rWJ2i7CyHU2Ns4m,6.79475309,2019-08-06T12:28:00Z
3072,1zbrJmHtZS58T5mS,1ENtKQwCYB1gQwwR,9.01957406,2019-08-06T01:59:00Z
3073,1QJkexwJrAv7AeMS,1AqzYMpNCWPVnXcB,5.39259774,2019-08-06T14:43:00Z
3074,148GPMKH7QD8tYb7,1B4YuG7YNBtdrAtS,11.87172892,2019-08-06T18:55:00Z
3075,1tdNQa5ePjjY9dMK,11Xc93NZ4ssVE5XJ,4.25961242,2019-08-06T03:43:00Z
3076,1wmitYd7XE38T2n5,1eBUMG9wz5BKbkx4,0.03009591,2019-08-06T08:49:00Z
3077,17bvDWXiiiZPd1Tx,1b4cwTnfNcWn9zz2,5.12344835,2019-08-06T17:22:00Z
3078,1uKFZfFbtPAnpXFy,1wXB1erZ6bdzRkrJ,6.34866794,2019-08-06T17:27:00Z
3079,1dBnZM2ZKr3V44Li,3bBqbQivvMVbDbZj,3.88089142,2019-08-06T07:18:00Z
3080,16wAiLkpMMuJMaY5,1W1z6QA3tiZwBVWm,11.08680333,2019-08-06T18:00:00Z
3081,16vgu1XxbXQedo5J,1zeLqQ8Jxj2vY36x,3.02557169,2019-08-06T16:31:00Z
3082,1Z23NF2em6mRjZK2,1RLBV7h2XHH7fnof,1.52014835,2019-08-06T00:20:00Z
3083,1R4s3ahHxYNoLUrc,1QHZ5rZ7PKneyZs1,5.85876674,2019-08-06T19:53:00Z
3084,1gYcAvNY55KkGMRy,1sPNuStJDpGtFncE,0.23908449,2019-08-06T05:50:00Z
3085,1cKXYF2pg3VQZCCd,1vCG6VDUZY5CiWk7,1.89561898,2019-08-06T05:42:00Z
3086,1aJYLcVYbQnzu7Dj,1rW19tXCvifK49fv,4.03927324,2019-08-06T10:29:00Z
3087,19ZQn5nvoG39PhES,1BEmM3Ddv4o9jY9f,3.35546376,2019-08-06T03:59:00Z
3088,1FE7n6nhVhpG36AG,11eYHFj3K6Q4neLR,3.10393774,2019-08-06T06:50:00Z
3089,1JAYcmmQMYT8b8h3,1uG6H4dHadXmE2Qy,8.60368681,2019-08-06T23:54:00Z
3090,15ccd8PRT18Nc96z,33YWCjBomCEfoFyz,48.13552977,2019-08-06T10:58:00Z
3091,11YtRTFn1oSL3zXR,1WTUN6uCaG87dfRb,3.49926094,2019-08-06T06:33:00Z
3092,1RJ5vK1m5XkFXC4p,1Nr6EZU6J1jaExxP,2.02841907,2019-08-06T12:59:00Z
3093,1yQ8zfL35VnatKho,1rTuDkQxjRckeCCs,10.42093637,2019-08-06T12:41:00Z
3094,1SbyfAq3RdMgwkLF,1Nr6EZU6J1jaExxP,3.17565619,2019-08-06T23:57:00Z
3095,1XGwfNfKfw1Lc7DN,1GgUk1pE2xYWkEp1,9.4393084,2019-08-06T14:34:00Z
3096,16wAiLkpMMuJMaY5,1rxtaX3BLLRUwH2P,7.19570942,2019-08-06T07:11:00Z
3097,1oeTDN5HqCg3T7VM,1PobkGAcsDthod5q,13.84966902,2019-08-06T00:50:00Z
3098,1FCwKXNELWCLUa7F,12oqboLigEsKhqv4,0.58681053,2019-08-06T09:59:00Z
3099,1Pk225k3bpwmpgof,1Lm7CruzxRwQnb15,6.95095501,2019-08-06T12:23:00Z
3100,1Cm493HpDrKek14f,1sXKD77J9MWK6vBR,11.99360234,2019-08-06T12:36:00Z
3101,1FE7n6nhVhpG36AG,31u2kj2PUBoHKUe6,0.37891901,2019-08-06T14:13:00Z
3102,1uJnJUziXWCaq5fA,1jjTKyMs1hK42t6r,0.41690075,2019-08-06T00:10:00Z
3103,1NBG1wdMMmkw2pSD,3JNGSpTz4CW5hTzG,3.25142698,2019-08-06T16:06:00Z
3104,1VhigAMVPspqh7MT,1MPX9humnLRCZmdo,14.92647616,2019-08-06T16:46:00Z
3105,1hG71VmozVr8hrU4,1Rbpeq3vVvvgJjUo,7.78690931,2019-08-06T15:57:00Z
3106,1MyWQKq1M8cFTixK,11BXeo4xAVEdmfkD,4.5921893,2019-08-06T15:49:00Z
3107,1wy5J2qUhmGY88jm,1mbwTWMeUgzSPG57,14.30055314,2019-08-06T03:27:00Z
3108,1Lm7CruzxRwQnb15,1AfUZmao8Q8K5CcP,7.2461474,2019-08-06T22:00:00Z
3109,1TySac9ASAqUD12T,1BYnrH8VYnoVkfPa,9.22939579,2019-08-06T03:24:00Z
3110,1qczkoAMQzbTPCNY,11Xc93NZ4ssVE5XJ,1.28413468,2019-08-06T15:16:00Z
3111,17DAc2BTkRYYtkeJ,13wQdZHUzQQMBPQa,7.30303118,2019-08-06T22:15:00Z
3112,1N1GanX4r3fBWAZQ,1td6fZydavhWrvD8,7.75996894,2019-08-06T02:56:00Z
3113,1dneZ88JhxpgAgsD,1h6Xw6p2BgV6aevF,12.16576224,2019-08-06T00:46:00Z
3114,18Pwu5LG5mY6GwN9,1YEs9MfeR9TTJ7HL,1.86750857,2019-08-06T03:46:00Z
3115,1gMpeFZyZMJMBcSU,1SVP4oHqRKN4e6DR,10.06016195,2019-08-06T13:13:00Z
3116,1G75HiEeJBQkDsS8,1KsiwuEHiEUovHeg,2.08838659,2019-08-06T10:42:00Z
3117,1NpApQNXEKfWoHD5,1WB9gmep4jiq2aFh,2.30317452,2019-08-06T00:19:00Z
3118,1iABwSrL7rbezk5N,1FGuHFVV7PfVczfQ,0.08411875,2019-08-06T09:42:00Z
3119,12oqboLigEsKhqv4,1xAP8fcDtF8bC1iz,12.87507542,2019-08-06T05:37:00Z
3120,1NEAv2G1zkgRbCVK,1YJqpbNfjFz8SQQN,22.99665907,2019-08-06T03:43:00Z
3121,1bMADFnNRNjk26ri,1vMRWSipQWE9JQGM,8.02394332,2019-08-06T10:49:00Z
3122,18orPehj2oQLcE2H,1VECp2Uvcq4JEsEv,12.76107563,2019-08-06T14:43:00Z
3123,11YtRTFn1oSL3zXR,1wqoMruVZjrAqRw2,2.6448659,2019-08-06T15:10:00Z
3124,1Fjwin5jGN8SXmxs,1gJ4ncA1edARWrbB,12.45548378,2019-08-06T04:14:00Z
3125,1CWzKN6dnGwkNwwL,1j7HGp91XfhknJz4,7.31641531,2019-08-06T21:21:00Z
3126,1o9sSeQ1SAzNBf6U,3AZSyahATYfVAd1i,3.91709125,2019-08-06T01:03:00Z
3127,1QHZ5rZ7PKneyZs1,1XCTbHaM3HV8uAPU,10.85503486,2019-08-06T16:23:00Z
3128,1wRJF38GuNp6V9Ag,1kTRDdcauBB9x9H7,0.01766916,2019-08-06T18:32:00Z
3129,1L5CGrSA9Jc9jfD4,1ywSCFxbMby3WYFs,3.77341373,2019-08-06T05:16:00Z
3130,1pboE89Tw179ao8E,1QX95PQkfufvsd76,1.97535888,2019-08-06T19:32:00Z
3131,1cc6EmB89iTQH8C3,1wGEGMDFxPNkzVNo,1.85511275,2019-08-06T14:02:00Z
3132,1aAHuEHLbe7DE9jy,1y7WwKtqszVBcS2C,0.13733055,2019-08-06T14:46:00Z
3133,1baPJZJavKVY7eW5,1h7Tn2rAKZpPs85i,0.18869932,2019-08-06T12:40:00Z
3134,1Cm493HpDrKek14f,1rQ6aDz23A2Wp9xk,2.48128846,2019-08-06T00:35:00Z
3135,1yTE3Q7kRdzyuaA9,1DUQpGNY5yCNs7U3,7.07703769,2019-08-06T23:26:00Z
3136,1ZZTRazEHBH3R5Qz,1mu4unH7AU6TwDq5,2.44694221,2019-08-06T11:06:00Z
3137,1zqvW4J1tBVfodm1,1ZDwWzY9axKu7AJL,4.68361324,2019-08-06T18:23:00Z
3138,14UGXj9yALWG5945,1BCunKfeARTRXgPx,7.81657506,2019-08-06T13:37:00Z
3139,1UH8DBVPdF4Sm5Hh,12S1AvDrL5Mrj5ad,12.86109078,2019-08-06T09:44:00Z
3140,1Z23NF2em6mRjZK2,1PUvb5fpX622F1by,3.72259148,2019-08-06T14:46:00Z
3141,1uCqxAp713f1gSic,1Nr6EZU6J1jaExxP,10.84740005,2019-08-06T13:04:00Z
3142,1zqvW4J1tBVfodm1,3Y8vT7ASAd4qeB7t,4.36424534,2019-08-06T10:16:00Z
3143,14Jd4ekZxoBJR4vJ,1dgP5iYyNjEdjzJf,2.59697589,2019-08-06T22:29:00Z
3144,1W1zjR8SiDExk3CX,1T79Rac8NFGHhECF,6.77234601,2019-08-06T04:39:00Z
3145,1sQnDPLJ6nx1gzYK,1HHiiFkcuZ8pze9D,13.63804222,2019-08-06T03:06:00Z
3146,1hG71VmozVr8hrU4,1ZCxARPJNAYEpALP,2.64642496,2019-08-06T10:32:00Z
3147,1qk7RWE4ULArRrq7,31u2kj2PUBoHKUe6,1.82737586,2019-08-06T20:48:00Z
3148,1vPzykFZ81JA7fEP,1o9sSeQ1SAzNBf6U,8.29623765,2019-08-06T04:50:00Z
3149,11CxF3hJ67djH9EQ,1C1c9NfjmUH4i56s,10.90841589,2019-08-06T12:21:00Z
3150,18Pwu5LG5mY6GwN9,1EitxxxYaR5ynDrK,4.55147478,2019-08-06T21:01:00Z
3151,11BXeo4xAVEdmfkD,1nGU1dbHLQRRn5ZD,2.59198047,2019-08-06T22:03:00Z
3152,1hnHy81d6mhKtPwf,1Cm493HpDrKek14f,6.97216876,2019-08-06T00:12:00Z
3153,1cvbrWWvoinEVJD3,1aAHuEHLbe7DE9jy,7.06812125,2019-08-06T15:20:00Z
3154,1KKjwT6AeP3onKpi,1wjB3BRssDb8BhZ2,5.90466315,2019-08-06T19:02:00Z
3155,11YDkk59nLowFrWC,1qFjgSfPTQ1XSojB,13.90079198,2019-08-06T15:41:00Z
3156,1jjTKyMs1hK42t6r,1QbYqZCBLH3uZvug,11.90030157,2019-08-06T22:02:00Z
3157,1G8LrcvWxHvwBNPr,17Gy8pc9sKyMbPcs,2.72796262,2019-08-06T13:18:00Z
3158,13Pae9eivfoz8oAv,1XL17xz8K629NxW2,5.94492479,2019-08-06T13:35:00Z
3159,1MCX7JwBBHr7ogza,11rS7WKDdVLtmpG4,5.60215167,2019-08-06T01:18:00Z
3160,1hmDDQnZd3fwKFds,1aMQxxJmBNa1Yunj,9.84743129,2019-08-06T20:46:00Z
3161,1NrC6c3u98T6eW3k,1ATbkij2UzPu93eY,6.39921374,2019-08-06T16:01:00Z
3162,1YHujKKw4PahsN2i,14ArkDK15E15KjBS,0.66185636,2019-08-06T06:20:00Z
3163,1ehP4kraCyfDdin8,1wwNHorQoSkC6NxM,6.65149036,2019-08-06T23:47:00Z
3164,1dpaZX5GrgB1QB28,1qczkoAMQzbTPCNY,2.65349092,2019-08-06T14:57:00Z
3165,1HHiiFkcuZ8pze9D,1sdn3PZWak3MKjxE,3.53373238,2019-08-13T08:07:00Z
3166,1AfUZmao8Q8K5CcP,1KuoQAUCvpfgWZ11,11.42100734,2019-08-13T10:47:00Z
3167,15NBVGLtZxFXPYNJ,1pBZdHa4eenRLFEL,7.22893747,2019-08-13T10:22:00Z
3168,1PeQ5DWwDRyaFsUH,1uVhtcCtafuHSion,7.59513,2019-08-13T02:24:00Z
3169,16wAiLkpMMuJMaY5,1KB4sdPTyNYb4jRK,10.9401273,2019-08-13T04:58:00Z
3170,1MFfMcX78QkPgPkH,1Hn6EhDddRt6TuDW,8.93910406,2019-08-13T12:13:00Z
3171,1WK83Xqamhw4HmCY,1Dnotr7p62Z9h1yv,4.34359025,2019-08-13T17:39:00Z
3172,1aAHuEHLbe7DE9jy,1fXRWFQkodYaJSn4,0.73007433,2019-08-13T05:47:00Z
3173,1LpLMQhdQxMc6q5G,1qXBAfygoKodh1X6,6.26458208,2019-08-13T20:44:00Z
3174,1WDuTzvPch7rmU1X,18a2q1L9WCa1KKkT,0.30436025,2019-08-13T15:43:00Z
3175,176ruzWkbVip1SUr,1CiKTHZmnrv53NdE,8.47796688,2019-08-13T19:40:00Z
3176,1y7WwKtqszVBcS2C,1BYnrH8VYnoVkfPa,2.29557271,2019-08-13T16:44:00Z
3177,1RiHFvhFHJHJR3se,1G2ycmVfbfgvvvF5,12.11226765,2019-08-13T10:22:00Z
3178,18UGxBHYepxtgc8b,1QEE1bTY9qBWgRVh,5.93830039,2019-08-13T01:37:00Z
3179,1rQ6aDz23A2Wp9xk,31u2kj2PUBoHKUe6,4.96171033,2019-08-13T02:40:00Z
3180,1bMADFnNRNjk26ri,1aJYLcVYbQnzu7Dj,4.36182001,2019-08-13T00:58:00Z
3181,1CZXtBWYzRfRFfNd,1cc6EmB89iTQH8C3,11.68483521,2019-08-13T12:04:00Z
3182,1wQAavS7pKydFTtq,1wy5J2qUhmGY88jm,3.79723537,2019-08-13T03:38:00Z
3183,1sVxLQ8462Q9kri7,11YtRTFn1oSL3zXR,4.01313416,2019-08-13T23:50:00Z
3184,1VECp2Uvcq4JEsEv,1uJnJUziXWCaq5fA,3.71842691,2019-08-13T19:14:00Z
3185,1G75HiEeJBQkDsS8,19GRgUUEQCUDKfgA,0.75625471,2019-08-13T03:26:00Z
3186,1qk7RWE4ULArRrq7,148GPMKH7QD8tYb7,13.22190504,2019-08-13T16:06:00Z
3187,1CZXtBWYzRfRFfNd,11rS7WKDdVLtmpG4,7.49301888,2019-08-13T21:51:00Z
3188,1gQ2G56Eq5L3bQb3,1LWBZk28j3vPRqMk,2.17890213,2019-08-13T04:50:00Z
3189,16wAiLkpMMuJMaY5,1a2LgFdh5Fpt4KCF,0.45461325,2019-08-13T01:55:00Z
3190,13e5rMp8T3rKpF5m,1KpZXFFbQHyshdBR,2.6498355,2019-08-13T21:35:00Z
3191,13JKYzr7aCwCAYiy,13B2Q2Eg3888BFJv,1.05848714,2019-08-13T19:45:00Z
3192,1Vb3yoA1UuHwoAGS,1qXBAfygoKodh1X6,0.57304562,2019-08-13T21:13:00Z
3193,1LXdKPV49UPsP3Mc,1NBG1wdMMmkw2pSD,8.19836715,2019-08-13T00:40:00Z
3194,1jFU921ThTZqpEV3,188wH6iE31SEdx9j,12.71244721,2019-08-13T05:57:00Z
3195,1VE4TNuRzEnLZSHa,1BdPFKagrNfN8TyZ,14.12432636,2019-08-13T09:57:00Z
3196,1wU5UrH5NZ3FH341,18Pwu5LG5mY6GwN9,7.61123992,2019-08-13T04:39:00Z
3197,1myL39jpsGfXAaRH,1BEmM3Ddv4o9jY9f,14.18079387,2019-08-13T19:57:00Z
3198,1uCWBqgYzZiaDAZP,1cc6EmB89iTQH8C3,1.13837172,2019-08-13T01:14:00Z
3199,1BYnrH8VYnoVkfPa,1ZLVtyB12dfemPpP,14.46339118,2019-08-13T06:58:00Z
3200,1Ywg7Q775xiv9GrR,1fJYDzKVrv6qvx3B,13.89538088,2019-08-13T12:53:00Z
3201,19jB7F5cM6eDJD96,3Y8vT7ASAd4qeB7t,3.33778894,2019-08-13T01:57:00Z
3202,1KpZXFFbQHyshdBR,1EitxxxYaR5ynDrK,9.6343923,2019-08-13T15:06:00Z
3203,1KuoQAUCvpfgWZ11,18rd9ES2jc2qTb7b,7.39309396,2019-08-13T06:54:00Z
3204,1BYnrH8VYnoVkfPa,1C1c9NfjmUH4i56s,3.63466633,2019-08-13T18:26:00Z
3205,1qVtaChQVzoQPqUC,1wUaHVe7NRc8Xoa9,3.54231692,2019-08-13T21:39:00Z
3206,1UCSnMk7TCn7w32v,13JKYzr7aCwCAYiy,5.48278237,2019-08-13T01:11:00Z
3207,1ofRenewZhVKtP4Z,1uyH4EUyiub39rLc,10.26888097,2019-08-13T01:26:00Z
3208,13BHTAnXc77gk9xm,1yTE3Q7kRdzyuaA9,13.66730707,2019-08-13T13:52:00Z
3209,1Lq6JbQon9FD4mXf,1MCX7JwBBHr7ogza,0.53392923,2019-08-13T09:54:00Z
3210,1UH8DBVPdF4Sm5Hh,11YDkk59nLowFrWC,6.039619,2019-08-13T23:18:00Z
3211,1HSG21KF9DsV9h8v,1gQ2G56Eq5L3bQb3,5.46339449,2019-08-13T09:38:00Z
3212,1BtvsdcRTNNxrZUb,3bBqbQivvMVbDbZj,8.87932106,2019-08-13T08:58:00Z
3213,1qu55j4BLyaSbw5w,3M239b5DEVh1NKFV,45.67583841,2019-08-13T06:14:00Z
3214,1Xm28HBz8K7oS2Ps,3Cy58imRd5rntwwS,2.99027875,2019-08-13T07:12:00Z
3215,1dgP5iYyNjEdjzJf,1xiYe9aH2odBg91N,2.65135602,2019-08-13T10:04:00Z
3216,19yUWzvb2G43tDF5,1WK83Xqamhw4HmCY,9.20233154,2019-08-13T11:18:00Z
3217,1PeQ5DWwDRyaFsUH,1sVxLQ8462Q9kri7,0.07721643,2019-08-13T13:08:00Z
3218,1MCX7JwBBHr7ogza,1eHdD9CmutfkiTPf,11.88403735,2019-08-13T01:57:00Z
3219,1L94V1WA3RLHpswz,3JNGSpTz4CW5hTzG,2.32479359,2019-08-13T13:19:00Z
3220,1oeTDN5HqCg3T7VM,13UkDZHj8FgGUDxb,0.90152234,2019-08-13T18:24:00Z
3221,1qXBAfygoKodh1X6,1FiNioNzpgymAubQ,1.46128812,2019-08-13T20:38:00Z
3222,1NBG1wdMMmkw2pSD,1XNMrCC1GkssGbtP,8.9830723,2019-08-13T20:17:00Z
3223,188wH6iE31SEdx9j,14ArkDK15E15KjBS,8.8823177,2019-08-13T01:25:00Z
3224,1cvbrWWvoinEVJD3,11XHsaRP5ueXM5Kg,13.4409399,2019-08-13T00:32:00Z
3225,1bMADFnNRNjk26ri,1vCG6VDUZY5CiWk7,1.83978322,2019-08-13T18:12:00Z
3226,1T79Rac8NFGHhECF,1iwb3CgmtuUXfwnW,13.93169959,2019-08-13T08:26:00Z
3227,1WB9gmep4jiq2aFh,199fN4m51aLgVqHd,7.61160919,2019-08-13T03:18:00Z
3228,18foFfVWmSCy51tw,15xv1QXa549BPLQB,3.23980999,2019-08-13T19:20:00Z
3229,1mLnNP22PCYCsPAH,1i2rJn5aYf2kpP8P,12.87416133,2019-08-13T00:15:00Z
3230,1pVwey2KMhHHn8y1,1XTXyNWwC6qJPofe,14.76964601,2019-08-13T13:49:00Z
3231,11CxF3hJ67djH9EQ,17ajhF2m1FhKhpUJ,9.7567021,2019-08-13T05:42:00Z
3232,17zMxo79qrrMS44q,1MY9CbPCBhbaoJ4Y,12.47346909,2019-08-13T14:37:00Z
3233,11eMrU18s6g9mah1,1A7T9uTCK7vccwGq,11.44017645,2019-08-13T04:16:00Z
3234,1ofRenewZhVKtP4Z,1S8dkAL66y1uN2Ji,4.79238221,2019-08-13T06:12:00Z
3235,1L5CGrSA9Jc9jfD4,1sdn3PZWak3MKjxE,4.42600767,2019-08-13T22:53:00Z
3236,1ykpUg4NEwL4BBJa,1CZXtBWYzRfRFfNd,7.06169989,2019-08-13T04:28:00Z
3237,1P5LZ9pox9y37PvG,1y9pJedRpkAis53A,12.54506296,2019-08-13T07:23:00Z
3238,1PeQ5DWwDRyaFsUH,1P48RS5DiLBxE7yU,0.69968193,2019-08-13T23:42:00Z
3239,1pboE89Tw179ao8E,1UH8DBVPdF4Sm5Hh,12.19352685,2019-08-13T19:33:00Z
3240,1MyaugtnNCwZurS1,1UiBeQvQEtTj47qh,8.0590129,2019-08-13T08:37:00Z
3241,1rTuDkQxjRckeCCs,31u2kj2PUBoHKUe6,2.10649596,2019-08-13T11:34:00Z
3242,1F6WecCRkeQ7hcPK,1N1GanX4r3fBWAZQ,3.49292763,2019-08-13T19:31:00Z
3243,1BUmY8YHKCgu6N79,1qXBAfygoKodh1X6,4.01973413,2019-08-13T17:14:00Z
3244,1QBKaXJNEFgNPPdB,1KuoQAUCvpfgWZ11,3.37473855,2019-08-13T04:25:00Z
3245,17ajhF2m1FhKhpUJ,1CmCEQjx7QFdXDax,13.50199798,2019-08-13T06:20:00Z
3246,1DNgwGvVTzNpDGop,3bBqbQivvMVbDbZj,4.23779808,2019-08-13T23:48:00Z
3247,1qk7RWE4ULArRrq7,1NtyM4w2eJYmcELe,8.94059804,2019-08-13T14:14:00Z
3248,1KB4sdPTyNYb4jRK,3Cy58imRd5rntwwS,14.8685405,2019-08-13T06:13:00Z
3249,1QX95PQkfufvsd76,1oS85NnHsY7UabsF,10.81039479,2019-08-13T12:35:00Z
3250,1KYrTSP42ExcvCAR,3yPiVMh5dp8KPR9t,3.71933654,2019-08-13T00:32:00Z
3251,1LXdKPV49UPsP3Mc,11YtRTFn1oSL3zXR,14.50871834,2019-08-13T00:56:00Z
3252,1HQxjBP2SAxwdW4R,1AqzYMpNCWPVnXcB,8.76212284,2019-08-13T05:02:00Z
3253,1FvEuPX26fgowXFR,1K7eheH3GX8RU456,11.97817001,2019-08-13T09:19:00Z
3254,1wA9JQv5bBoHTNkX,11XHsaRP5ueXM5Kg,10.95548092,2019-08-13T20:18:00Z
3255,1C1c9NfjmUH4i56s,1SVP4oHqRKN4e6DR,0.08220985,2019-08-13T13:00:00Z
3256,1X8REorWWbZsKkTP,17DAc2BTkRYYtkeJ,12.07311421,2019-08-13T19:03:00Z
3257,13BHTAnXc77gk9xm,1qczkoAMQzbTPCNY,10.48500068,2019-08-13T23:24:00Z
3258,1y5g9KS8dGm9MDKE,3JNGSpTz4CW5hTzG,10.31178423,2019-08-13T15:33:00Z
3259,1Z23NF2em6mRjZK2,1jSVeL2ib1WtFDDE,3.36747604,2019-08-13T00:25:00Z
3260,1vZyLz5AuLBMgk8a,13JKYzr7aCwCAYiy,13.87630544,2019-08-13T18:04:00Z
3261,1RJ5vK1m5XkFXC4p,1Vb3yoA1UuHwoAGS,11.65027288,2019-08-13T13:11:00Z
3262,1bosF2uXW2LbGfEb,1X8REorWWbZsKkTP,8.54628202,2019-08-13T16:37:00Z
3263,1iABwSrL7rbezk5N,1zHrLkCwGbTSiQL5,7.81505557,2019-08-13T00:07:00Z
3264,1VYtDDv1ahbdRdfF,1GHhYW9Y4jw73Wix,7.12142921,2019-08-13T16:47:00Z
3265,1wQAavS7pKydFTtq,1zHdtY5BbP1Ydp4P,9.91947609,2019-08-13T10:51:00Z
3266,1vCG6VDUZY5CiWk7,1P7QqLzF6JZ7hxuv,7.47966648,2019-08-13T12:05:00Z
3267,1SvBuqRbpsFXezAx,1sFptmjCiyXHK7hD,0.01845859,2019-08-20T02:19:00Z
3268,1MQnLDQJBZU1p4Tt,1LpLMQhdQxMc6q5G,3.70944032,2019-08-20T03:38:00Z
3269,1YTKJrW55hcdQmNJ,18UGxBHYepxtgc8b,11.29773105,2019-08-20T07:37:00Z
3270,1968pTj3QcDShL9b,1K3jQtjj7jPoH2T3,9.70127682,2019-08-20T08:25:00Z
3271,1TN5qzi3ueRYX3S1,1uKFZfFbtPAnpXFy,10.27557587,2019-08-20T12:22:00Z
3272,1L5CGrSA9Jc9jfD4,1wU5UrH5NZ3FH341,2.29129357,2019-08-20T11:02:00Z
3273,1DorH1thto4NDxNT,1PA3SuhtCjMMNEQV,9.18450169,2019-08-20T06:32:00Z
3274,1w7PPqsKLwfwSnRo,1uG6H4dHadXmE2Qy,14.90534946,2019-08-20T12:27:00Z
3275,1X4qF1enzpoiWB8y,1zBxZBxG5FA8wyHv,4.45914757,2019-08-20T00:49:00Z
3276,1xGdcKsU3QqEKzwT,1iQanud375u25sc9,11.55736467,2019-08-20T19:27:00Z
3277,1dBnZM2ZKr3V44Li,1cvbrWWvoinEVJD3,11.06656806,2019-08-20T09:17:00Z
3278,1sMgDEqyNy2LKtHw,1BEmM3Ddv4o9jY9f,13.0888593,2019-08-20T09:45:00Z
3279,11eYHFj3K6Q4neLR,1MyaugtnNCwZurS1,2.47098935,2019-08-20T20:54:00Z
3280,1uCqxAp713f1gSic,1baPJZJavKVY7eW5,5.44608088,2019-08-20T19:10:00Z
3281,1P48RS5DiLBxE7yU,1MNWx7D4QRUUiG1c,2.40976728,2019-08-20T09:12:00Z
3282,122WkN2Fz9mA3hfE,1N1GanX4r3fBWAZQ,7.09608374,2019-08-20T10:11:00Z
3283,1VhigAMVPspqh7MT,1tFUrLP6Vv7RWdva,7.94085089,2019-08-20T03:17:00Z
3284,13V81CAdqreV7Zgv,19yUWzvb2G43tDF5,0.12373365,2019-08-20T09:52:00Z
3285,1Eym1qWeXf6gGZHK,1KbtWS8KUUYsPXCp,2.43461217,2019-08-20T08:44:00Z
3286,1npjBuCQ8DHY1vGP,1Uhd4wi7qyD77d5D,12.54331592,2019-08-20T21:24:00Z
3287,1sVxLQ8462Q9kri7,1w4DDT88jkdvqU1H,4.20736381,2019-08-20T18:34:00Z
3288,1Snda2Tdx776g9jV,1rTuDkQxjRckeCCs,6.42650016,2019-08-20T13:38:00Z
3289,1RLBV7h2XHH7fnof,1D491Zgk2Y8bMKwZ,3.03090363,2019-08-20T07:41:00Z
3290,1VBEWwGrVxxDmH7H,1gyZ6NDSd4Fjqhz1,13.01321969,2019-08-20T04:45:00Z
3291,1P5LZ9pox9y37PvG,1KsiwuEHiEUovHeg,6.29380002,2019-08-20T17:27:00Z
3292,13UkDZHj8FgGUDxb,1CmCEQjx7QFdXDax,10.32913572,2019-08-20T04:58:00Z
3293,1sNZy4memEAoMyeB,1K7eheH3GX8RU456,10.78432472,2019-08-20T22:13:00Z
3294,1GmQPMiZarPGguMF,1h6Xw6p2BgV6aevF,5.54188474,2019-08-20T18:49:00Z
3295,14Jd4ekZxoBJR4vJ,1zeLqQ8Jxj2vY36x,4.08952347,2019-08-20T22:32:00Z
3296,16vgu1XxbXQedo5J,1Jbzz4MaVG2UiRoC,2.73150994,2019-08-20T22:03:00Z
3297,1QJkexwJrAv7AeMS,1rgNxjB9oN2TJDev,1.8098125,2019-08-20T04:20:00Z
3298,1y9pJedRpkAis53A,1pboE89Tw179ao8E,2.5060621,2019-08-20T03:29:00Z
3299,1Ze691FgqxPp3PhR,1h6Xw6p2BgV6aevF,3.63882071,2019-08-20T23:57:00Z
3300,1CWzKN6dnGwkNwwL,13e5rMp8T3rKpF5m,8.51858765,2019-08-20T18:18:00Z
3301,1QBKaXJNEFgNPPdB,14ArkDK15E15KjBS,3.40573337,2019-08-20T06:40:00Z
3302,1N8wjBELrLKHbMA1,1s4DKiNkzLNKvebH,0.31187728,2019-08-20T11:28:00Z
3303,13BHTAnXc77gk9xm,1zeLqQ8Jxj2vY36x,3.27317942,2019-08-20T05:20:00Z
3304,1K7iQ6QudDFxU198,169kfoy2ms629N4R,10.0942004,2019-08-20T10:07:00Z
3305,17ajhF2m1FhKhpUJ,1MNuGBAZWt3kZbiu,0.22332128,2019-08-20T02:43:00Z
3306,11eMrU18s6g9mah1,12cBPqD9dN948L6R,5.16938247,2019-08-20T01:11:00Z
3307,1LrrxBcvrigRP7PP,194bpAfnGGE5D119,12.32556287,2019-08-20T18:25:00Z
3308,1bMADFnNRNjk26ri,1CJCQ76bYE1bU6XP,0.06214943,2019-08-20T10:47:00Z
3309,1WDuTzvPch7rmU1X,1sPNuStJDpGtFncE,11.35400373,2019-08-20T00:33:00Z
3310,1Dnotr7p62Z9h1yv,1ZZTRazEHBH3R5Qz,13.5262651,2019-08-20T23:51:00Z
3311,1DA2zMwDA5txETci,15NBVGLtZxFXPYNJ,1.1095088,2019-08-20T21:57:00Z
3312,1oeTDN5HqCg3T7VM,13wQdZHUzQQMBPQa,9.83228974,2019-08-20T03:48:00Z
3313,12bchPVYsFo4gYGV,1zHdtY5BbP1Ydp4P,1.55892732,2019-08-20T07:34:00Z
3314,1Uhd4wi7qyD77d5D,1968pTj3QcDShL9b,1.2089204,2019-08-20T07:30:00Z
3315,19FAKT2N5LniVr2M,1KMk4962MsDuK7b2,3.79975639,2019-08-20T03:45:00Z
3316,1gJ4ncA1edARWrbB,1BxVvVSPBAfjHad1,3.74094241,2019-08-20T02:07:00Z
3317,19yUWzvb2G43tDF5,1sPNuStJDpGtFncE,6.40812491,2019-08-20T10:08:00Z
3318,1ehP4kraCyfDdin8,1p1NJnWPxnBetJ7E,0.03707237,2019-08-20T21:12:00Z
3319,1QEE1bTY9qBWgRVh,1DMFiMv2VN2GJqkZ,3.51135707,2019-08-20T08:00:00Z
3320,11YtRTFn1oSL3zXR,3yPiVMh5dp8KPR9t,6.78218763,2019-08-20T14:07:00Z
3321,18YLNiWgsug4AxXb,188wH6iE31SEdx9j,2.53276208,2019-08-20T02:35:00Z
3322,12oqboLigEsKhqv4,1BYnrH8VYnoVkfPa,3.71720006,2019-08-20T12:33:00Z
3323,17jC1Ei7B2LYpRju,1MCX7JwBBHr7ogza,5.35152527,2019-08-20T16:30:00Z
3324,1CZXtBWYzRfRFfNd,1BWFUE95QLowe2NQ,0.31237663,2019-08-20T08:51:00Z
3325,1rgNxjB9oN2TJDev,1ykpUg4NEwL4BBJa,13.73346685,2019-08-20T17:52:00Z
3326,199fN4m51aLgVqHd,1PgSmZRijboCzfp3,12.78557381,2019-08-20T17:58:00Z
3327,14ArkDK15E15KjBS,1JJCDTwoAFteK613,1.74479419,2019-08-20T09:24:00Z
3328,1ehP4kraCyfDdin8,1G2ycmVfbfgvvvF5,8.92390474,2019-08-20T06:18:00Z
3329,1vPy17eombVGCr7m,1MNuGBAZWt3kZbiu,14.94544647,2019-08-20T04:25:00Z
3330,1b66vZr5A7ByxDCX,1g36umfR2kiGj276,2.45993351,2019-08-20T11:47:00Z
3331,1V9JtnLJxgFSR6DX,1G2ycmVfbfgvvvF5,12.05624742,2019-08-20T08:54:00Z
3332,1JAy28H4PHXK5XsQ,1KMk4962MsDuK7b2,2.57678026,2019-08-20T01:50:00Z
3333,19ZQn5nvoG39PhES,1DUQpGNY5yCNs7U3,4.31991823,2019-08-20T02:33:00Z
3334,199fN4m51aLgVqHd,13e5rMp8T3rKpF5m,3.19510353,2019-08-20T09:24:00Z
3335,1wXB1erZ6bdzRkrJ,1xiYe9aH2odBg91N,3.08366317,2019-08-20T04:44:00Z
3336,1syBc5NTtNmk4btw,1DEtNbkeByLEKrEN,8.3571639,2019-08-20T17:02:00Z
3337,1EitxxxYaR5ynDrK,1zo6VADjfWFtx3d1,6.54150142,2019-08-20T05:37:00Z
3338,1MyWQKq1M8cFTixK,1sVxLQ8462Q9kri7,1.39836761,2019-08-20T09:19:00Z
3339,1umVrfVRkm1kAPC2,1qXBAfygoKodh1X6,2.57964741,2019-08-20T11:19:00Z
3340,1R4s3ahHxYNoLUrc,12prQfyBwRwiQ7xN,9.99502672,2019-08-20T15:11:00Z
3341,1BbEZgaTPALXoQhj,1Qztqa7TeMpLNfG2,8.15172033,2019-08-20T21:33:00Z
3342,1SPqMv4kPCPf6Mfn,1XGwfNfKfw1Lc7DN,3.22447945,2019-08-20T14:23:00Z
3343,1KdwGgoD17CcZRwZ,1WKBC1BaA9puhK8J,1.29169254,2019-08-20T21:15:00Z
3344,1FCwKXNELWCLUa7F,1oszo1mWfFFYjxzp,8.59806229,2019-08-20T15:31:00Z
3345,1sXKD77J9MWK6vBR,1vMRWSipQWE9JQGM,8.28597435,2019-08-20T22:52:00Z
3346,1G8LKvkxhhJegZN4,1NtyM4w2eJYmcELe,13.53927853,2019-08-20T00:59:00Z
3347,1s4DKiNkzLNKvebH,1NFvveM7rLnYRz6V,4.93649538,2019-08-20T20:17:00Z
3348,1PeQ5DWwDRyaFsUH,1gMpeFZyZMJMBcSU,3.46497246,2019-08-20T07:34:00Z
3349,18oo53hohSLkGFP9,1LXdKPV49UPsP3Mc,12.2000845,2019-08-20T17:29:00Z
3350,1bMADFnNRNjk26ri,1LroL5DaYgBum5fR,3.15634894,2019-08-20T16:20:00Z
3351,1FFd83RpS3DcMbX3,1MNWx7D4QRUUiG1c,6.37812327,2019-08-20T18:06:00Z
3352,1Q1Jx1FnagZcJ3Lo,1UH8DBVPdF4Sm5Hh,9.42234438,2019-08-20T11:26:00Z
3353,19FAKT2N5LniVr2M,1eaNSJ7sMaSnHiQF,7.92361373,2019-08-20T03:07:00Z
3354,1Rbpeq3vVvvgJjUo,1dpaZX5GrgB1QB28,2.11903371,2019-08-20T07:35:00Z
3355,19ZQn5nvoG39PhES,1TySac9ASAqUD12T,1.10345597,2019-08-20T05:30:00Z
3356,1gyZ6NDSd4Fjqhz1,1ry7u31iLPgEqmDF,7.29556136,2019-08-20T05:05:00Z
3357,17jKMwUrLoqVr6HG,1Uhd4wi7qyD77d5D,0.50262325,2019-08-20T03:26:00Z
3358,1CiKTHZmnrv53NdE,1mA26temRswXwWt5,4.7205191,2019-08-20T23:32:00Z
3359,1AqzYMpNCWPVnXcB,1LWBZk28j3vPRqMk,1.93852214,2019-08-20T14:51:00Z
3360,1V9JtnLJxgFSR6DX,3Cy58imRd5rntwwS,2.73763821,2019-08-20T14:11:00Z
3361,1Uhd4wi7qyD77d5D,1gQ2G56Eq5L3bQb3,3.78360401,2019-08-20T03:37:00Z
3362,11BXeo4xAVEdmfkD,1pVwey2KMhHHn8y1,1.23618134,2019-08-20T22:13:00Z
3363,1KG3E9XzsSQhjUqw,1YTKJrW55hcdQmNJ,3.45392112,2019-08-20T20:33:00Z
3364,1rQ6aDz23A2Wp9xk,1VECp2Uvcq4JEsEv,3.44414521,2019-08-20T08:45:00Z
3365,11Xc93NZ4ssVE5XJ,17ajhF2m1FhKhpUJ,12.87685345,2019-08-20T15:48:00Z
3366,1ymF7aBmDAnmTR9Y,1VhigAMVPspqh7MT,6.97369491,2019-08-20T14:19:00Z
3367,1hmDDQnZd3fwKFds,1zHrLkCwGbTSiQL5,6.7048797,2019-08-20T06:53:00Z
3368,1Xy8nHgM47i6FHQP,1RLBV7h2XHH7fnof,3.92992762,2019-08-20T12:24:00Z
3369,1KbtWS8KUUYsPXCp,31u2kj2PUBoHKUe6,4.4019674,2019-08-27T04:29:00Z
3370,1wXB1erZ6bdzRkrJ,1eHdD9CmutfkiTPf,14.85296928,2019-08-27T10:55:00Z
3371,1qFjgSfPTQ1XSojB,1rgNxjB9oN2TJDev,5.99170857,2019-08-27T05:58:00Z
3372,1CWzKN6dnGwkNwwL,1WB9gmep4jiq2aFh,12.70100361,2019-08-27T19:10:00Z
3373,1XkuXBH7JyiCRNsp,1CJCQ76bYE1bU6XP,3.01417041,2019-08-27T00:31:00Z
3374,1wwNHorQoSkC6NxM,31u2kj2PUBoHKUe6,2.91258274,2019-08-27T17:03:00Z
3375,1XTXyNWwC6qJPofe,17jC1Ei7B2LYpRju,3.85557548,2019-08-27T03:57:00Z
3376,12prQfyBwRwiQ7xN,1ZY37tAH9aZ1ogBx,6.06800658,2019-08-27T20:19:00Z
3377,11eYHFj3K6Q4neLR,1Uhd4wi7qyD77d5D,2.22262322,2019-08-27T00:38:00Z
3378,1jVEEF9aaHDS2Xju,1sMgDEqyNy2LKtHw,3.71934668,2019-08-27T12:20:00Z
3379,1nNWnTqffNRmJgUQ,1cc6EmB89iTQH8C3,10.74039067,2019-08-27T17:34:00Z
3380,11rS7WKDdVLtmpG4,1cc6EmB89iTQH8C3,6.74888001,2019-08-27T13:23:00Z
3381,1xGdcKsU3QqEKzwT,18xU1Uod8DEj59Q5,9.42742371,2019-08-27T02:56:00Z
3382,1XGwfNfKfw1Lc7DN,1b4cwTnfNcWn9zz2,0.24882661,2019-08-27T06:28:00Z
3383,1pBZdHa4eenRLFEL,1TmvfsTenGCM6p5i,13.1280505,2019-08-27T05:13:00Z
3384,1EzihFiUPDcFgs16,1BxVvVSPBAfjHad1,6.45777055,2019-08-27T01:22:00Z
3385,1g36umfR2kiGj276,1g36umfR2kiGj276,3.19805366,2019-08-27T09:45:00Z
3386,1P48RS5DiLBxE7yU,1cX4L5iqM3YVuBLG,3.76994422,2019-08-27T20:47:00Z
3387,1CmCEQjx7QFdXDax,3JNGSpTz4CW5hTzG,1.86667319,2019-08-27T21:39:00Z
3388,1QEE1bTY9qBWgRVh,1rxtaX3BLLRUwH2P,12.27920921,2019-08-27T01:32:00Z
3389,1B4YuG7YNBtdrAtS,1jSVeL2ib1WtFDDE,1.85769117,2019-08-27T08:47:00Z
3390,1rQ6aDz23A2Wp9xk,1c7MqcajSaoyQvuo,7.30035072,2019-08-27T07:09:00Z
3391,1Eym1qWeXf6gGZHK,1BCunKfeARTRXgPx,4.68658421,2019-08-27T01:51:00Z
3392,1RJ5vK1m5XkFXC4p,1DT5XE2pRiJmX718,4.97580707,2019-08-27T05:18:00Z
3393,1Eym1qWeXf6gGZHK,1TySac9ASAqUD12T,1.69794341,2019-08-27T10:16:00Z
3394,1FiNioNzpgymAubQ,18YLNiWgsug4AxXb,2.81171908,2019-08-27T08:37:00Z
3395,169kfoy2ms629N4R,33YWCjBomCEfoFyz,8.52391642,2019-08-27T14:11:00Z
3396,1gyZ6NDSd4Fjqhz1,1qaShFAfDNwuCNHL,7.24373403,2019-08-27T16:17:00Z
3397,1ZZTRazEHBH3R5Qz,1W2Z3WUV5mN1nmcH,7.92434283,2019-08-27T03:48:00Z
3398,1qk7RWE4ULArRrq7,1pboE89Tw179ao8E,3.05481605,2019-08-27T14:12:00Z
3399,1CZXtBWYzRfRFfNd,1pboE89Tw179ao8E,11.03807735,2019-08-27T21:58:00Z
3400,1ccgdQXiLLrhQ2QH,1P48RS5DiLBxE7yU,2.18970151,2019-08-27T06:56:00Z
3401,1sPNuStJDpGtFncE,1P48RS5DiLBxE7yU,3.68548017,2019-08-27T11:42:00Z
3402,1qgSNtPJj7QqZ9z3,1Ay5MNjxL4h974GL,27.6829693,2019-08-27T04:35:00Z
3403,13UkDZHj8FgGUDxb,1jSVeL2ib1WtFDDE,14.99201075,2019-08-27T04:49:00Z
3404,1Dnotr7p62Z9h1yv,1c8eacFH4WH2tJia,12.88806232,2019-08-27T16:20:00Z
3405,1hG71VmozVr8hrU4,1y5g9KS8dGm9MDKE,5.83009453,2019-08-27T22:08:00Z
3406,1pVwey2KMhHHn8y1,1oS85NnHsY7UabsF,9.39306395,2019-08-27T20:56:00Z
3407,1P7QqLzF6JZ7hxuv,1jSVeL2ib1WtFDDE,10.12679906,2019-08-27T03:34:00Z
3408,1jFU921ThTZqpEV3,1sFptmjCiyXHK7hD,3.51301904,2019-08-27T18:08:00Z
3409,1YHujKKw4PahsN2i,1BCunKfeARTRXgPx,10.12354142,2019-08-27T01:23:00Z
3410,1c8eacFH4WH2tJia,1DT5XE2pRiJmX718,13.22813343,2019-08-27T01:34:00Z
3411,1FvEuPX26fgowXFR,1cvbrWWvoinEVJD3,12.6176094,2019-08-27T00:45:00Z
3412,1CBKUFsVDi3KMaRb,1jFU921ThTZqpEV3,6.6605219,2019-08-27T19:57:00Z
3413,1LroL5DaYgBum5fR,1MhamiF8tbDweUvM,7.69672272,2019-08-27T16:36:00Z
3414,1o9sSeQ1SAzNBf6U,1GmQPMiZarPGguMF,3.15685972,2019-08-27T12:44:00Z
3415,1NpApQNXEKfWoHD5,1jjTKyMs1hK42t6r,3.33452295,2019-08-27T16:55:00Z
3416,1493T4n79LvMHtLx,1FiNioNzpgymAubQ,6.11728828,2019-08-27T15:36:00Z
3417,1EzihFiUPDcFgs16,1Kp41jcUfeoKB8Np,4.38793759,2019-08-27T01:42:00Z
3418,1NrC6c3u98T6eW3k,1VECp2Uvcq4JEsEv,1.78709498,2019-08-27T02:14:00Z
3419,1Rbpeq3vVvvgJjUo,1JEXR99UAW4SM3aM,14.58396185,2019-08-27T19:26:00Z
3420,1VECp2Uvcq4JEsEv,1C1c9NfjmUH4i56s,3.95775074,2019-08-27T19:24:00Z
3421,1NLyx6613EJJh4si,1PWnXwLJN2cp18zN,12.47364294,2019-08-27T12:07:00Z
3422,1Vb3yoA1UuHwoAGS,1FFd83RpS3DcMbX3,7.83462053,2019-08-27T04:34:00Z
3423,18oo53hohSLkGFP9,16wAiLkpMMuJMaY5,1.33255686,2019-08-27T05:39:00Z
3424,1wwNHorQoSkC6NxM,1A7T9uTCK7vccwGq,2.27858672,2019-08-27T04:44:00Z
3425,1YFVeahnYSW64Tmn,1sQnDPLJ6nx1gzYK,7.73956364,2019-08-27T21:33:00Z
3426,1NrC6c3u98T6eW3k,1UCSnMk7TCn7w32v,13.88694275,2019-08-27T08:27:00Z
3427,176RurrR4vviP3HT,1KKjwT6AeP3onKpi,4.81757262,2019-08-27T01:07:00Z
3428,1uCzs2DS7L4tawtB,1uCWBqgYzZiaDAZP,12.24737074,2019-08-27T23:38:00Z
3429,1YFVeahnYSW64Tmn,1JEXR99UAW4SM3aM,9.04844758,2019-08-27T22:33:00Z
3430,1T79Rac8NFGHhECF,1gYcAvNY55KkGMRy,7.58703584,2019-08-27T01:41:00Z
3431,1YRiDhGvwuLrmoBE,1wA9JQv5bBoHTNkX,8.4849392,2019-08-27T18:47:00Z
3432,1WK83Xqamhw4HmCY,1ESLD8zxDkmFhWpj,4.54389451,2019-08-27T16:25:00Z
3433,1968pTj3QcDShL9b,1bosF2uXW2LbGfEb,9.02567003,2019-08-27T09:09:00Z
3434,1Ywg7Q775xiv9GrR,14Jd4ekZxoBJR4vJ,5.62364666,2019-08-27T19:20:00Z
3435,1wmitYd7XE38T2n5,1PUvb5fpX622F1by,4.69427169,2019-08-27T23:12:00Z
3436,18YLNiWgsug4AxXb,1LsRJxSoNRTqwb48,13.45626915,2019-08-27T16:50:00Z
3437,1ykpUg4NEwL4BBJa,17bvDWXiiiZPd1Tx,6.89358455,2019-08-27T16:48:00Z
3438,1uCqxAp713f1gSic,1gYcAvNY55KkGMRy,4.92944926,2019-08-27T23:09:00Z
3439,16fqu7hnqB6r2Qr8,169kfoy2ms629N4R,7.87908056,2019-08-27T01:25:00Z
3440,1h9mEfenzJbW4gNk,1ywSCFxbMby3WYFs,14.10658388,2019-08-27T10:53:00Z
3441,169kfoy2ms629N4R,1wmitYd7XE38T2n5,1.33478514,2019-08-27T12:28:00Z
3442,1ywSCFxbMby3WYFs,1bYmgRkXfXFc6ceB,3.38033953,2019-08-27T02:12:00Z
3443,1AfUZmao8Q8K5CcP,1qXBAfygoKodh1X6,13.83414767,2019-08-27T00:45:00Z
3444,1Aw9xEQ8dc8VVMNb,11wfm6GjN3FT3jPu,14.2343855,2019-08-27T06:03:00Z
3445,1hnHy81d6mhKtPwf,1rWJ2i7CyHU2Ns4m,3.184837,2019-08-27T13:30:00Z
3446,1XL17xz8K629NxW2,1NrC6c3u98T6eW3k,8.36218035,2019-08-27T19:47:00Z
3447,1heufH2Pg3iNawBs,1gMpeFZyZMJMBcSU,9.96587527,2019-08-27T19:36:00Z
3448,17H7LwyNAdSmBgAk,17H7LwyNAdSmBgAk,46.17191732,2019-08-27T06:42:00Z
3449,1yCEH1ZvzKth2QMM,1sFptmjCiyXHK7hD,0.53046364,2019-08-27T02:49:00Z
3450,18orPehj2oQLcE2H,1b6KPEtESCymyBS1,8.23968699,2019-08-27T17:58:00Z
3451,1SbyfAq3RdMgwkLF,1G75HiEeJBQkDsS8,9.70731775,2019-08-27T10:04:00Z
3452,18YLNiWgsug4AxXb,1wwNHorQoSkC6NxM,3.22871505,2019-08-27T19:19:00Z
3453,1yQ8zfL35VnatKho,1ccgdQXiLLrhQ2QH,0.55339531,2019-08-27T19:07:00Z
3454,1MQnLDQJBZU1p4Tt,1H38vMgDepmZHMxt,9.05692784,2019-08-27T22:27:00Z
3455,1dBnZM2ZKr3V44Li,1DorH1thto4NDxNT,4.70246937,2019-08-27T14:51:00Z
3456,1g3R7XEtJcxkCRjp,1PUBGf1cD2nJm8PN,0.25649746,2019-08-27T04:42:00Z
3457,1ZLAAeNAZfir9wS4,1MhamiF8tbDweUvM,13.28583936,2019-08-27T12:18:00Z
3458,1b6KPEtESCymyBS1,1EitxxxYaR5ynDrK,8.26207681,2019-08-27T02:30:00Z
3459,1WK83Xqamhw4HmCY,13UkDZHj8FgGUDxb,9.02138056,2019-08-27T02:34:00Z
3460,1FiNioNzpgymAubQ,1GHhYW9Y4jw73Wix,10.23853073,2019-08-27T15:51:00Z
3461,11XHsaRP5ueXM5Kg,17ajhF2m1FhKhpUJ,1.73081267,2019-08-27T19:21:00Z
3462,13JKYzr7aCwCAYiy,1o9sSeQ1SAzNBf6U,4.17019447,2019-08-27T21:02:00Z
3463,1PWnXwLJN2cp18zN,1BCunKfeARTRXgPx,12.95198456,2019-08-27T06:03:00Z
3464,16wAiLkpMMuJMaY5,1TirB8QNsvB27LGc,0.31576052,2019-08-27T14:33:00Z
3465,1XNMrCC1GkssGbtP,1W2Z3WUV5mN1nmcH,0.735853,2019-08-27T14:19:00Z
3466,1JwrHM2qHoXKX53t,1FGuHFVV7PfVczfQ,5.31486721,2019-08-27T02:47:00Z
3467,15xv1QXa549BPLQB,1KB4sdPTyNYb4jRK,11.63351982,2019-08-27T00:38:00Z
3468,1aMQxxJmBNa1Yunj,1FE7n6nhVhpG36AG,2.75058215,2019-08-27T19:37:00Z
3469,1968pTj3QcDShL9b,1QbYqZCBLH3uZvug,12.10692011,2019-08-27T04:06:00Z
3470,1Uhd4wi7qyD77d5D,1K7iQ6QudDFxU198,10.24676846,2019-08-27T16:10:00Z
3471,17jKMwUrLoqVr6HG,1meGAB6rHQVuvab9,8.57159868,2019-09-03T09:54:00Z
3472,1sdn3PZWak3MKjxE,1wwNHorQoSkC6NxM,12.83891603,2019-09-03T02:46:00Z
3473,1SbyfAq3RdMgwkLF,3AZSyahATYfVAd1i,3.83636653,2019-09-03T03:09:00Z
3474,1P48RS5DiLBxE7yU,1ZCxARPJNAYEpALP,8.35065773,2019-09-03T21:52:00Z
3475,1R4s3ahHxYNoLUrc,1a21yySbuwDuB3ks,3.51768933,2019-09-03T22:58:00Z
3476,1FCwKXNELWCLUa7F,1MY9CbPCBhbaoJ4Y,8.77379165,2019-09-03T08:26:00Z
3477,1Gv16bv4MT4KMMjK,169kfoy2ms629N4R,4.96982082,2019-09-03T01:12:00Z
3478,1hG71VmozVr8hrU4,1w4DDT88jkdvqU1H,4.23347773,2019-09-03T10:27:00Z
3479,1aMQxxJmBNa1Yunj,18oo53hohSLkGFP9,9.3725714,2019-09-03T14:41:00Z
3480,1h7Tn2rAKZpPs85i,1gyZ6NDSd4Fjqhz1,9.8880404,2019-09-03T23:50:00Z
3481,1LrrxBcvrigRP7PP,1GHhYW9Y4jw73Wix,0.23626519,2019-09-03T09:24:00Z
3482,1DNgwGvVTzNpDGop,1b66vZr5A7ByxDCX,6.71763722,2019-09-03T19:04:00Z
3483,1wU5UrH5NZ3FH341,1VYtDDv1ahbdRdfF,3.06193488,2019-09-03T01:33:00Z
3484,1AqzYMpNCWPVnXcB,1sVxLQ8462Q9kri7,0.48665221,2019-09-03T14:43:00Z
3485,1Fjwin5jGN8SXmxs,15NBVGLtZxFXPYNJ,2.35844595,2019-09-03T10:29:00Z
3486,1dBnZM2ZKr3V44Li,1NQ5KzpBCyTRmYeU,2.51129837,2019-09-03T21:36:00Z
3487,1PCqRRY5NvPrpdLc,1vPy17eombVGCr7m,14.73787796,2019-09-03T07:54:00Z
3488,1Zah9Cobj5DLP7dx,1td6fZydavhWrvD8,7.20028814,2019-09-03T12:15:00Z
3489,1Xm28HBz8K7oS2Ps,1CWzKN6dnGwkNwwL,4.87725297,2019-09-03T02:46:00Z
3490,1yCEH1ZvzKth2QMM,1oszo1mWfFFYjxzp,1.88207433,2019-09-03T05:19:00Z
3491,1A7T9uTCK7vccwGq,1WTUN6uCaG87dfRb,1.55118321,2019-09-03T01:16:00Z
3492,1UQRKVhaaiBykuHQ,1wUaHVe7NRc8Xoa9,11.93094569,2019-09-03T07:24:00Z
3493,1BxVvVSPBAfjHad1,1D491Zgk2Y8bMKwZ,12.2091245,2019-09-03T11:46:00Z
3494,1bMADFnNRNjk26ri,1pBZdHa4eenRLFEL,2.73425507,2019-09-03T02:33:00Z
3495,11eYHFj3K6Q4neLR,1FvEuPX26fgowXFR,14.89951869,2019-09-03T02:14:00Z
3496,1FQBNMGgntQKst2f,1ZY37tAH9aZ1ogBx,7.96156583,2019-09-03T05:06:00Z
3497,18UGxBHYepxtgc8b,1FvEuPX26fgowXFR,5.02014947,2019-09-03T10:31:00Z
3498,1P2hrV8V5G8xNiob,1Fd1eaAEp2SQCLn4,3.11616648,2019-09-03T23:40:00Z
3499,17jKMwUrLoqVr6HG,1X4qF1enzpoiWB8y,0.36986587,2019-09-03T11:07:00Z
3500,1sFptmjCiyXHK7hD,1ACuhLy6uHKKpNH9,11.95425798,2019-09-03T07:40:00Z
3501,1ENtKQwCYB1gQwwR,1ehP4kraCyfDdin8,5.36514116,2019-09-03T18:31:00Z
3502,1DT5XE2pRiJmX718,1a21yySbuwDuB3ks,7.6003637,2019-09-03T14:27:00Z
3503,1Vb3yoA1UuHwoAGS,1qczkoAMQzbTPCNY,0.98639844,2019-09-03T20:08:00Z
3504,1g3R7XEtJcxkCRjp,1AqzYMpNCWPVnXcB,5.36354091,2019-09-03T02:45:00Z
3505,1gYcAvNY55KkGMRy,1L94V1WA3RLHpswz,13.38915417,2019-09-03T07:40:00Z
3506,1iwb3CgmtuUXfwnW,1GBL1vT38bfoigJf,7.99547444,2019-09-03T14:50:00Z
3507,19jB7F5cM6eDJD96,1S8dkAL66y1uN2Ji,0.8911157,2019-09-03T22:09:00Z
3508,12L3GGbNeTTeMwrz,1VYtDDv1ahbdRdfF,11.6775358,2019-09-03T00:09:00Z
3509,199fN4m51aLgVqHd,1zBxZBxG5FA8wyHv,13.77197218,2019-09-03T14:19:00Z
3510,1BWFUE95QLowe2NQ,1DNgwGvVTzNpDGop,3.84872934,2019-09-03T09:41:00Z
3511,1H9EzdacNFBExDbt,1PeQ5DWwDRyaFsUH,14.81359934,2019-09-03T15:26:00Z
3512,1QBKaXJNEFgNPPdB,31nV2DrVWAFeyqYT,3.49025778,2019-09-03T07:48:00Z
3513,1qgSNtPJj7QqZ9z3,1F1GgPJ4vyFDpzpB,48.74767142,2019-09-03T18:14:00Z
3514,1y9pJedRpkAis53A,1m9P6QGeT5XApSjF,13.37996792,2019-09-03T21:54:00Z
3515,1hG71VmozVr8hrU4,1CZXtBWYzRfRFfNd,2.70542542,2019-09-03T21:38:00Z
3516,1qVtaChQVzoQPqUC,1Zah9Cobj5DLP7dx,7.9484056,2019-09-03T20:08:00Z
3517,1zHdtY5BbP1Ydp4P,1MNuGBAZWt3kZbiu,13.40306776,2019-09-03T15:34:00Z
3518,1SvBuqRbpsFXezAx,1X8REorWWbZsKkTP,8.92398691,2019-09-03T04:22:00Z
3519,1E63uVpmLe4AMj6V,1MCX7JwBBHr7ogza,1.50094214,2019-09-03T21:50:00Z
3520,1vCG6VDUZY5CiWk7,1dBnZM2ZKr3V44Li,0.88308443,2019-09-03T18:17:00Z
3521,12icaPSgNgN28QDh,1RLBV7h2XHH7fnof,14.40332901,2019-09-03T16:58:00Z
3522,15NBVGLtZxFXPYNJ,1iQanud375u25sc9,0.66687739,2019-09-03T05:14:00Z
3523,13UkDZHj8FgGUDxb,13e5rMp8T3rKpF5m,3.61019612,2019-09-03T15:56:00Z
3524,1xGdcKsU3QqEKzwT,3TwobS8w1RnXNQzC,8.69456747,2019-09-03T09:06:00Z
3525,1Gv16bv4MT4KMMjK,3Y8vT7ASAd4qeB7t,4.20490945,2019-09-03T23:14:00Z
3526,1C7CVivZBxG9sRpZ,1QBKaXJNEFgNPPdB,9.45377987,2019-09-03T17:38:00Z
3527,1umPaYR6uTpzCXsF,1e7gsNXXM9ivDr2z,36.15703845,2019-09-03T07:26:00Z
3528,1DEtNbkeByLEKrEN,1NBG1wdMMmkw2pSD,3.8357455,2019-09-03T07:54:00Z
3529,1oS85NnHsY7UabsF,12S1AvDrL5Mrj5ad,10.82820908,2019-09-03T02:34:00Z
3530,1ESLD8zxDkmFhWpj,13JKYzr7aCwCAYiy,8.75256026,2019-09-03T01:12:00Z
3531,1P48RS5DiLBxE7yU,1Ze691FgqxPp3PhR,12.99456256,2019-09-03T16:31:00Z
3532,1sNZy4memEAoMyeB,1hmDDQnZd3fwKFds,0.39593808,2019-09-03T07:10:00Z
3533,1j7HGp91XfhknJz4,1rW19tXCvifK49fv,7.70243265,2019-09-03T08:02:00Z
3534,1T79Rac8NFGHhECF,1CWzKN6dnGwkNwwL,4.76052951,2019-09-03T08:56:00Z
3535,15xv1QXa549BPLQB,1TxPGdCGUmsBP2ew,4.59838061,2019-09-03T23:12:00Z
3536,1dNHdTLMNXDJ6XCm,1Fd1eaAEp2SQCLn4,4.87120416,2019-09-03T10:47:00Z
3537,1h7Tn2rAKZpPs85i,1KB4sdPTyNYb4jRK,13.03034885,2019-09-03T22:11:00Z
3538,1k1GUS4Zygfe3sEr,1PeQ5DWwDRyaFsUH,13.89420574,2019-09-03T01:04:00Z
3539,169kfoy2ms629N4R,1KuoQAUCvpfgWZ11,2.25210489,2019-09-03T21:35:00Z
3540,1Z23NF2em6mRjZK2,17HJUzK5vEjDaUCH,11.65283539,2019-09-03T20:22:00Z
3541,1JB1hxGJQBRG5eVF,1vCG6VDUZY5CiWk7,14.26891666,2019-09-03T14:17:00Z
3542,1V25NM2bkpKdxp4K,12icaPSgNgN28QDh,9.39326787,2019-09-03T04:11:00Z
3543,1V9JtnLJxgFSR6DX,11eYHFj3K6Q4neLR,4.83757453,2019-09-03T12:34:00Z
3544,1wA9JQv5bBoHTNkX,1vZyLz5AuLBMgk8a,10.38238355,2019-09-03T04:04:00Z
3545,1ENtKQwCYB1gQwwR,1TN5qzi3ueRYX3S1,6.53158829,2019-09-03T17:58:00Z
3546,1dpaZX5GrgB1QB28,1JEXR99UAW4SM3aM,7.05130893,2019-09-03T14:25:00Z
3547,1RiHFvhFHJHJR3se,1wQAavS7pKydFTtq,4.7431158,2019-09-03T03:44:00Z
3548,1wmitYd7XE38T2n5,33YWCjBomCEfoFyz,11.17208785,2019-09-03T12:17:00Z
3549,1cX4L5iqM3YVuBLG,17zMxo79qrrMS44q,12.58602418,2019-09-03T16:16:00Z
3550,1mu4unH7AU6TwDq5,11rS7WKDdVLtmpG4,1.45921091,2019-09-03T12:58:00Z
3551,13Pae9eivfoz8oAv,3TwobS8w1RnXNQzC,2.02071824,2019-09-03T14:08:00Z
3552,1L6ouHa3L2kuuBmY,1P48RS5DiLBxE7yU,6.93355857,2019-09-03T08:42:00Z
3553,1wmitYd7XE38T2n5,1wU5UrH5NZ3FH341,0.01605154,2019-09-03T04:42:00Z
3554,1P2hrV8V5G8xNiob,13wQdZHUzQQMBPQa,3.47687896,2019-09-03T21:31:00Z
3555,199fN4m51aLgVqHd,1WTUN6uCaG87dfRb,2.65916242,2019-09-03T12:40:00Z
3556,1s4DKiNkzLNKvebH,1GHhYW9Y4jw73Wix,2.36997475,2019-09-03T09:23:00Z
3557,1QX95PQkfufvsd76,1PCqRRY5NvPrpdLc,1.70073723,2019-09-03T22:04:00Z
3558,17Gy8pc9sKyMbPcs,1LpLMQhdQxMc6q5G,8.72353363,2019-09-03T13:01:00Z
3559,14ArkDK15E15KjBS,3TwobS8w1RnXNQzC,1.84290545,2019-09-03T04:20:00Z
3560,1fXRWFQkodYaJSn4,1DEtNbkeByLEKrEN,12.3710098,2019-09-03T04:15:00Z
3561,1JwrHM2qHoXKX53t,1bP5YXsxy97Q1Run,13.46527617,2019-09-03T19:10:00Z
3562,1ccgdQXiLLrhQ2QH,1XNMrCC1GkssGbtP,2.02048297,2019-09-03T19:12:00Z
3563,1XCTbHaM3HV8uAPU,1trNjrZ7qc9pAyJg,4.57474733,2019-09-03T11:33:00Z
3564,1XL17xz8K629NxW2,1oszo1mWfFFYjxzp,8.12495662,2019-09-03T16:58:00Z
3565,1YFVeahnYSW64Tmn,16vgu1XxbXQedo5J,7.77565094,2019-09-03T17:06:00Z
3566,1c7MqcajSaoyQvuo,1h9mEfenzJbW4gNk,14.28860771,2019-09-03T02:39:00Z
3567,169kfoy2ms629N4R,1hzugAi4qWHZLX4b,11.53030769,2019-09-03T10:48:00Z
3568,1NqoZi13GJHL1hFj,1AqzYMpNCWPVnXcB,3.23042966,2019-09-03T07:54:00Z
3569,1XL17xz8K629NxW2,1eHdD9CmutfkiTPf,6.34750998,2019-09-03T07:52:00Z
3570,1zbrJmHtZS58T5mS,17jC1Ei7B2LYpRju,13.06709027,2019-09-03T09:02:00Z
3571,1KG3E9XzsSQhjUqw,11wfm6GjN3FT3jPu,2.64943537,2019-09-03T05:01:00Z
3572,1qFjgSfPTQ1XSojB,1CWzKN6dnGwkNwwL,0.57689292,2019-09-03T10:46:00Z
3573,1fXRWFQkodYaJSn4,1uyH4EUyiub39rLc,6.18099673,2019-09-10T02:32:00Z
3574,1mRAifCi77m6vAxM,199fN4m51aLgVqHd,0.60808066,2019-09-10T23:00:00Z
3575,1DNgwGvVTzNpDGop,1UCSnMk7TCn7w32v,0.5979113,2019-09-10T03:08:00Z
3576,1N1GanX4r3fBWAZQ,1rywYxiEGmh1J5gg,3.874599,2019-09-10T21:43:00Z
3577,1Kp41jcUfeoKB8Np,1GLA3tPmY3Gtn4fg,9.59738769,2019-09-10T05:59:00Z
3578,1KB4sdPTyNYb4jRK,1SVP4oHqRKN4e6DR,10.66658136,2019-09-10T03:39:00Z
3579,1aish8o4qBwWJCLN,1BWFUE95QLowe2NQ,7.3945469,2019-09-10T07:13:00Z
3580,1f9v43Xk1s68FSiu,19T21f7VpjFJCyHi,5.91959654,2019-09-10T02:47:00Z
3581,1BdPFKagrNfN8TyZ,3Y8vT7ASAd4qeB7t,0.06159729,2019-09-10T00:51:00Z
3582,1V9JtnLJxgFSR6DX,1pBZdHa4eenRLFEL,14.37921756,2019-09-10T18:25:00Z
3583,18xU1Uod8DEj59Q5,1LWBZk28j3vPRqMk,0.95208462,2019-09-10T11:14:00Z
3584,1w7PPqsKLwfwSnRo,1QHZ5rZ7PKneyZs1,5.15024594,2019-09-10T18:58:00Z
3585,18rd9ES2jc2qTb7b,1w4DDT88jkdvqU1H,3.33907726,2019-09-10T20:26:00Z
3586,1e38S2dYsm1VGSsH,12tu3yoXAs5xf7FE,3.07306166,2019-09-10T10:50:00Z
3587,1CxxWTdSD4DWGoAn,1uCWBqgYzZiaDAZP,7.22312723,2019-09-10T22:37:00Z
3588,1DT5XE2pRiJmX718,1XNMrCC1GkssGbtP,4.94806331,2019-09-10T07:31:00Z
3589,1SVP4oHqRKN4e6DR,1LroL5DaYgBum5fR,0.19600108,2019-09-10T21:30:00Z
3590,13X4eqxD5uQA1X5Y,1ofRenewZhVKtP4Z,6.28301931,2019-09-10T02:56:00Z
3591,1QJkexwJrAv7AeMS,1MhamiF8tbDweUvM,9.59326976,2019-09-10T00:33:00Z
3592,1CZXtBWYzRfRFfNd,1wU5UrH5NZ3FH341,1.46526805,2019-09-10T05:51:00Z
3593,1c7MqcajSaoyQvuo,1LpLMQhdQxMc6q5G,8.82531079,2019-09-10T14:57:00Z
3594,1SbyfAq3RdMgwkLF,1zHdtY5BbP1Ydp4P,12.2409582,2019-09-10T04:16:00Z
3595,17jC1Ei7B2LYpRju,1MCX7JwBBHr7ogza,4.8331121,2019-09-10T06:29:00Z
3596,1wA9JQv5bBoHTNkX,1LrrxBcvrigRP7PP,9.22391852,2019-09-10T09:54:00Z
3597,1dpaZX5GrgB1QB28,1ofRenewZhVKtP4Z,11.15770441,2019-09-10T12:26:00Z
3598,1ETvKBaUPiin8YVz,1BYnrH8VYnoVkfPa,5.6937963,2019-09-10T10:19:00Z
3599,14ArkDK15E15KjBS,1d8edzTH8oYWX94B,4.7010212,2019-09-10T22:27:00Z
3600,1MyWQKq1M8cFTixK,1NoPtJnH1GNviQy9,14.9102734,2019-09-10T00:19:00Z
3601,11YDkk59nLowFrWC,1sNZy4memEAoMyeB,11.9969219,2019-09-10T09:40:00Z
3602,1KpZXFFbQHyshdBR,1zqvW4J1tBVfodm1,13.89199302,2019-09-10T04:26:00Z
3603,1GHhYW9Y4jw73Wix,1tFUrLP6Vv7RWdva,8.9554959,2019-09-10T02:45:00Z
3604,1NKK8fSMtXB3KsAM,1NCyyQsgcY76GjJ5,1.74997004,2019-09-10T17:43:00Z
3605,1W2Z3WUV5mN1nmcH,1L6ouHa3L2kuuBmY,13.34652917,2019-09-10T04:11:00Z
3606,1jFU921ThTZqpEV3,19GRgUUEQCUDKfgA,3.28775819,2019-09-10T21:33:00Z
3607,1LroL5DaYgBum5fR,17ajhF2m1FhKhpUJ,4.36408325,2019-09-10T22:43:00Z
3608,1SbyfAq3RdMgwkLF,1vZyLz5AuLBMgk8a,11.6448397,2019-09-10T10:02:00Z
3609,1vMRWSipQWE9JQGM,1NCyyQsgcY76GjJ5,11.97116802,2019-09-10T19:45:00Z
3610,1BxVvVSPBAfjHad1,1W2Z3WUV5mN1nmcH,2.03882235,2019-09-10T00:11:00Z
3611,1eBUMG9wz5BKbkx4,3M239b5DEVh1NKFV,14.76069471,2019-09-10T18:01:00Z
3612,1BdPFKagrNfN8TyZ,1Jbzz4MaVG2UiRoC,11.94039016,2019-09-10T03:35:00Z
3613,1GLA3tPmY3Gtn4fg,17bvDWXiiiZPd1Tx,0.69410522,2019-09-10T23:54:00Z
3614,1mbwTWMeUgzSPG57,1rQ6aDz23A2Wp9xk,7.16308734,2019-09-10T19:13:00Z
3615,1ZCxARPJNAYEpALP,1j7HGp91XfhknJz4,14.55048942,2019-09-10T15:14:00Z
3616,13B2Q2Eg3888BFJv,3AZSyahATYfVAd1i,9.61615615,2019-09-10T12:15:00Z
3617,17DAc2BTkRYYtkeJ,1F96QJxaM4UdvE9t,2.18328538,2019-09-10T07:56:00Z
3618,169kfoy2ms629N4R,1KuoQAUCvpfgWZ11,2.74459946,2019-09-10T02:29:00Z
3619,18foFfVWmSCy51tw,1JEXR99UAW4SM3aM,8.15796451,2019-09-10T23:23:00Z
3620,1WKBC1BaA9puhK8J,1ZZTRazEHBH3R5Qz,2.22871039,2019-09-10T12:24:00Z
3621,1BYnrH8VYnoVkfPa,1tdNQa5ePjjY9dMK,3.74292443,2019-09-10T14:57:00Z
3622,1bMrs8HxrWzH491H,1xAP8fcDtF8bC1iz,5.50412632,2019-09-10T10:40:00Z
3623,1CiKTHZmnrv53NdE,12nx1RT4Sau3D2aX,5.67921459,2019-09-10T19:58:00Z
3624,1wUaHVe7NRc8Xoa9,1AfUZmao8Q8K5CcP,6.09900315,2019-09-10T11:32:00Z
3625,17Gy8pc9sKyMbPcs,1P5LZ9pox9y37PvG,1.08972613,2019-09-10T05:01:00Z
3626,1bQPxmPLdN1ddTT1,1DorH1thto4NDxNT,0.86019785,2019-09-10T08:03:00Z
3627,1XGwfNfKfw1Lc7DN,1Gv16bv4MT4KMMjK,0.28587227,2019-09-10T15:23:00Z
3628,1Dnotr7p62Z9h1yv,1Ya477bembmPDC5e,14.92340692,2019-09-10T13:38:00Z
3629,1hEbUwMWUEfaJYzB,1NtyM4w2eJYmcELe,5.17240419,2019-09-10T22:21:00Z
3630,1JRtUG5Lb9TR5ftT,1e38S2dYsm1VGSsH,9.72217441,2019-09-10T19:33:00Z
3631,1MPX9humnLRCZmdo,1EzihFiUPDcFgs16,13.50653229,2019-09-10T19:16:00Z
3632,1vPzykFZ81JA7fEP,1BWFUE95QLowe2NQ,10.44524282,2019-09-10T01:16:00Z
3633,1wy5J2qUhmGY88jm,19ZQn5nvoG39PhES,12.13757205,2019-09-10T02:59:00Z
3634,1yCEH1ZvzKth2QMM,1xGdcKsU3QqEKzwT,9.77476233,2019-09-10T09:01:00Z
3635,1bQPxmPLdN1ddTT1,1REcDPnDsWxZsc6t,5.39558162,2019-09-10T10:48:00Z
3636,1iwb3CgmtuUXfwnW,1REcDPnDsWxZsc6t,6.72650149,2019-09-10T16:23:00Z
3637,1TZFKKsBA219W6qT,1wU5UrH5NZ3FH341,3.64509405,2019-09-10T12:18:00Z
3638,1Gv16bv4MT4KMMjK,31nV2DrVWAFeyqYT,1.22203301,2019-09-10T16:41:00Z
3639,1y9pJedRpkAis53A,176bFA8cpA43nK9s,1.44623171,2019-09-10T06:35:00Z
3640,1b6KPEtESCymyBS1,1c8eacFH4WH2tJia,1.10761888,2019-09-10T11:43:00Z
3641,1ZY37tAH9aZ1ogBx,12cBPqD9dN948L6R,9.81589316,2019-09-10T10:51:00Z
3642,1cX4L5iqM3YVuBLG,18YLNiWgsug4AxXb,0.4455407,2019-09-10T04:51:00Z
3643,1mTZ2KCk9vkDkx9m,31u2kj2PUBoHKUe6,0.53696311,2019-09-10T15:41:00Z
3644,199fN4m51aLgVqHd,1dNHdTLMNXDJ6XCm,2.12081881,2019-09-10T06:47:00Z
3645,1qXBAfygoKodh1X6,1pVwey2KMhHHn8y1,2.37691643,2019-09-10T22:09:00Z
3646,1uG6H4dHadXmE2Qy,1y9pJedRpkAis53A,5.55111902,2019-09-10T09:58:00Z
3647,1wA9JQv5bBoHTNkX,1KdwGgoD17CcZRwZ,3.20026173,2019-09-10T09:08:00Z
3648,1C1c9NfjmUH4i56s,33YWCjBomCEfoFyz,4.49039779,2019-09-10T01:06:00Z
3649,1wwNHorQoSkC6NxM,1dneZ88JhxpgAgsD,7.87918974,2019-09-10T04:31:00Z
3650,1wmitYd7XE38T2n5,1UH8DBVPdF4Sm5Hh,12.99588188,2019-09-10T10:51:00Z
3651,1wwNHorQoSkC6NxM,11XHsaRP5ueXM5Kg,13.64603789,2019-09-10T19:54:00Z
3652,1QEE1bTY9qBWgRVh,1P5LZ9pox9y37PvG,4.86468725,2019-09-10T01:39:00Z
3653,19FAKT2N5LniVr2M,1w7PPqsKLwfwSnRo,7.16407408,2019-09-10T02:52:00Z
3654,1NBG1wdMMmkw2pSD,11eYHFj3K6Q4neLR,1.42716631,2019-09-10T17:05:00Z
3655,1Eym1qWeXf6gGZHK,1MyWQKq1M8cFTixK,4.51152661,2019-09-10T07:10:00Z
3656,1Z23NF2em6mRjZK2,1ZY37tAH9aZ1ogBx,12.11400554,2019-09-10T21:01:00Z
3657,1ESLD8zxDkmFhWpj,176RurrR4vviP3HT,8.6561187,2019-09-10T06:40:00Z
3658,1sdn3PZWak3MKjxE,1cvbrWWvoinEVJD3,5.92894633,2019-09-10T12:24:00Z
3659,1Fd1eaAEp2SQCLn4,1mTZ2KCk9vkDkx9m,0.50135945,2019-09-10T02:12:00Z
3660,1mbwTWMeUgzSPG57,12bchPVYsFo4gYGV,11.06771725,2019-09-10T19:50:00Z
3661,1Lm7CruzxRwQnb15,1CxxWTdSD4DWGoAn,10.00702958,2019-09-10T21:01:00Z
3662,1h9mEfenzJbW4gNk,1uVhtcCtafuHSion,8.36546645,2019-09-10T06:46:00Z
3663,11BXeo4xAVEdmfkD,1uJnJUziXWCaq5fA,9.66050366,2019-09-10T12:59:00Z
3664,1rgNxjB9oN2TJDev,1o9sSeQ1SAzNBf6U,4.27482274,2019-09-10T03:17:00Z
3665,1SvGE4M9BVGngCG7,1Qztqa7TeMpLNfG2,4.45022412,2019-09-10T23:17:00Z
3666,1Xy8nHgM47i6FHQP,3fEw71S93wM8AFCq,3.56885438,2019-09-10T15:10:00Z
3667,1ESLD8zxDkmFhWpj,1hG71VmozVr8hrU4,14.90485055,2019-09-10T04:54:00Z
3668,1WK83Xqamhw4HmCY,1Ya477bembmPDC5e,2.5659067,2019-09-10T05:50:00Z
3669,1NLyx6613EJJh4si,1CiKTHZmnrv53NdE,6.85010247,2019-09-10T08:25:00Z
3670,18rd9ES2jc2qTb7b,1uyH4EUyiub39rLc,9.24011471,2019-09-10T14:02:00Z
3671,1QJkexwJrAv7AeMS,1dBnZM2ZKr3V44Li,14.82607971,2019-09-10T09:51:00Z
3672,1wXB1erZ6bdzRkrJ,1Ep6D28bJwQ9fhu2,4.89806677,2019-09-10T18:58:00Z
3673,1w7PPqsKLwfwSnRo,1abgQKZ9i3rBKpXP,9.27821547,2019-09-10T10:18:00Z
3674,1qczkoAMQzbTPCNY,1abgQKZ9i3rBKpXP,7.45441281,2019-09-10T04:22:00Z
3675,1trNjrZ7qc9pAyJg,1wUaHVe7NRc8Xoa9,1.45332707,2019-09-17T09:58:00Z
3676,1aJYLcVYbQnzu7Dj,1sVxLQ8462Q9kri7,1.95771732,2019-09-17T19:34:00Z
3677,12S1AvDrL5Mrj5ad,1cvbrWWvoinEVJD3,13.89923315,2019-09-17T23:47:00Z
3678,1cKXYF2pg3VQZCCd,1LrrxBcvrigRP7PP,11.44011577,2019-09-17T23:24:00Z
3679,1PA3SuhtCjMMNEQV,1CWzKN6dnGwkNwwL,2.9021061,2019-09-17T14:15:00Z
3680,1KdwGgoD17CcZRwZ,1TmvfsTenGCM6p5i,9.4858065,2019-09-17T21:56:00Z
3681,19ZQn5nvoG39PhES,1wUaHVe7NRc8Xoa9,0.49534466,2019-09-17T10:36:00Z
3682,17ajhF2m1FhKhpUJ,1bMrs8HxrWzH491H,0.57569333,2019-09-17T14:34:00Z
3683,1e38S2dYsm1VGSsH,3Cy58imRd5rntwwS,1.7516722,2019-09-17T15:28:00Z
3684,1JB1hxGJQBRG5eVF,1NQ5KzpBCyTRmYeU,3.1015394,2019-09-17T18:33:00Z
3685,1trNjrZ7qc9pAyJg,1X4qF1enzpoiWB8y,4.74662627,2019-09-17T09:58:00Z
3686,1UiBeQvQEtTj47qh,13B2Q2Eg3888BFJv,14.55602366,2019-09-17T03:43:00Z
3687,1i2rJn5aYf2kpP8P,1wU5UrH5NZ3FH341,5.07696425,2019-09-17T04:56:00Z
3688,1uCWBqgYzZiaDAZP,1JJCDTwoAFteK613,6.8267014,2019-09-17T11:44:00Z
3689,1KsiwuEHiEUovHeg,3TwobS8w1RnXNQzC,0.4118041,2019-09-17T06:01:00Z
3690,1vZyLz5AuLBMgk8a,1xAP8fcDtF8bC1iz,9.86361369,2019-09-17T02:28:00Z
3691,1aish8o4qBwWJCLN,1HQxjBP2SAxwdW4R,4.72864393,2019-09-17T11:44:00Z
3692,1umVrfVRkm1kAPC2,1j85QkqiMZzNH7xc,14.97321372,2019-09-17T09:18:00Z
3693,1mXo6NHF4MCVBFuR,1oi4rPBFUgazY854,4.55979662,2019-09-17T08:57:00Z
3694,1Nr6EZU6J1jaExxP,1SVP4oHqRKN4e6DR,1.44614873,2019-09-17T07:07:00Z
3695,1rBoXXjcsQSPRs6E,1jree3scyUDWLe9P,36.74801749,2019-09-17T07:06:00Z
3696,1PeQ5DWwDRyaFsUH,1NLyx6613EJJh4si,8.29941144,2019-09-17T14:33:00Z
3697,1EitxxxYaR5ynDrK,1L6ouHa3L2kuuBmY,6.38478211,2019-09-17T20:09:00Z
3698,1aJYLcVYbQnzu7Dj,3bT1sZ43sAMEmTAs,0.81143295,2019-09-17T10:49:00Z
3699,1L6ouHa3L2kuuBmY,1KYrTSP42ExcvCAR,1.83488222,2019-09-17T07:06:00Z
3700,11rS7WKDdVLtmpG4,1Hn6EhDddRt6TuDW,14.44743203,2019-09-17T22:40:00Z
3701,1myL39jpsGfXAaRH,1493T4n79LvMHtLx,0.74913525,2019-09-17T07:15:00Z
3702,1ccgdQXiLLrhQ2QH,1j7HGp91XfhknJz4,6.9279858,2019-09-17T07:32:00Z
3703,13UkDZHj8FgGUDxb,1hEbUwMWUEfaJYzB,4.39922405,2019-09-17T01:41:00Z
3704,1RLBV7h2XHH7fnof,1h6Xw6p2BgV6aevF,3.00754757,2019-09-17T00:01:00Z
3705,1JwrHM2qHoXKX53t,1ehP4kraCyfDdin8,12.06101911,2019-09-17T21:06:00Z
3706,1PEDHBz1wPsrxD1r,1y5g9KS8dGm9MDKE,4.19893111,2019-09-17T07:23:00Z
3707,1ysDNH4ACAAsBQZD,33YWCjBomCEfoFyz,19.79585461,2019-09-17T20:46:00Z
3708,1i2rJn5aYf2kpP8P,1G75HiEeJBQkDsS8,5.1427413,2019-09-17T13:18:00Z
3709,1d8edzTH8oYWX94B,122WkN2Fz9mA3hfE,6.70196967,2019-09-17T05:38:00Z
3710,1CBKUFsVDi3KMaRb,13Pae9eivfoz8oAv,6.93241612,2019-09-17T00:50:00Z
3711,1LN1xcu2R45BkZzF,1PeQ5DWwDRyaFsUH,0.81672651,2019-09-17T01:55:00Z
3712,1ZLVtyB12dfemPpP,1ehP4kraCyfDdin8,4.47135766,2019-09-17T19:46:00Z
3713,1MFfMcX78QkPgPkH,1LpLMQhdQxMc6q5G,12.97102764,2019-09-17T18:30:00Z
3714,1DNgwGvVTzNpDGop,1e38S2dYsm1VGSsH,4.49984142,2019-09-17T12:38:00Z
3715,1HQxjBP2SAxwdW4R,1TGvPHyhPH9E8NoN,9.67565765,2019-09-17T22:37:00Z
3716,1ccgdQXiLLrhQ2QH,122WkN2Fz9mA3hfE,1.67114827,2019-09-17T12:27:00Z
3717,1bosF2uXW2LbGfEb,1hG71VmozVr8hrU4,3.13647311,2019-09-17T21:28:00Z
3718,1K7eheH3GX8RU456,1qaShFAfDNwuCNHL,4.22397035,2019-09-17T12:02:00Z
3719,1Hn6EhDddRt6TuDW,1C7CVivZBxG9sRpZ,14.46462119,2019-09-17T23:10:00Z
3720,1K7iQ6QudDFxU198,1HSG21KF9DsV9h8v,0.33726781,2019-09-17T07:12:00Z
3721,1BUmY8YHKCgu6N79,1Zah9Cobj5DLP7dx,11.57454842,2019-09-17T10:14:00Z
3722,1dNHdTLMNXDJ6XCm,1aJYLcVYbQnzu7Dj,6.25258364,2019-09-17T14:53:00Z
3723,1qk7RWE4ULArRrq7,11MU3s8mo2Wv4mP4,4.30166877,2019-09-17T01:38:00Z
3724,1r7RxwaKdSRLiBNu,1vPy17eombVGCr7m,4.83384796,2019-09-17T20:46:00Z
3725,1W1zjR8SiDExk3CX,1ETvKBaUPiin8YVz,12.97912134,2019-09-17T15:18:00Z
3726,1PsDbVGdT9Mcyj9d,1xQoyBVqB2NVFzkj,12.10386864,2019-09-17T22:58:00Z
3727,1CiKTHZmnrv53NdE,12cBPqD9dN948L6R,3.8839405,2019-09-17T17:09:00Z
3728,1GBqzXwG9BkMXDFf,31A6EQ7oSqhieQBM,1.9114143,2019-09-17T19:11:00Z
3729,1trNjrZ7qc9pAyJg,1Z23NF2em6mRjZK2,0.3017231,2019-09-17T03:53:00Z
3730,1JJCDTwoAFteK613,1E63uVpmLe4AMj6V,13.5748957,2019-09-17T20:48:00Z
3731,12L3GGbNeTTeMwrz,19ZQn5nvoG39PhES,0.94947085,2019-09-17T17:15:00Z
3732,1ooHQ9QPxgLWb4yK,1vRZaJXjEa43zPgG,30.26201216,2019-09-17T06:48:00Z
3733,1a2LgFdh5Fpt4KCF,1sQnDPLJ6nx1gzYK,7.31769586,2019-09-17T20:21:00Z
3734,1sQnDPLJ6nx1gzYK,1wRJF38GuNp6V9Ag,12.14947387,2019-09-17T15:35:00Z
3735,1g3R7XEtJcxkCRjp,1KYrTSP42ExcvCAR,9.73009065,2019-09-17T12:20:00Z
3736,1FvEuPX26fgowXFR,19GRgUUEQCUDKfgA,2.8708313,2019-09-17T16:39:00Z
3737,1REcDPnDsWxZsc6t,1WB9gmep4jiq2aFh,8.63392373,2019-09-17T20:24:00Z
3738,1heufH2Pg3iNawBs,1BEmM3Ddv4o9jY9f,14.70947575,2019-09-17T04:00:00Z
3739,1yQ8zfL35VnatKho,1MY9CbPCBhbaoJ4Y,8.48268272,2019-09-17T18:52:00Z
3740,1LsRJxSoNRTqwb48,1VcAx2NyFCi7pmc8,14.24779791,2019-09-17T14:42:00Z
3741,1NLyx6613EJJh4si,1eHdD9CmutfkiTPf,5.58223127,2019-09-17T13:01:00Z
3742,1FiNioNzpgymAubQ,11rS7WKDdVLtmpG4,1.26814846,2019-09-17T16:16:00Z
3743,1JDQxwrCwhnrcNLH,1uKFZfFbtPAnpXFy,0.09529228,2019-09-17T09:05:00Z
3744,1rTuDkQxjRckeCCs,1pBZdHa4eenRLFEL,0.23675629,2019-09-17T10:39:00Z
3745,1PUBGf1cD2nJm8PN,1NoPtJnH1GNviQy9,1.85555483,2019-09-17T13:50:00Z
3746,1y4cfwPZLE6pHUxG,1BEmM3Ddv4o9jY9f,2.84129731,2019-09-17T13:47:00Z
3747,1TN5qzi3ueRYX3S1,1eHdD9CmutfkiTPf,13.74600734,2019-09-17T08:31:00Z
3748,1rxtaX3BLLRUwH2P,1NLyx6613EJJh4si,5.70932468,2019-09-17T16:00:00Z
3749,1Uhd4wi7qyD77d5D,1LWBZk28j3vPRqMk,1.18760649,2019-09-17T18:56:00Z
3750,1WDuTzvPch7rmU1X,3TwobS8w1RnXNQzC,6.18462288,2019-09-17T00:33:00Z
3751,1DUQpGNY5yCNs7U3,1qXBAfygoKodh1X6,2.54326714,2019-09-17T18:59:00Z
3752,1iABwSrL7rbezk5N,1mA26temRswXwWt5,14.02275157,2019-09-17T07:14:00Z
3753,1DT5XE2pRiJmX718,3bT1sZ43sAMEmTAs,1.45426886,2019-09-17T18:03:00Z
3754,1mu4unH7AU6TwDq5,1X4qF1enzpoiWB8y,14.17204066,2019-09-17T00:24:00Z
3755,1uCzs2DS7L4tawtB,1EzihFiUPDcFgs16,0.91375942,2019-09-17T10:14:00Z
3756,15Ha2CawZG7cHxRA,1rQ6aDz23A2Wp9xk,4.70098276,2019-09-17T06:08:00Z
3757,1BtvsdcRTNNxrZUb,1RLBV7h2XHH7fnof,14.26172893,2019-09-17T09:54:00Z
3758,1yCEH1ZvzKth2QMM,1xQoyBVqB2NVFzkj,7.02234702,2019-09-17T11:44:00Z
3759,13UkDZHj8FgGUDxb,31nV2DrVWAFeyqYT,4.82160957,2019-09-17T17:12:00Z
3760,1dBnZM2ZKr3V44Li,1ETvKBaUPiin8YVz,4.96395465,2019-09-17T01:09:00Z
3761,1Lm7CruzxRwQnb15,1baPJZJavKVY7eW5,7.03439992,2019-09-17T17:52:00Z
3762,1r7RxwaKdSRLiBNu,12icaPSgNgN28QDh,1.56839612,2019-09-17T18:51:00Z
3763,1dBnZM2ZKr3V44Li,1uCzs2DS7L4tawtB,14.55046598,2019-09-17T17:48:00Z
3764,1wqoMruVZjrAqRw2,1cvbrWWvoinEVJD3,8.1960885,2019-09-17T07:52:00Z
3765,1r7RxwaKdSRLiBNu,1N1GanX4r3fBWAZQ,3.27434894,2019-09-17T23:12:00Z
3766,1y9pJedRpkAis53A,1LWBZk28j3vPRqMk,14.48717329,2019-09-17T06:07:00Z
3767,148GPMKH7QD8tYb7,1Ep6D28bJwQ9fhu2,3.59084673,2019-09-17T00:29:00Z
3768,1nGU1dbHLQRRn5ZD,1wA9JQv5bBoHTNkX,4.88907832,2019-09-17T05:47:00Z
3769,1Fd1eaAEp2SQCLn4,1Ya477bembmPDC5e,10.4197267,2019-09-17T17:48:00Z
3770,1dneZ88JhxpgAgsD,17bvDWXiiiZPd1Tx,13.91633107,2019-09-17T09:22:00Z
3771,19T21f7VpjFJCyHi,1bMrs8HxrWzH491H,6.98610202,2019-09-17T19:21:00Z
3772,1V25NM2bkpKdxp4K,1wXB1erZ6bdzRkrJ,7.27454636,2019-09-17T22:09:00Z
3773,1FCwKXNELWCLUa7F,1sNZy4memEAoMyeB,1.03978654,2019-09-17T23:35:00Z
3774,1Lm7CruzxRwQnb15,1968pTj3QcDShL9b,12.36429135,2019-09-17T14:51:00Z
3775,1TN5qzi3ueRYX3S1,194bpAfnGGE5D119,13.48696998,2019-09-17T13:12:00Z
3776,1rxtaX3BLLRUwH2P,1yCEH1ZvzKth2QMM,8.91486991,2019-09-17T19:56:00Z
3777,1H1vThduW1sBngae,1CZXtBWYzRfRFfNd,7.41639808,2019-09-24T05:42:00Z
3778,1L6ouHa3L2kuuBmY,18YLNiWgsug4AxXb,10.91755235,2019-09-24T18:14:00Z
3779,15JYDqiNtGUaXU8P,1s4DKiNkzLNKvebH,11.90415196,2019-09-24T18:37:00Z
3780,1TmvfsTenGCM6p5i,1ZCxARPJNAYEpALP,5.28433165,2019-09-24T10:02:00Z
3781,1RLBV7h2XHH7fnof,18rd9ES2jc2qTb7b,2.64192749,2019-09-24T18:13:00Z
3782,1NCyyQsgcY76GjJ5,1syBc5NTtNmk4btw,11.01108095,2019-09-24T23:05:00Z
3783,1PA3SuhtCjMMNEQV,1vMRWSipQWE9JQGM,11.38809045,2019-09-24T10:36:00Z
3784,1EitxxxYaR5ynDrK,1FE7n6nhVhpG36AG,2.33889812,2019-09-24T03:29:00Z
3785,1MyWQKq1M8cFTixK,1sdn3PZWak3MKjxE,1.62549745,2019-09-24T22:39:00Z
3786,1uG6H4dHadXmE2Qy,1REcDPnDsWxZsc6t,11.15191627,2019-09-24T12:50:00Z
3787,14Jd4ekZxoBJR4vJ,1HqwZnXkAFzBsHq4,11.57293528,2019-09-24T21:14:00Z
3788,1xiYe9aH2odBg91N,1g36umfR2kiGj276,4.60456993,2019-09-24T10:04:00Z
3789,1mTZ2KCk9vkDkx9m,1MFfMcX78QkPgPkH,2.53264446,2019-09-24T18:42:00Z
3790,1WTUN6uCaG87dfRb,1jSVeL2ib1WtFDDE,6.21490206,2019-09-24T08:14:00Z
3791,1yCEH1ZvzKth2QMM,1PWnXwLJN2cp18zN,14.39255249,2019-09-24T10:22:00Z
3792,1o9sSeQ1SAzNBf6U,1Ze691FgqxPp3PhR,3.66462682,2019-09-24T07:41:00Z
3793,1EzihFiUPDcFgs16,1YRiDhGvwuLrmoBE,0.47081985,2019-09-24T10:02:00Z
3794,1uKFZfFbtPAnpXFy,1MyWQKq1M8cFTixK,1.83299396,2019-09-24T04:11:00Z
3795,1Xm28HBz8K7oS2Ps,19ZQn5nvoG39PhES,1.64978626,2019-09-24T12:31:00Z
3796,1MyaugtnNCwZurS1,1sXKD77J9MWK6vBR,7.81159303,2019-09-24T13:19:00Z
3797,19GRgUUEQCUDKfgA,1wy5J2qUhmGY88jm,14.80825314,2019-09-24T14:47:00Z
3798,12tu3yoXAs5xf7FE,3Cy58imRd5rntwwS,14.48459177,2019-09-24T17:39:00Z
3799,1jZgVWJPAN8Qy6nv,1ywSCFxbMby3WYFs,9.49787202,2019-09-24T13:20:00Z
3800,18xU1Uod8DEj59Q5,1wU5UrH5NZ3FH341,8.77894568,2019-09-24T03:34:00Z
3801,1iABwSrL7rbezk5N,1d8edzTH8oYWX94B,4.94529788,2019-09-24T21:50:00Z
3802,1i2rJn5aYf2kpP8P,18a2q1L9WCa1KKkT,7.982003,2019-09-24T17:45:00Z
3803,19yUWzvb2G43tDF5,1ESLD8zxDkmFhWpj,11.21292555,2019-09-24T19:04:00Z
3804,1FiNioNzpgymAubQ,1hzugAi4qWHZLX4b,3.21770283,2019-09-24T06:04:00Z
3805,1a21yySbuwDuB3ks,1xAP8fcDtF8bC1iz,8.22271701,2019-09-24T22:59:00Z
3806,13UkDZHj8FgGUDxb,1mu4unH7AU6TwDq5,2.70093763,2019-09-24T05:40:00Z
3807,16vgu1XxbXQedo5J,1KRGS7Jo1z9Qj82v,14.0579224,2019-09-24T20:57:00Z
3808,1MNWx7D4QRUUiG1c,18oo53hohSLkGFP9,12.21891482,2019-09-24T21:39:00Z
3809,1sXKD77J9MWK6vBR,1rm6mDrQQKSefJTJ,10.23708278,2019-09-24T17:26:00Z
3810,1oS85NnHsY7UabsF,1L6ouHa3L2kuuBmY,3.47592453,2019-09-24T18:13:00Z
3811,1PWnXwLJN2cp18zN,1QBKaXJNEFgNPPdB,6.76219173,2019-09-24T06:02:00Z
3812,1XCTbHaM3HV8uAPU,1X4qF1enzpoiWB8y,14.48127581,2019-09-24T01:42:00Z
3813,1WeDw2RBF6E2Vvyc,1mXo6NHF4MCVBFuR,19.46375572,2019-09-24T21:25:00Z
3814,1QBKaXJNEFgNPPdB,1SVP4oHqRKN4e6DR,13.74144716,2019-09-24T22:49:00Z
3815,1N1GanX4r3fBWAZQ,1yTE3Q7kRdzyuaA9,4.0319319,2019-09-24T13:53:00Z
3816,18oo53hohSLkGFP9,12icaPSgNgN28QDh,14.66675344,2019-09-24T04:59:00Z
3817,1uJnJUziXWCaq5fA,1Cm493HpDrKek14f,14.98808547,2019-09-24T23:43:00Z
3818,1V25NM2bkpKdxp4K,1KbtWS8KUUYsPXCp,1.39340693,2019-09-24T15:28:00Z
3819,1gJ4ncA1edARWrbB,1VE4TNuRzEnLZSHa,13.11224745,2019-09-24T08:31:00Z
3820,1dNHdTLMNXDJ6XCm,1d8edzTH8oYWX94B,2.04789366,2019-09-24T06:22:00Z
3821,1FiNioNzpgymAubQ,1Xm28HBz8K7oS2Ps,1.41042603,2019-09-24T06:28:00Z
3822,1rW19tXCvifK49fv,1ACuhLy6uHKKpNH9,5.82099274,2019-09-24T07:08:00Z
3823,11YDkk59nLowFrWC,1NFvveM7rLnYRz6V,4.19292346,2019-09-24T11:18:00Z
3824,1Snda2Tdx776g9jV,1UQRKVhaaiBykuHQ,5.25425837,2019-09-24T18:00:00Z
3825,1uCWBqgYzZiaDAZP,19T21f7VpjFJCyHi,4.00573604,2019-09-24T01:20:00Z
3826,15Ha2CawZG7cHxRA,12L3GGbNeTTeMwrz,7.67005013,2019-09-24T13:57:00Z
3827,1N8wjBELrLKHbMA1,1Z23NF2em6mRjZK2,10.36086161,2019-09-24T17:12:00Z
3828,1V9JtnLJxgFSR6DX,1ykpUg4NEwL4BBJa,6.92447764,2019-09-24T18:05:00Z
3829,1y9pJedRpkAis53A,1MyaugtnNCwZurS1,1.84033577,2019-09-24T20:39:00Z
3830,1qczkoAMQzbTPCNY,11eYHFj3K6Q4neLR,2.15898089,2019-09-24T05:37:00Z
3831,1c7MqcajSaoyQvuo,1tQGNHthD2YaTMxB,4.59976803,2019-09-24T04:28:00Z
3832,1WeDw2RBF6E2Vvyc,1DvQ83XH8CAbgPcF,6.21137263,2019-09-24T22:59:00Z
3833,1YEs9MfeR9TTJ7HL,1VBEWwGrVxxDmH7H,0.72324843,2019-09-24T13:35:00Z
3834,1trNjrZ7qc9pAyJg,11eYHFj3K6Q4neLR,0.72335448,2019-09-24T04:26:00Z
3835,1gyZ6NDSd4Fjqhz1,1DmWR8LTWHCE4mJa,13.55477275,2019-09-24T00:44:00Z
3836,1NLyx6613EJJh4si,16vgu1XxbXQedo5J,4.47426271,2019-09-24T23:46:00Z
3837,1mbwTWMeUgzSPG57,1pBZdHa4eenRLFEL,12.60238509,2019-09-24T16:53:00Z
3838,1sFptmjCiyXHK7hD,1dneZ88JhxpgAgsD,12.09708532,2019-09-24T09:07:00Z
3839,1eBUMG9wz5BKbkx4,1GBqzXwG9BkMXDFf,6.33800004,2019-09-24T10:07:00Z
3840,1Ya477bembmPDC5e,1gyZ6NDSd4Fjqhz1,6.9659636,2019-09-24T08:55:00Z
3841,1ZZTRazEHBH3R5Qz,1rW19tXCvifK49fv,12.04989373,2019-09-24T07:55:00Z
3842,1bP5YXsxy97Q1Run,1wGEGMDFxPNkzVNo,14.22860552,2019-09-24T21:51:00Z
3843,11wfm6GjN3FT3jPu,3TwobS8w1RnXNQzC,0.48871995,2019-09-24T06:13:00Z
3844,1vPy17eombVGCr7m,1JB1hxGJQBRG5eVF,12.8997947,2019-09-24T00:48:00Z
3845,1XNMrCC1GkssGbtP,1sVxLQ8462Q9kri7,2.82509843,2019-09-24T13:48:00Z
3846,1aJYLcVYbQnzu7Dj,1CBKUFsVDi3KMaRb,6.30656763,2019-09-24T17:32:00Z
3847,1XL17xz8K629NxW2,3bBqbQivvMVbDbZj,0.02883187,2019-09-24T04:33:00Z
3848,1c8eacFH4WH2tJia,1Lm7CruzxRwQnb15,1.53333641,2019-09-24T13:31:00Z
3849,1gYcAvNY55KkGMRy,1ZZTRazEHBH3R5Qz,10.20741719,2019-09-24T03:08:00Z
3850,1eBUMG9wz5BKbkx4,1XCTbHaM3HV8uAPU,3.28906258,2019-09-24T01:44:00Z
3851,1mLnNP22PCYCsPAH,1j85QkqiMZzNH7xc,0.53354691,2019-09-24T13:17:00Z
3852,1wmitYd7XE38T2n5,1XkuXBH7JyiCRNsp,14.75108926,2019-09-24T13:47:00Z
3853,18a2q1L9WCa1KKkT,1KMk4962MsDuK7b2,0.94630588,2019-09-24T00:11:00Z
3854,122WkN2Fz9mA3hfE,1NKK8fSMtXB3KsAM,3.12070921,2019-09-24T20:31:00Z
3855,1Ze691FgqxPp3PhR,1V25NM2bkpKdxp4K,12.5040382,2019-09-24T06:34:00Z
3856,1SPqMv4kPCPf6Mfn,1Q1Jx1FnagZcJ3Lo,6.02513598,2019-09-24T23:51:00Z
3857,1R4s3ahHxYNoLUrc,3fEw71S93wM8AFCq,12.35706354,2019-09-24T05:44:00Z
3858,1zbrJmHtZS58T5mS,1qoBFvYFCweu3FUZ,5.51942811,2019-09-24T11:31:00Z
3859,1zbrJmHtZS58T5mS,1W2Z3WUV5mN1nmcH,2.04347385,2019-09-24T03:36:00Z
3860,17ajhF2m1FhKhpUJ,3M239b5DEVh1NKFV,1.85349947,2019-09-24T17:05:00Z
3861,1KYrTSP42ExcvCAR,1TmvfsTenGCM6p5i,3.90397581,2019-09-24T11:57:00Z
3862,1EzihFiUPDcFgs16,1PfW4rmw4VwCruo4,13.20585064,2019-09-24T05:02:00Z
3863,1rWJ2i7CyHU2Ns4m,3AZSyahATYfVAd1i,0.11623467,2019-09-24T21:26:00Z
3864,1DA2zMwDA5txETci,1LWBZk28j3vPRqMk,4.42452675,2019-09-24T18:20:00Z
3865,1GBqzXwG9BkMXDFf,1PobkGAcsDthod5q,2.55158723,2019-09-24T12:07:00Z
3866,1g36umfR2kiGj276,1rywYxiEGmh1J5gg,14.09025825,2019-09-24T03:18:00Z
3867,11BXeo4xAVEdmfkD,1G8LKvkxhhJegZN4,1.33771505,2019-09-24T18:32:00Z
3868,1uVhtcCtafuHSion,1PsDbVGdT9Mcyj9d,3.03107812,2019-09-24T05:21:00Z
3869,1uyH4EUyiub39rLc,1t5yy1psMdPdo33v,9.49536706,2019-09-24T21:52:00Z
3870,15NBVGLtZxFXPYNJ,1WB9gmep4jiq2aFh,2.18059928,2019-09-24T09:23:00Z
3871,1Lq6JbQon9FD4mXf,1y9pJedRpkAis53A,2.22116906,2019-09-24T06:23:00Z
3872,1LN1xcu2R45BkZzF,31A6EQ7oSqhieQBM,2.26686404,2019-09-24T14:25:00Z
3873,1LroL5DaYgBum5fR,1P48RS5DiLBxE7yU,2.75068706,2019-09-24T15:25:00Z
3874,1g36umfR2kiGj276,1PWnXwLJN2cp18zN,10.65416725,2019-09-24T13:07:00Z
3875,12L3GGbNeTTeMwrz,1hmDDQnZd3fwKFds,5.65516987,2019-09-24T03:08:00Z
3876,1pBZdHa4eenRLFEL,13wQdZHUzQQMBPQa,7.92296733,2019-09-24T23:14:00Z
3877,1Xm28HBz8K7oS2Ps,1KdwGgoD17CcZRwZ,10.39434944,2019-09-24T23:44:00Z
3878,18Pwu5LG5mY6GwN9,1zBxZBxG5FA8wyHv,4.11073727,2019-09-24T10:44:00Z
3879,17jKMwUrLoqVr6HG,1KuoQAUCvpfgWZ11,1.38867888,2019-10-01T16:35:00Z
3880,1DA2zMwDA5txETci,3fEw71S93wM8AFCq,3.17514803,2019-10-01T09:31:00Z
3881,1968pTj3QcDShL9b,1VcAx2NyFCi7pmc8,6.9697314,2019-10-01T09:33:00Z
3882,1uVhtcCtafuHSion,176RurrR4vviP3HT,2.33812035,2019-10-01T01:21:00Z
3883,1NQ5KzpBCyTRmYeU,1wwNHorQoSkC6NxM,2.75274777,2019-10-01T10:18:00Z
3884,1Dnotr7p62Z9h1yv,3wyLJFqFLkmqeTeH,3.37824601,2019-10-01T10:49:00Z
3885,1mLnNP22PCYCsPAH,18Pwu5LG5mY6GwN9,9.60142878,2019-10-01T04:49:00Z
3886,1zHdtY5BbP1Ydp4P,1wwNHorQoSkC6NxM,0.74356864,2019-10-01T12:14:00Z
3887,1r7RxwaKdSRLiBNu,1ZCxARPJNAYEpALP,2.81860368,2019-10-01T08:41:00Z
3888,1m9P6QGeT5XApSjF,1sXKD77J9MWK6vBR,1.42637847,2019-10-01T02:08:00Z
3889,1y4cfwPZLE6pHUxG,1DNgwGvVTzNpDGop,0.21130811,2019-10-01T08:40:00Z
3890,1fXRWFQkodYaJSn4,14pdSn19wptXxmSw,9.89973884,2019-10-01T11:29:00Z
3891,1h6Xw6p2BgV6aevF,1hnHy81d6mhKtPwf,4.37524111,2019-10-01T07:33:00Z
3892,1iABwSrL7rbezk5N,1BYnrH8VYnoVkfPa,0.78677073,2019-10-01T10:03:00Z
3893,1F96QJxaM4UdvE9t,1493T4n79LvMHtLx,1.61907088,2019-10-01T00:29:00Z
3894,1uJnJUziXWCaq5fA,3AZSyahATYfVAd1i,0.40705181,2019-10-01T05:55:00Z
3895,1r7RxwaKdSRLiBNu,1NQ5KzpBCyTRmYeU,1.85707597,2019-10-01T18:38:00Z
3896,1493T4n79LvMHtLx,1zqvW4J1tBVfodm1,12.50711139,2019-10-01T01:26:00Z
3897,1WDuTzvPch7rmU1X,1Xm28HBz8K7oS2Ps,9.65907265,2019-10-01T18:25:00Z
3898,1e38S2dYsm1VGSsH,1ofRenewZhVKtP4Z,12.69633213,2019-10-01T09:51:00Z
3899,19ZQn5nvoG39PhES,1K5tPoKFBRutRkmN,5.6575056,2019-10-01T18:27:00Z
3900,1sQnDPLJ6nx1gzYK,1trNjrZ7qc9pAyJg,1.01039913,2019-10-01T13:26:00Z
3901,1uyH4EUyiub39rLc,1Ep6D28bJwQ9fhu2,10.22661237,2019-10-01T20:50:00Z
3902,1wA9JQv5bBoHTNkX,1ehP4kraCyfDdin8,2.72185111,2019-10-01T20:16:00Z
3903,1zo6VADjfWFtx3d1,1ehP4kraCyfDdin8,14.19122679,2019-10-01T05:04:00Z
3904,1CiKTHZmnrv53NdE,1PeQ5DWwDRyaFsUH,3.23610252,2019-10-01T22:39:00Z
3905,1LXdKPV49UPsP3Mc,3AZSyahATYfVAd1i,4.51833845,2019-10-01T19:42:00Z
3906,1gYcAvNY55KkGMRy,1gYcAvNY55KkGMRy,2.82618086,2019-10-01T09:32:00Z
3907,1kBAW4GbqXKcv5xo,17bvDWXiiiZPd1Tx,0.91690126,2019-10-01T12:07:00Z
3908,1S8dkAL66y1uN2Ji,1BCunKfeARTRXgPx,13.67373403,2019-10-01T00:25:00Z
3909,1YEs9MfeR9TTJ7HL,1wRJF38GuNp6V9Ag,12.10554795,2019-10-01T17:38:00Z
3910,1yTE3Q7kRdzyuaA9,1x3oJrxeU5vzaB1i,2.81807871,2019-10-01T10:51:00Z
3911,188wH6iE31SEdx9j,1L5CGrSA9Jc9jfD4,13.28984511,2019-10-01T22:30:00Z
3912,14UGXj9yALWG5945,1DMFiMv2VN2GJqkZ,11.90047223,2019-10-01T14:54:00Z
3913,1NKK8fSMtXB3KsAM,1MPX9humnLRCZmdo,1.54554624,2019-10-01T11:59:00Z
3914,1Aw9xEQ8dc8VVMNb,1BdPFKagrNfN8TyZ,3.2517609,2019-10-01T02:55:00Z
3915,1pVwey2KMhHHn8y1,15NBVGLtZxFXPYNJ,11.44066283,2019-10-01T18:45:00Z
3916,1nGU1dbHLQRRn5ZD,15xv1QXa549BPLQB,9.38423857,2019-10-01T17:22:00Z
3917,14ArkDK15E15KjBS,1qk7RWE4ULArRrq7,8.03947615,2019-10-01T16:34:00Z
3918,17Gy8pc9sKyMbPcs,1qaShFAfDNwuCNHL,5.31803574,2019-10-01T12:27:00Z
3919,1cvbrWWvoinEVJD3,148GPMKH7QD8tYb7,4.29165045,2019-10-01T04:49:00Z
3920,1jSVeL2ib1WtFDDE,1dneZ88JhxpgAgsD,6.31233918,2019-10-01T11:20:00Z
3921,1DorH1thto4NDxNT,1Dnotr7p62Z9h1yv,14.265338,2019-10-01T22:11:00Z
3922,1R4s3ahHxYNoLUrc,1Uhd4wi7qyD77d5D,11.91889548,2019-10-01T22:04:00Z
3923,1tFUrLP6Vv7RWdva,1PUvb5fpX622F1by,5.4244537,2019-10-01T11:44:00Z
3924,1w4DDT88jkdvqU1H,1EitxxxYaR5ynDrK,14.80992414,2019-10-01T21:56:00Z
3925,1CxxWTdSD4DWGoAn,1Cm493HpDrKek14f,7.46240378,2019-10-01T18:28:00Z
3926,1UiBeQvQEtTj47qh,1mu4unH7AU6TwDq5,10.96538647,2019-10-01T17:08:00Z
3927,1eE53w1kajXfAsqT,1NdpC25TDn7yycoE,1.71482238,2019-10-01T20:52:00Z
3928,19ZQn5nvoG39PhES,3JNGSpTz4CW5hTzG,1.09457519,2019-10-01T21:37:00Z
3929,1w4DDT88jkdvqU1H,17jKMwUrLoqVr6HG,13.380437,2019-10-01T10:37:00Z
3930,1FGuHFVV7PfVczfQ,1y5g9KS8dGm9MDKE,3.18526958,2019-10-01T00:29:00Z
3931,1LWBZk28j3vPRqMk,1gYcAvNY55KkGMRy,7.64194246,2019-10-01T21:52:00Z
3932,1DKaNKQbiKUoWpYf,13ScvgbDy3vhBYap,42.33272761,2019-10-01T09:46:00Z
3933,176bFA8cpA43nK9s,16vgu1XxbXQedo5J,14.09622574,2019-10-01T23:19:00Z
3934,13BHTAnXc77gk9xm,1Q1Jx1FnagZcJ3Lo,12.35033375,2019-10-01T20:10:00Z
3935,12S1AvDrL5Mrj5ad,18a2q1L9WCa1KKkT,11.93799207,2019-10-01T01:48:00Z
3936,1o9sSeQ1SAzNBf6U,1Q1Jx1FnagZcJ3Lo,7.14579291,2019-10-01T08:49:00Z
3937,1WB9gmep4jiq2aFh,3AZSyahATYfVAd1i,8.16139617,2019-10-01T09:01:00Z
3938,1c7MqcajSaoyQvuo,18YLNiWgsug4AxXb,13.9952934,2019-10-01T04:52:00Z
3939,1fJYDzKVrv6qvx3B,1DA2zMwDA5txETci,0.2517913,2019-10-01T10:11:00Z
3940,1TirB8QNsvB27LGc,1duDD76PYqtoyNfz,4.15188779,2019-10-01T20:26:00Z
3941,1fJYDzKVrv6qvx3B,1nKySGyDHiESYSt9,3.25922723,2019-10-01T08:01:00Z
3942,1Nr6EZU6J1jaExxP,1ccgdQXiLLrhQ2QH,11.48630031,2019-10-01T06:10:00Z
3943,1KuoQAUCvpfgWZ11,1NpApQNXEKfWoHD5,14.10878726,2019-10-01T03:13:00Z
3944,1cKXYF2pg3VQZCCd,1wGEGMDFxPNkzVNo,8.03253025,2019-10-01T00:19:00Z
3945,11YtRTFn1oSL3zXR,1RLBV7h2XHH7fnof,3.06269955,2019-10-01T09:49:00Z
3946,1WK83Xqamhw4HmCY,1Eym1qWeXf6gGZHK,0.8214556,2019-10-01T13:40:00Z
3947,1dgP5iYyNjEdjzJf,1KMk4962MsDuK7b2,0.47170058,2019-10-01T20:39:00Z
3948,11XHsaRP5ueXM5Kg,1Snda2Tdx776g9jV,11.18566678,2019-10-01T23:29:00Z
3949,1f1KVJ1HD7WNNpqY,19FAKT2N5LniVr2M,4.50734813,2019-10-01T02:02:00Z
3950,1vMRWSipQWE9JQGM,1aish8o4qBwWJCLN,8.75094703,2019-10-01T12:32:00Z
3951,148GPMKH7QD8tYb7,1H1vThduW1sBngae,6.17604668,2019-10-01T19:32:00Z
3952,1HHiiFkcuZ8pze9D,1WTUN6uCaG87dfRb,13.65979678,2019-10-01T19:21:00Z
3953,1mTZ2KCk9vkDkx9m,1cKXYF2pg3VQZCCd,3.6404965,2019-10-01T11:49:00Z
3954,1td6fZydavhWrvD8,1ESLD8zxDkmFhWpj,2.09167949,2019-10-01T03:00:00Z
3955,1kKA1dfnPdMxRYE6,1H1vThduW1sBngae,9.16569528,2019-10-01T09:52:00Z
3956,1uKFZfFbtPAnpXFy,1BtvsdcRTNNxrZUb,3.09824117,2019-10-01T16:49:00Z
3957,15xv1QXa549BPLQB,16vgu1XxbXQedo5J,5.88959176,2019-10-01T00:36:00Z
3958,1oeTDN5HqCg3T7VM,1HqwZnXkAFzBsHq4,7.63922913,2019-10-01T03:32:00Z
3959,1Xy8nHgM47i6FHQP,1Lm7CruzxRwQnb15,0.26650408,2019-10-01T17:52:00Z
3960,1C1c9NfjmUH4i56s,1ESLD8zxDkmFhWpj,1.24074379,2019-10-01T03:27:00Z
3961,1bMrs8HxrWzH491H,1KuoQAUCvpfgWZ11,14.55780309,2019-10-01T15:50:00Z
3962,18xU1Uod8DEj59Q5,12oqboLigEsKhqv4,12.81819487,2019-10-01T08:52:00Z
3963,1XTXyNWwC6qJPofe,1Fd1eaAEp2SQCLn4,3.86914226,2019-10-01T22:27:00Z
3964,1NpApQNXEKfWoHD5,1rTuDkQxjRckeCCs,6.56604505,2019-10-01T08:03:00Z
3965,1iQanud375u25sc9,1CxxWTdSD4DWGoAn,10.94677461,2019-10-01T23:25:00Z
3966,1MyaugtnNCwZurS1,1c7MqcajSaoyQvuo,11.54013556,2019-10-01T14:15:00Z
3967,1NFvveM7rLnYRz6V,1h9mEfenzJbW4gNk,5.52654056,2019-10-01T02:03:00Z
3968,1qu55j4BLyaSbw5w,1M59JAfGEaxXy344,27.91625279,2019-10-01T16:35:00Z
3969,1rm6mDrQQKSefJTJ,12icaPSgNgN28QDh,6.1482707,2019-10-01T20:20:00Z
3970,1MyWQKq1M8cFTixK,1Lq6JbQon9FD4mXf,5.20350044,2019-10-01T22:27:00Z
3971,1BxVvVSPBAfjHad1,1FQBNMGgntQKst2f,12.08548011,2019-10-01T17:00:00Z
3972,1rywYxiEGmh1J5gg,1dNHdTLMNXDJ6XCm,0.66872667,2019-10-01T01:23:00Z
3973,1bMrs8HxrWzH491H,1e38S2dYsm1VGSsH,4.17676785,2019-10-01T18:12:00Z
3974,1G8LKvkxhhJegZN4,1L6ouHa3L2kuuBmY,11.9664241,2019-10-01T18:56:00Z
3975,169kfoy2ms629N4R,1y4cfwPZLE6pHUxG,4.79234599,2019-10-01T02:16:00Z
3976,1MyaugtnNCwZurS1,12L3GGbNeTTeMwrz,1.9274036,2019-10-01T03:36:00Z
3977,194bpAfnGGE5D119,11XHsaRP5ueXM5Kg,2.06038154,2019-10-01T16:16:00Z
3978,1bosF2uXW2LbGfEb,1ENtKQwCYB1gQwwR,14.85870415,2019-10-01T05:03:00Z
3979,1UH8DBVPdF4Sm5Hh,1wjB3BRssDb8BhZ2,10.70553572,2019-10-01T11:06:00Z
3980,12oqboLigEsKhqv4,1bMrs8HxrWzH491H,3.87695364,2019-10-01T12:54:00Z
3981,1VBEWwGrVxxDmH7H,1FCwKXNELWCLUa7F,10.28752219,2019-10-08T10:46:00Z
3982,1w4DDT88jkdvqU1H,1Fd1eaAEp2SQCLn4,1.00425006,2019-10-08T22:34:00Z
3983,1R4s3ahHxYNoLUrc,1968pTj3QcDShL9b,8.15078584,2019-10-08T17:57:00Z
3984,1mRAifCi77m6vAxM,1XGwfNfKfw1Lc7DN,14.56049617,2019-10-08T19:53:00Z
3985,1yCEH1ZvzKth2QMM,1VYtDDv1ahbdRdfF,2.93009733,2019-10-08T19:18:00Z
3986,1kBAW4GbqXKcv5xo,1rWJ2i7CyHU2Ns4m,1.09826643,2019-10-08T03:20:00Z
3987,11YtRTFn1oSL3zXR,1wy5J2qUhmGY88jm,0.89626417,2019-10-08T00:49:00Z
3988,1Zah9Cobj5DLP7dx,1L94V1WA3RLHpswz,4.77207072,2019-10-08T22:10:00Z
3989,1bP5YXsxy97Q1Run,1RJ5vK1m5XkFXC4p,2.7362859,2019-10-08T12:53:00Z
3990,1QBKaXJNEFgNPPdB,1LN1xcu2R45BkZzF,5.94206937,2019-10-08T20:32:00Z
3991,1tFUrLP6Vv7RWdva,1wU5UrH5NZ3FH341,9.64706553,2019-10-08T17:39:00Z
3992,1PUvb5fpX622F1by,148GPMKH7QD8tYb7,4.92100965,2019-10-08T08:21:00Z
3993,1P5LZ9pox9y37PvG,1Eym1qWeXf6gGZHK,1.11968401,2019-10-08T18:56:00Z
3994,1NZ3GAtqtJP25yF4,13X4eqxD5uQA1X5Y,1.35870749,2019-10-08T09:43:00Z
3995,1wXzsg6aDRTfyCpn,1TirB8QNsvB27LGc,4.23442823,2019-10-08T08:48:00Z
3996,1yQ8zfL35VnatKho,1SPqMv4kPCPf6Mfn,5.71107442,2019-10-08T07:35:00Z
3997,1QBKaXJNEFgNPPdB,199fN4m51aLgVqHd,4.9640212,2019-10-08T16:11:00Z
3998,1H9EzdacNFBExDbt,1Bv2FekYLfDSQxso,5.01262315,2019-10-08T19:43:00Z
3999,1dpaZX5GrgB1QB28,1t5yy1psMdPdo33v,7.62421839,2019-10-08T20:53:00Z
4000,1V25NM2bkpKdxp4K,1fJYDzKVrv6qvx3B,11.38686993,2019-10-08T02:30:00Z
4001,1b66vZr5A7ByxDCX,1eBUMG9wz5BKbkx4,0.30554001,2019-10-08T14:09:00Z
4002,1H1vThduW1sBngae,1Rbpeq3vVvvgJjUo,10.96032245,2019-10-08T00:10:00Z
4003,1nNWnTqffNRmJgUQ,1oeTDN5HqCg3T7VM,7.08071046,2019-10-08T04:18:00Z
4004,1XNMrCC1GkssGbtP,1rgNxjB9oN2TJDev,4.35366185,2019-10-08T21:19:00Z
4005,1ykpUg4NEwL4BBJa,1mA26temRswXwWt5,1.37047075,2019-10-08T12:25:00Z
4006,1cX4L5iqM3YVuBLG,1NZ3GAtqtJP25yF4,12.00080097,2019-10-08T03:29:00Z
4007,1cX4L5iqM3YVuBLG,31A6EQ7oSqhieQBM,6.28889548,2019-10-08T03:35:00Z
4008,1rywYxiEGmh1J5gg,1Gv16bv4MT4KMMjK,10.95224926,2019-10-08T16:47:00Z
4009,1f2nkejfSgUYoEPm,1yTE3Q7kRdzyuaA9,4.34882591,2019-10-08T08:54:00Z
4010,1E63uVpmLe4AMj6V,1TN5qzi3ueRYX3S1,11.7109353,2019-10-08T05:11:00Z
4011,1uCzs2DS7L4tawtB,1JJCDTwoAFteK613,5.48679362,2019-10-08T01:31:00Z
4012,1GBqzXwG9BkMXDFf,1MCX7JwBBHr7ogza,9.81788395,2019-10-08T00:24:00Z
4013,1oszo1mWfFFYjxzp,1Lm7CruzxRwQnb15,4.99061664,2019-10-08T19:06:00Z
4014,17jKMwUrLoqVr6HG,1UcQanrs8E9bF3fU,11.63264507,2019-10-08T07:49:00Z
4015,1C1c9NfjmUH4i56s,13Pae9eivfoz8oAv,3.98827072,2019-10-08T13:31:00Z
4016,1kTRDdcauBB9x9H7,1WTUN6uCaG87dfRb,2.00679468,2019-10-08T00:22:00Z
4017,1heufH2Pg3iNawBs,1hnHy81d6mhKtPwf,7.13483557,2019-10-08T12:59:00Z
4018,1CmCEQjx7QFdXDax,18rd9ES2jc2qTb7b,2.74753595,2019-10-08T03:49:00Z
4019,1g3R7XEtJcxkCRjp,122WkN2Fz9mA3hfE,1.25410424,2019-10-08T09:36:00Z
4020,1sXKD77J9MWK6vBR,1LroL5DaYgBum5fR,2.51314041,2019-10-08T02:28:00Z
4021,1KMk4962MsDuK7b2,1JDQxwrCwhnrcNLH,3.68794316,2019-10-08T04:03:00Z
4022,1rTuDkQxjRckeCCs,1Aw9xEQ8dc8VVMNb,11.48503113,2019-10-08T10:33:00Z
4023,1kBAW4GbqXKcv5xo,17zMxo79qrrMS44q,14.74944158,2019-10-08T03:58:00Z
4024,1CZXtBWYzRfRFfNd,12oqboLigEsKhqv4,9.72447081,2019-10-08T10:12:00Z
4025,1gMpeFZyZMJMBcSU,1BUmY8YHKCgu6N79,8.14508597,2019-10-08T18:13:00Z
4026,1TZFKKsBA219W6qT,188wH6iE31SEdx9j,2.58748441,2019-10-08T22:57:00Z
4027,1DMFiMv2VN2GJqkZ,1BYnrH8VYnoVkfPa,0.90140063,2019-10-08T11:11:00Z
4028,1mbwTWMeUgzSPG57,17jC1Ei7B2LYpRju,2.98483116,2019-10-08T15:14:00Z
4029,1Xy8nHgM47i6FHQP,14Jd4ekZxoBJR4vJ,4.09711162,2019-10-08T06:34:00Z
4030,1DNgwGvVTzNpDGop,1MhamiF8tbDweUvM,2.36900044,2019-10-08T02:54:00Z
4031,1wUaHVe7NRc8Xoa9,1GLA3tPmY3Gtn4fg,13.91804129,2019-10-08T02:08:00Z
4032,1wmitYd7XE38T2n5,1jFU921ThTZqpEV3,12.79343279,2019-10-08T15:51:00Z
4033,1H38vMgDepmZHMxt,1Nr6EZU6J1jaExxP,11.15511376,2019-10-08T16:08:00Z
4034,1NBG1wdMMmkw2pSD,1R4s3ahHxYNoLUrc,11.67566343,2019-10-08T18:55:00Z
4035,1SPqMv4kPCPf6Mfn,1Cm493HpDrKek14f,4.80256585,2019-10-08T09:14:00Z
4036,1PCqRRY5NvPrpdLc,13BHTAnXc77gk9xm,3.41019244,2019-10-08T06:15:00Z
4037,1ZCxARPJNAYEpALP,1wU5UrH5NZ3FH341,13.30738309,2019-10-08T01:35:00Z
4038,188wH6iE31SEdx9j,1f9v43Xk1s68FSiu,0.84500358,2019-10-08T18:24:00Z
4039,1LrrxBcvrigRP7PP,1Q1Jx1FnagZcJ3Lo,3.59454736,2019-10-08T07:03:00Z
4040,1dBnZM2ZKr3V44Li,1KpZXFFbQHyshdBR,3.14702954,2019-10-08T15:34:00Z
4041,1MNWx7D4QRUUiG1c,1PfW4rmw4VwCruo4,9.85602212,2019-10-08T15:04:00Z
4042,1YB137ChL817hoh2,1X8REorWWbZsKkTP,0.71909623,2019-10-08T15:45:00Z
4043,12L3GGbNeTTeMwrz,31nV2DrVWAFeyqYT,9.38235988,2019-10-08T12:54:00Z
4044,1G2ycmVfbfgvvvF5,1TZFKKsBA219W6qT,2.5610504,2019-10-08T00:18:00Z
4045,122WkN2Fz9mA3hfE,1iQanud375u25sc9,10.51461052,2019-10-08T02:24:00Z
4046,18xU1Uod8DEj59Q5,1KMk4962MsDuK7b2,3.26114005,2019-10-08T11:23:00Z
4047,1eaNSJ7sMaSnHiQF,1sq9w7hH5aJBpW63,6.09865608,2019-10-08T04:39:00Z
4048,1QEE1bTY9qBWgRVh,1zbrJmHtZS58T5mS,6.92232282,2019-10-08T20:18:00Z
4049,1BUmY8YHKCgu6N79,1F6WecCRkeQ7hcPK,8.29008736,2019-10-08T06:04:00Z
4050,1uCqxAp713f1gSic,1rywYxiEGmh1J5gg,9.91940281,2019-10-08T12:55:00Z
4051,1wQAavS7pKydFTtq,1TZFKKsBA219W6qT,13.83965972,2019-10-08T15:11:00Z
4052,1rTuDkQxjRckeCCs,18foFfVWmSCy51tw,7.52218511,2019-10-08T16:48:00Z
4053,1LGF8yTTgxqEp3mX,1g36umfR2kiGj276,5.32883443,2019-10-08T19:15:00Z
4054,1qXBAfygoKodh1X6,1wwNHorQoSkC6NxM,6.11069022,2019-10-08T15:48:00Z
4055,1PeQ5DWwDRyaFsUH,1SvGE4M9BVGngCG7,5.63719012,2019-10-08T11:23:00Z
4056,1qk7RWE4ULArRrq7,3fEw71S93wM8AFCq,2.24802723,2019-10-08T02:00:00Z
4057,1PWnXwLJN2cp18zN,1F96QJxaM4UdvE9t,2.70824021,2019-10-08T03:19:00Z
4058,1x3oJrxeU5vzaB1i,13UkDZHj8FgGUDxb,6.70845135,2019-10-08T14:25:00Z
4059,1xGdcKsU3QqEKzwT,1qXBAfygoKodh1X6,11.55978403,2019-10-08T05:52:00Z
4060,15Ha2CawZG7cHxRA,1PsDbVGdT9Mcyj9d,9.26195695,2019-10-08T05:13:00Z
4061,11wfm6GjN3FT3jPu,1P7QqLzF6JZ7hxuv,13.32739771,2019-10-08T06:31:00Z
4062,1KsiwuEHiEUovHeg,1G75HiEeJBQkDsS8,0.61406488,2019-10-08T11:19:00Z
4063,1GBL1vT38bfoigJf,1bMADFnNRNjk26ri,7.55647651,2019-10-08T01:55:00Z
4064,1HBKfmTTYMUrgxu8,1oi4rPBFUgazY854,22.83468952,2019-10-08T14:16:00Z
4065,1S8dkAL66y1uN2Ji,1wA9JQv5bBoHTNkX,4.41096204,2019-10-08T00:24:00Z
4066,1fXRWFQkodYaJSn4,1VE4TNuRzEnLZSHa,11.95931981,2019-10-08T01:51:00Z
4067,1KG3E9XzsSQhjUqw,11YtRTFn1oSL3zXR,5.30993601,2019-10-08T03:06:00Z
4068,1BEmM3Ddv4o9jY9f,1Gv16bv4MT4KMMjK,0.66707055,2019-10-08T15:44:00Z
4069,1AqzYMpNCWPVnXcB,13X4eqxD5uQA1X5Y,7.95423431,2019-10-08T05:53:00Z
4070,1FCwKXNELWCLUa7F,17ajhF2m1FhKhpUJ,1.48012424,2019-10-08T13:50:00Z
4071,1qXBAfygoKodh1X6,1i2rJn5aYf2kpP8P,5.16207908,2019-10-08T19:32:00Z
4072,1sdn3PZWak3MKjxE,1jZgVWJPAN8Qy6nv,7.79803086,2019-10-08T09:27:00Z
4073,1VBEWwGrVxxDmH7H,11CxF3hJ67djH9EQ,7.76794701,2019-10-08T06:08:00Z
4074,1f1KVJ1HD7WNNpqY,1wqoMruVZjrAqRw2,10.96210033,2019-10-08T18:59:00Z
4075,1kKA1dfnPdMxRYE6,1o6GH2muzvc7HAaY,0.93491075,2019-10-08T19:37:00Z
4076,1C1c9NfjmUH4i56s,19jB7F5cM6eDJD96,12.49089945,2019-10-08T12:16:00Z
4077,1LsRJxSoNRTqwb48,1HQxjBP2SAxwdW4R,13.45761082,2019-10-08T04:59:00Z
4078,1Xy8nHgM47i6FHQP,19T21f7VpjFJCyHi,3.17375904,2019-10-08T15:29:00Z
4079,11MU3s8mo2Wv4mP4,1YEs9MfeR9TTJ7HL,1.38219843,2019-10-08T06:24:00Z
4080,14vbKu8RUhoJiuZz,1x3oJrxeU5vzaB1i,11.9585873,2019-10-08T04:32:00Z
4081,18UGxBHYepxtgc8b,188wH6iE31SEdx9j,5.16185595,2019-10-08T15:48:00Z
4082,1XTXyNWwC6qJPofe,3Y8vT7ASAd4qeB7t,1.26744051,2019-10-08T10:57:00Z
4083,1G75HiEeJBQkDsS8,194bpAfnGGE5D119,8.80573494,2019-10-15T22:50:00Z
4084,1CJCQ76bYE1bU6XP,1ATbkij2UzPu93eY,2.40561675,2019-10-15T11:53:00Z
4085,1A7T9uTCK7vccwGq,1kKA1dfnPdMxRYE6,6.53085154,2019-10-15T22:45:00Z
4086,1ywSCFxbMby3WYFs,1Dnotr7p62Z9h1yv,9.76446724,2019-10-15T09:54:00Z
4087,1DT5XE2pRiJmX718,1MY9CbPCBhbaoJ4Y,7.55416506,2019-10-15T23:24:00Z
4088,1uCqxAp713f1gSic,1KbtWS8KUUYsPXCp,1.305715,2019-10-15T22:26:00Z
4089,1CJCQ76bYE1bU6XP,11eMrU18s6g9mah1,5.92987969,2019-10-15T03:02:00Z
4090,1xQoyBVqB2NVFzkj,1QJkexwJrAv7AeMS,5.95678783,2019-10-15T06:46:00Z
4091,1K7eheH3GX8RU456,188wH6iE31SEdx9j,4.94329614,2019-10-15T15:53:00Z
4092,1sFptmjCiyXHK7hD,1DmWR8LTWHCE4mJa,3.71486746,2019-10-15T07:44:00Z
4093,1g36umfR2kiGj276,1yQ8zfL35VnatKho,10.54966511,2019-10-15T01:54:00Z
4094,1PgSmZRijboCzfp3,114219JPKvhccHHQ,5.70754935,2019-10-15T17:57:00Z
4095,1ccgdQXiLLrhQ2QH,148GPMKH7QD8tYb7,1.76445173,2019-10-15T06:04:00Z
4096,1TxPGdCGUmsBP2ew,1XGwfNfKfw1Lc7DN,14.00724355,2019-10-15T05:03:00Z
4097,1BbEZgaTPALXoQhj,1Nr6EZU6J1jaExxP,4.99946904,2019-10-15T04:44:00Z
4098,1p1NJnWPxnBetJ7E,1wqoMruVZjrAqRw2,2.55678095,2019-10-15T20:45:00Z
4099,1Gv16bv4MT4KMMjK,1MPX9humnLRCZmdo,4.83069944,2019-10-15T20:17:00Z
4100,1bQPxmPLdN1ddTT1,1JDQxwrCwhnrcNLH,14.44558307,2019-10-15T06:19:00Z
4101,1RiHFvhFHJHJR3se,1ZZTRazEHBH3R5Qz,11.74993141,2019-10-15T08:56:00Z
4102,1tdNQa5ePjjY9dMK,1b6KPEtESCymyBS1,13.79150637,2019-10-15T01:43:00Z
4103,1FGuHFVV7PfVczfQ,1rTuDkQxjRckeCCs,14.88508274,2019-10-15T21:44:00Z
4104,18YLNiWgsug4AxXb,1GHhYW9Y4jw73Wix,12.74050663,2019-10-15T23:49:00Z
4105,1j2k7sqBneFq8w3p,3yPiVMh5dp8KPR9t,0.50901967,2019-10-15T03:39:00Z
4106,1gMpeFZyZMJMBcSU,1KsiwuEHiEUovHeg,3.12385322,2019-10-15T00:37:00Z
4107,1ry7u31iLPgEqmDF,18oo53hohSLkGFP9,10.95642876,2019-10-15T07:09:00Z
4108,1xAP8fcDtF8bC1iz,3M239b5DEVh1NKFV,13.62638047,2019-10-15T08:12:00Z
4109,1HQxjBP2SAxwdW4R,1NLyx6613EJJh4si,13.43366047,2019-10-15T15:35:00Z
4110,18orPehj2oQLcE2H,1MNuGBAZWt3kZbiu,4.41631063,2019-10-15T11:00:00Z
4111,1j2k7sqBneFq8w3p,19FAKT2N5LniVr2M,14.50205636,2019-10-15T23:49:00Z
4112,1KdwGgoD17CcZRwZ,1NFvveM7rLnYRz6V,7.98964723,2019-10-15T18:40:00Z
4113,1td6fZydavhWrvD8,1SPqMv4kPCPf6Mfn,13.63365461,2019-10-15T06:20:00Z
4114,1beG3gmDh2nieyPH,1bosF2uXW2LbGfEb,11.25444514,2019-10-15T12:42:00Z
4115,1Aw9xEQ8dc8VVMNb,1PCqRRY5NvPrpdLc,11.77506939,2019-10-15T12:56:00Z
4116,1Z23NF2em6mRjZK2,17mpLDmL5RLB7QqP,14.92675941,2019-10-15T09:29:00Z
4117,1NoPtJnH1GNviQy9,12oqboLigEsKhqv4,12.98789771,2019-10-15T20:24:00Z
4118,1CJCQ76bYE1bU6XP,1E63uVpmLe4AMj6V,6.22205023,2019-10-15T16:50:00Z
4119,1ykpUg4NEwL4BBJa,1g36umfR2kiGj276,2.66200519,2019-10-15T16:26:00Z
4120,1VECp2Uvcq4JEsEv,1pboE89Tw179ao8E,2.48399067,2019-10-15T11:43:00Z
4121,1i2rJn5aYf2kpP8P,1CmCEQjx7QFdXDax,12.07478603,2019-10-15T07:39:00Z
4122,1HQxjBP2SAxwdW4R,1WDuTzvPch7rmU1X,7.12358577,2019-10-15T11:13:00Z
4123,1eHdD9CmutfkiTPf,1qXBAfygoKodh1X6,5.85487344,2019-10-15T07:28:00Z
4124,1H9EzdacNFBExDbt,1qczkoAMQzbTPCNY,12.57246183,2019-10-15T04:27:00Z
4125,1cX4L5iqM3YVuBLG,1KG3E9XzsSQhjUqw,14.98567795,2019-10-15T16:42:00Z
4126,1PsDbVGdT9Mcyj9d,194bpAfnGGE5D119,7.16292354,2019-10-15T07:12:00Z
4127,1TGvPHyhPH9E8NoN,1sQnDPLJ6nx1gzYK,9.96187816,2019-10-15T16:45:00Z
4128,1WK83Xqamhw4HmCY,1V9JtnLJxgFSR6DX,5.08082557,2019-10-15T18:51:00Z
4129,1trNjrZ7qc9pAyJg,1o9sSeQ1SAzNBf6U,11.26705619,2019-10-15T01:27:00Z
4130,1ry7u31iLPgEqmDF,1PA3SuhtCjMMNEQV,7.53234618,2019-10-15T20:02:00Z
4131,1duDD76PYqtoyNfz,1VcAx2NyFCi7pmc8,0.30376964,2019-10-15T21:56:00Z
4132,1aJYLcVYbQnzu7Dj,1YkHxsb1CniMTbv7,12.21349482,2019-10-15T01:28:00Z
4133,199fN4m51aLgVqHd,1WB9gmep4jiq2aFh,4.08744695,2019-10-15T03:49:00Z
4134,1Lq6JbQon9FD4mXf,1c7MqcajSaoyQvuo,14.79557436,2019-10-15T11:09:00Z
4135,1uCWBqgYzZiaDAZP,1sMgDEqyNy2LKtHw,3.86806755,2019-10-15T21:35:00Z
4136,1npjBuCQ8DHY1vGP,1b4cwTnfNcWn9zz2,13.3916488,2019-10-15T00:23:00Z
4137,1sXKD77J9MWK6vBR,13e5rMp8T3rKpF5m,0.23571275,2019-10-15T13:40:00Z
4138,11YDkk59nLowFrWC,1H38vMgDepmZHMxt,5.61865507,2019-10-15T05:35:00Z
4139,1sVxLQ8462Q9kri7,1Nr6EZU6J1jaExxP,4.43293451,2019-10-15T20:27:00Z
4140,1W1z6QA3tiZwBVWm,1hnHy81d6mhKtPwf,2.58192271,2019-10-15T11:04:00Z
4141,1j2k7sqBneFq8w3p,1L6ouHa3L2kuuBmY,9.30086993,2019-10-15T11:13:00Z
4142,1Fjwin5jGN8SXmxs,1TySac9ASAqUD12T,13.8335928,2019-10-15T04:29:00Z
4143,1sFptmjCiyXHK7hD,11BXeo4xAVEdmfkD,0.79232213,2019-10-15T17:59:00Z
4144,1xAP8fcDtF8bC1iz,1hnHy81d6mhKtPwf,10.0724074,2019-10-15T20:03:00Z
4145,1h9mEfenzJbW4gNk,14ArkDK15E15KjBS,12.66364993,2019-10-15T12:43:00Z
4146,1sQnDPLJ6nx1gzYK,1FCwKXNELWCLUa7F,6.24148013,2019-10-15T07:32:00Z
4147,1cvbrWWvoinEVJD3,1TirB8QNsvB27LGc,6.29420744,2019-10-15T04:44:00Z
4148,1jmEHJTm62dP3wq9,3yPiVMh5dp8KPR9t,0.97642558,2019-10-15T15:37:00Z
4149,1bP5YXsxy97Q1Run,1TN5qzi3ueRYX3S1,4.02607103,2019-10-15T06:27:00Z
4150,1Hn6EhDddRt6TuDW,1rW19tXCvifK49fv,4.60785656,2019-10-15T16:41:00Z
4151,1BEmM3Ddv4o9jY9f,1qVtaChQVzoQPqUC,2.15833423,2019-10-15T01:18:00Z
4152,1CiKTHZmnrv53NdE,1tQGNHthD2YaTMxB,6.02377724,2019-10-15T02:40:00Z
4153,1nKySGyDHiESYSt9,1tdNQa5ePjjY9dMK,13.0182607,2019-10-15T06:01:00Z
4154,1jjTKyMs1hK42t6r,1Ya477bembmPDC5e,13.8400193,2019-10-15T23:53:00Z
4155,1YRiDhGvwuLrmoBE,1sdn3PZWak3MKjxE,0.43505546,2019-10-15T14:12:00Z
4156,1BEmM3Ddv4o9jY9f,1trNjrZ7qc9pAyJg,1.00553695,2019-10-15T03:23:00Z
4157,1ENtKQwCYB1gQwwR,1y9pJedRpkAis53A,9.29576429,2019-10-15T11:26:00Z
4158,1iABwSrL7rbezk5N,3fEw71S93wM8AFCq,6.28659416,2019-10-15T23:23:00Z
4159,1DKaNKQbiKUoWpYf,1eE53w1kajXfAsqT,11.89889242,2019-10-15T13:49:00Z
4160,1WNtMDRb4yNLn2nC,1YHujKKw4PahsN2i,7.64613454,2019-10-15T14:32:00Z
4161,1SbyfAq3RdMgwkLF,1YEs9MfeR9TTJ7HL,2.07174445,2019-10-15T11:59:00Z
4162,1BtvsdcRTNNxrZUb,1KsiwuEHiEUovHeg,13.08451693,2019-10-15T06:22:00Z
4163,1Pk225k3bpwmpgof,3Cy58imRd5rntwwS,6.33047699,2019-10-15T01:11:00Z
4164,1xGdcKsU3QqEKzwT,1KbtWS8KUUYsPXCp,8.39595315,2019-10-15T15:49:00Z
4165,1sMgDEqyNy2LKtHw,3AZSyahATYfVAd1i,3.3298082,2019-10-15T13:25:00Z
4166,1K3jQtjj7jPoH2T3,1TySac9ASAqUD12T,13.78222827,2019-10-15T21:05:00Z
4167,1CWzKN6dnGwkNwwL,18rd9ES2jc2qTb7b,1.76897475,2019-10-15T18:43:00Z
4168,1S8dkAL66y1uN2Ji,1Dnotr7p62Z9h1yv,5.46605542,2019-10-15T07:42:00Z
4169,1GBqzXwG9BkMXDFf,1H9EzdacNFBExDbt,4.89915994,2019-10-15T09:29:00Z
4170,1c7MqcajSaoyQvuo,3AZSyahATYfVAd1i,6.43400714,2019-10-15T02:45:00Z
4171,1B4YuG7YNBtdrAtS,1BxVvVSPBAfjHad1,3.45846019,2019-10-15T08:45:00Z
4172,1WKBC1BaA9puhK8J,1REcDPnDsWxZsc6t,8.03894734,2019-10-15T18:18:00Z
4173,1hzugAi4qWHZLX4b,1tQGNHthD2YaTMxB,5.86495473,2019-10-15T04:08:00Z
4174,1kBAW4GbqXKcv5xo,3wyLJFqFLkmqeTeH,0.29629709,2019-10-15T06:42:00Z
4175,1K7eheH3GX8RU456,1NtyM4w2eJYmcELe,1.14858915,2019-10-15T22:56:00Z
4176,16fqu7hnqB6r2Qr8,1w7PPqsKLwfwSnRo,2.48331667,2019-10-15T17:17:00Z
4177,1NqoZi13GJHL1hFj,1oszo1mWfFFYjxzp,2.22958688,2019-10-15T04:44:00Z
4178,1zHrLkCwGbTSiQL5,1NpApQNXEKfWoHD5,4.18200991,2019-10-15T17:28:00Z
4179,176ruzWkbVip1SUr,1QX95PQkfufvsd76,5.43774167,2019-10-15T03:23:00Z
4180,1Snda2Tdx776g9jV,31nV2DrVWAFeyqYT,0.55806049,2019-10-15T13:04:00Z
4181,1nKySGyDHiESYSt9,1ZDwWzY9axKu7AJL,6.80435756,2019-10-15T08:26:00Z
4182,1zHdtY5BbP1Ydp4P,1uJnJUziXWCaq5fA,4.35550524,2019-10-15T00:24:00Z
4183,1wQAavS7pKydFTtq,1Snda2Tdx776g9jV,0.68133705,2019-10-15T04:45:00Z
4184,1Xy8nHgM47i6FHQP,1NZ3GAtqtJP25yF4,12.38119731,2019-10-15T05:56:00Z
4185,1GBqzXwG9BkMXDFf,1PUvb5fpX622F1by,5.2144937,2019-10-22T01:23:00Z
4186,1X4qF1enzpoiWB8y,1oS85NnHsY7UabsF,14.83442331,2019-10-22T15:08:00Z
4187,1bMrs8HxrWzH491H,1KuoQAUCvpfgWZ11,4.8227308,2019-10-22T23:25:00Z
4188,1MNuGBAZWt3kZbiu,1P5LZ9pox9y37PvG,3.87877549,2019-10-22T06:32:00Z
4189,1NQ5KzpBCyTRmYeU,1DNgwGvVTzNpDGop,2.15816051,2019-10-22T09:26:00Z
4190,1sFptmjCiyXHK7hD,3AZSyahATYfVAd1i,1.23561285,2019-10-22T10:25:00Z
4191,1wRJF38GuNp6V9Ag,1heufH2Pg3iNawBs,5.12488641,2019-10-22T15:46:00Z
4192,1qczkoAMQzbTPCNY,3Y8vT7ASAd4qeB7t,4.12296101,2019-10-22T11:48:00Z
4193,1h9mEfenzJbW4gNk,1jFU921ThTZqpEV3,4.24951804,2019-10-22T18:17:00Z
4194,11Xc93NZ4ssVE5XJ,1zBxZBxG5FA8wyHv,14.01813785,2019-10-22T23:57:00Z
4195,1493T4n79LvMHtLx,1FCwKXNELWCLUa7F,1.08527071,2019-10-22T06:20:00Z
4196,1ATbkij2UzPu93eY,1L5CGrSA9Jc9jfD4,4.66316636,2019-10-22T16:34:00Z
4197,1qoBFvYFCweu3FUZ,1sVxLQ8462Q9kri7,6.90483448,2019-10-22T09:35:00Z
4198,13UkDZHj8FgGUDxb,1C7CVivZBxG9sRpZ,4.27559565,2019-10-22T08:25:00Z
4199,14ArkDK15E15KjBS,1j85QkqiMZzNH7xc,11.72697514,2019-10-22T04:32:00Z
4200,17jC1Ei7B2LYpRju,1tQGNHthD2YaTMxB,2.01869876,2019-10-22T12:22:00Z
4201,1TN5qzi3ueRYX3S1,18orPehj2oQLcE2H,10.44089056,2019-10-22T12:01:00Z
4202,1rWJ2i7CyHU2Ns4m,1YHujKKw4PahsN2i,5.94626411,2019-10-22T17:17:00Z
4203,1y4cfwPZLE6pHUxG,1Uhd4wi7qyD77d5D,5.1680025,2019-10-22T13:44:00Z
4204,1JwrHM2qHoXKX53t,1e38S2dYsm1VGSsH,14.22614578,2019-10-22T07:50:00Z
4205,1cX4L5iqM3YVuBLG,1hzugAi4qWHZLX4b,0.72065949,2019-10-22T11:09:00Z
4206,1nKySGyDHiESYSt9,3yPiVMh5dp8KPR9t,3.53195536,2019-10-22T20:35:00Z
4207,1QEE1bTY9qBWgRVh,1BxVvVSPBAfjHad1,10.42364835,2019-10-22T05:17:00Z
4208,1ACuhLy6uHKKpNH9,1MCX7JwBBHr7ogza,2.19926104,2019-10-22T17:09:00Z
4209,1nNWnTqffNRmJgUQ,1qk7RWE4ULArRrq7,6.8878251,2019-10-22T23:04:00Z
4210,1xGdcKsU3QqEKzwT,1NFvveM7rLnYRz6V,3.66978743,2019-10-22T22:27:00Z
4211,1JRtUG5Lb9TR5ftT,1m9P6QGeT5XApSjF,1.88909259,2019-10-22T22:30:00Z
4212,1sPNuStJDpGtFncE,1PA3SuhtCjMMNEQV,0.42896518,2019-10-22T14:21:00Z
4213,17Gy8pc9sKyMbPcs,1xQoyBVqB2NVFzkj,6.87352208,2019-10-22T00:31:00Z
4214,1ywSCFxbMby3WYFs,3AZSyahATYfVAd1i,11.73452017,2019-10-22T22:33:00Z
4215,11eMrU18s6g9mah1,1X4qF1enzpoiWB8y,9.4329591,2019-10-22T19:11:00Z
4216,1Gv16bv4MT4KMMjK,1SbyfAq3RdMgwkLF,1.63347241,2019-10-22T08:40:00Z
4217,1c8eacFH4WH2tJia,33YWCjBomCEfoFyz,1.08166823,2019-10-22T12:31:00Z
4218,1td6fZydavhWrvD8,1rm6mDrQQKSefJTJ,11.75284843,2019-10-22T22:47:00Z
4219,1FGuHFVV7PfVczfQ,18a2q1L9WCa1KKkT,14.76879003,2019-10-22T18:35:00Z
4220,1QHZ5rZ7PKneyZs1,1YRiDhGvwuLrmoBE,8.61351475,2019-10-22T13:30:00Z
4221,1wRJF38GuNp6V9Ag,1LWBZk28j3vPRqMk,14.34225757,2019-10-22T17:29:00Z
4222,1KuoQAUCvpfgWZ11,18xU1Uod8DEj59Q5,2.2412024,2019-10-22T09:21:00Z
4223,1P2hrV8V5G8xNiob,3M239b5DEVh1NKFV,4.19449592,2019-10-22T22:03:00Z
4224,1Cm493HpDrKek14f,1j85QkqiMZzNH7xc,4.27835291,2019-10-22T05:06:00Z
4225,1YRiDhGvwuLrmoBE,1QJkexwJrAv7AeMS,14.47906128,2019-10-22T05:09:00Z
4226,13e5rMp8T3rKpF5m,1GmQPMiZarPGguMF,1.50211285,2019-10-22T20:39:00Z
4227,1XCTbHaM3HV8uAPU,14Jd4ekZxoBJR4vJ,4.53520731,2019-10-22T20:22:00Z
4228,1b4cwTnfNcWn9zz2,1F96QJxaM4UdvE9t,13.52781023,2019-10-22T06:24:00Z
4229,1wU5UrH5NZ3FH341,1K7eheH3GX8RU456,11.75279431,2019-10-22T20:23:00Z
4230,1N1GanX4r3fBWAZQ,1zeLqQ8Jxj2vY36x,5.67461323,2019-10-22T04:48:00Z
4231,1ywSCFxbMby3WYFs,19jB7F5cM6eDJD96,9.50625781,2019-10-22T19:54:00Z
4232,1wayVneJ4gbnmY94,1SQnqQj79iddvkqJ,26.84259435,2019-10-22T15:59:00Z
4233,1YB137ChL817hoh2,1NoPtJnH1GNviQy9,0.98458042,2019-10-22T16:09:00Z
4234,1tFUrLP6Vv7RWdva,1X4qF1enzpoiWB8y,1.30329125,2019-10-22T21:39:00Z
4235,1AqzYMpNCWPVnXcB,1sPNuStJDpGtFncE,8.82379337,2019-10-22T03:15:00Z
4236,1KB4sdPTyNYb4jRK,1ry7u31iLPgEqmDF,14.43935413,2019-10-22T17:03:00Z
4237,1bQPxmPLdN1ddTT1,1H9EzdacNFBExDbt,13.90363001,2019-10-22T04:11:00Z
4238,1g36umfR2kiGj276,1sNZy4memEAoMyeB,0.77499947,2019-10-22T06:44:00Z
4239,1wy5J2qUhmGY88jm,1DA2zMwDA5txETci,0.98811692,2019-10-22T12:09:00Z
4240,1m9P6QGeT5XApSjF,11rS7WKDdVLtmpG4,9.62819067,2019-10-22T11:07:00Z
4241,11eYHFj3K6Q4neLR,1eBUMG9wz5BKbkx4,10.35316721,2019-10-22T04:47:00Z
4242,1bMrs8HxrWzH491H,3yPiVMh5dp8KPR9t,4.59112288,2019-10-22T23:45:00Z
4243,1nNWnTqffNRmJgUQ,3bBqbQivvMVbDbZj,3.63408875,2019-10-22T03:51:00Z
4244,1KB4sdPTyNYb4jRK,1LsRJxSoNRTqwb48,5.04716527,2019-10-22T18:53:00Z
4245,1BYnrH8VYnoVkfPa,3Cy58imRd5rntwwS,1.44521306,2019-10-22T13:19:00Z
4246,1h9mEfenzJbW4gNk,1xAP8fcDtF8bC1iz,3.60960698,2019-10-22T14:43:00Z
4247,1baPJZJavKVY7eW5,1h9mEfenzJbW4gNk,2.77199244,2019-10-22T20:25:00Z
4248,1W1z6QA3tiZwBVWm,1EzihFiUPDcFgs16,1.965269,2019-10-22T08:44:00Z
4249,1TGvPHyhPH9E8NoN,1ZLVtyB12dfemPpP,6.210306,2019-10-22T15:03:00Z
4250,1VE4TNuRzEnLZSHa,1P2hrV8V5G8xNiob,9.37560791,2019-10-22T12:37:00Z
4251,1s4DKiNkzLNKvebH,14pdSn19wptXxmSw,13.77892755,2019-10-22T11:16:00Z
4252,1L5CGrSA9Jc9jfD4,3M239b5DEVh1NKFV,2.28379744,2019-10-22T21:52:00Z
4253,1XL17xz8K629NxW2,1A7T9uTCK7vccwGq,14.88486782,2019-10-22T19:05:00Z
4254,19FAKT2N5LniVr2M,1DmWR8LTWHCE4mJa,2.33038837,2019-10-22T07:22:00Z
4255,13wQdZHUzQQMBPQa,1kKA1dfnPdMxRYE6,6.33862706,2019-10-22T02:29:00Z
4256,1wy5J2qUhmGY88jm,1WK83Xqamhw4HmCY,11.23596913,2019-10-22T20:24:00Z
4257,12prQfyBwRwiQ7xN,1LpLMQhdQxMc6q5G,10.9610567,2019-10-22T17:01:00Z
4258,1NCyyQsgcY76GjJ5,12icaPSgNgN28QDh,4.95645679,2019-10-22T15:02:00Z
4259,1gJ4ncA1edARWrbB,15NBVGLtZxFXPYNJ,3.650337,2019-10-22T03:37:00Z
4260,1b6KPEtESCymyBS1,1KdwGgoD17CcZRwZ,3.39734626,2019-10-22T00:07:00Z
4261,1X8REorWWbZsKkTP,1aJYLcVYbQnzu7Dj,1.17751108,2019-10-22T19:12:00Z
4262,1MPX9humnLRCZmdo,1LXdKPV49UPsP3Mc,3.30573324,2019-10-22T21:47:00Z
4263,1WK83Xqamhw4HmCY,1PCqRRY5NvPrpdLc,4.28286233,2019-10-22T05:54:00Z
4264,1baPJZJavKVY7eW5,3wyLJFqFLkmqeTeH,4.47683521,2019-10-22T06:57:00Z
4265,1oszo1mWfFFYjxzp,1zqvW4J1tBVfodm1,3.49595768,2019-10-22T03:34:00Z
4266,169kfoy2ms629N4R,1qXBAfygoKodh1X6,2.80172836,2019-10-22T03:51:00Z
4267,1NqoZi13GJHL1hFj,1uJnJUziXWCaq5fA,12.65611974,2019-10-22T23:36:00Z
4268,1w7PPqsKLwfwSnRo,11MU3s8mo2Wv4mP4,9.17619957,2019-10-22T11:03:00Z
4269,176bFA8cpA43nK9s,1RiHFvhFHJHJR3se,9.38496602,2019-10-22T23:53:00Z
4270,1cc6EmB89iTQH8C3,1DEtNbkeByLEKrEN,13.47958973,2019-10-22T13:59:00Z
4271,1kBAW4GbqXKcv5xo,1npjBuCQ8DHY1vGP,8.5058258,2019-10-22T13:56:00Z
4272,1DT5XE2pRiJmX718,1AqzYMpNCWPVnXcB,7.61824744,2019-10-22T04:05:00Z
4273,1fPDpC9ADze4EAoM,1zse6LEoB2KxQDx4,46.26329964,2019-10-22T07:50:00Z
4274,1sdn3PZWak3MKjxE,1oS85NnHsY7UabsF,1.39972169,2019-10-22T02:34:00Z
4275,1sNZy4memEAoMyeB,1G2ycmVfbfgvvvF5,8.12334339,2019-10-22T12:37:00Z
4276,1ZLAAeNAZfir9wS4,31A6EQ7oSqhieQBM,12.67029748,2019-10-22T14:08:00Z
4277,1f2nkejfSgUYoEPm,1i2rJn5aYf2kpP8P,7.02309343,2019-10-22T22:19:00Z
4278,1sdn3PZWak3MKjxE,11BXeo4xAVEdmfkD,1.99067034,2019-10-22T02:09:00Z
4279,1oS85NnHsY7UabsF,1QX95PQkfufvsd76,1.20031348,2019-10-22T03:44:00Z
4280,1j85QkqiMZzNH7xc,15JYDqiNtGUaXU8P,8.94532369,2019-10-22T12:47:00Z
4281,1YEs9MfeR9TTJ7HL,13JKYzr7aCwCAYiy,2.85976188,2019-10-22T12:49:00Z
4282,1ENtKQwCYB1gQwwR,1Xy8nHgM47i6FHQP,2.85762072,2019-10-22T19:00:00Z
4283,1Zah9Cobj5DLP7dx,1L94V1WA3RLHpswz,12.73922458,2019-10-22T18:09:00Z
4284,1Kp41jcUfeoKB8Np,1sdn3PZWak3MKjxE,8.38401138,2019-10-22T08:14:00Z
4285,1PfW4rmw4VwCruo4,1NoPtJnH1GNviQy9,8.27967474,2019-10-22T16:44:00Z
4286,1fXRWFQkodYaJSn4,1JEXR99UAW4SM3aM,0.71333126,2019-10-22T21:14:00Z
4287,1dneZ88JhxpgAgsD,1BWFUE95QLowe2NQ,3.37197123,2019-10-29T17:48:00Z
4288,1y9pJedRpkAis53A,1TGvPHyhPH9E8NoN,5.0132292,2019-10-29T20:48:00Z
4289,1KKjwT6AeP3onKpi,1WTUN6uCaG87dfRb,2.02390436,2019-10-29T21:45:00Z
4290,1Jbzz4MaVG2UiRoC,1PfW4rmw4VwCruo4,11.13301153,2019-10-29T12:58:00Z
4291,1HHiiFkcuZ8pze9D,1D491Zgk2Y8bMKwZ,3.19697117,2019-10-29T22:51:00Z
4292,1BbEZgaTPALXoQhj,18UGxBHYepxtgc8b,9.01522665,2019-10-29T02:31:00Z
4293,1MNuGBAZWt3kZbiu,1pVwey2KMhHHn8y1,6.73152282,2019-10-29T10:24:00Z
4294,1TmvfsTenGCM6p5i,1DorH1thto4NDxNT,12.11838421,2019-10-29T18:46:00Z
4295,1LXdKPV49UPsP3Mc,1sPNuStJDpGtFncE,5.23438745,2019-10-29T20:35:00Z
4296,1zqvW4J1tBVfodm1,1HE5A9X4VFRvs69Q,4.75916176,2019-10-29T03:35:00Z
4297,1zHrLkCwGbTSiQL5,1o9sSeQ1SAzNBf6U,3.69585257,2019-10-29T13:42:00Z
4298,1uCzs2DS7L4tawtB,1FiNioNzpgymAubQ,6.39003357,2019-10-29T16:59:00Z
4299,1SVP4oHqRKN4e6DR,1YEs9MfeR9TTJ7HL,1.91795077,2019-10-29T00:06:00Z
4300,1w7PPqsKLwfwSnRo,1rQ6aDz23A2Wp9xk,8.94524127,2019-10-29T14:42:00Z
4301,1XGwfNfKfw1Lc7DN,1KG3E9XzsSQhjUqw,8.03649734,2019-10-29T20:42:00Z
4302,176bFA8cpA43nK9s,1bosF2uXW2LbGfEb,3.53066554,2019-10-29T03:09:00Z
4303,1C7CVivZBxG9sRpZ,1H1vThduW1sBngae,0.14615723,2019-10-29T12:19:00Z
4304,1CiKTHZmnrv53NdE,1sQnDPLJ6nx1gzYK,14.67694242,2019-10-29T23:47:00Z
4305,1wqoMruVZjrAqRw2,1y4cfwPZLE6pHUxG,8.29131994,2019-10-29T08:23:00Z
4306,1FGuHFVV7PfVczfQ,1NtyM4w2eJYmcELe,5.84480226,2019-10-29T01:03:00Z
4307,1PgSmZRijboCzfp3,1BWFUE95QLowe2NQ,7.68647878,2019-10-29T00:41:00Z
4308,1y7WwKtqszVBcS2C,1JEXR99UAW4SM3aM,11.03293577,2019-10-29T10:36:00Z
4309,15xv1QXa549BPLQB,1SvBuqRbpsFXezAx,1.96588713,2019-10-29T05:23:00Z
4310,114219JPKvhccHHQ,176ruzWkbVip1SUr,6.37472704,2019-10-29T10:44:00Z
4311,1rW19tXCvifK49fv,1JDQxwrCwhnrcNLH,1.20364767,2019-10-29T19:12:00Z
4312,1g3R7XEtJcxkCRjp,1MY9CbPCBhbaoJ4Y,7.18458854,2019-10-29T10:46:00Z
4313,1m9P6QGeT5XApSjF,1E63uVpmLe4AMj6V,12.75776009,2019-10-29T02:18:00Z
4314,1meGAB6rHQVuvab9,1XCTbHaM3HV8uAPU,1.33586562,2019-10-29T01:27:00Z
4315,19FAKT2N5LniVr2M,1AqzYMpNCWPVnXcB,2.68612935,2019-10-29T03:26:00Z
4316,16vgu1XxbXQedo5J,1YRiDhGvwuLrmoBE,0.24036548,2019-10-29T22:36:00Z
4317,1DNgwGvVTzNpDGop,3Y8vT7ASAd4qeB7t,3.62898929,2019-10-29T06:22:00Z
4318,1G2ycmVfbfgvvvF5,188wH6iE31SEdx9j,4.96263062,2019-10-29T20:18:00Z
4319,1S8dkAL66y1uN2Ji,1SVP4oHqRKN4e6DR,9.92753739,2019-10-29T05:41:00Z
4320,1vMRWSipQWE9JQGM,1CJCQ76bYE1bU6XP,12.36618475,2019-10-29T22:47:00Z
4321,1vPzykFZ81JA7fEP,1P48RS5DiLBxE7yU,3.54521533,2019-10-29T16:34:00Z
4322,1gQ2G56Eq5L3bQb3,1jFU921ThTZqpEV3,13.98857426,2019-10-29T05:38:00Z
4323,1qoBFvYFCweu3FUZ,1wQAavS7pKydFTtq,8.42984533,2019-10-29T17:38:00Z
4324,1LWBZk28j3vPRqMk,1td6fZydavhWrvD8,5.42090562,2019-10-29T17:34:00Z
4325,1KMk4962MsDuK7b2,1b4cwTnfNcWn9zz2,10.79316872,2019-10-29T14:02:00Z
4326,1NLyx6613EJJh4si,11rS7WKDdVLtmpG4,0.7488069,2019-10-29T02:36:00Z
4327,1uCWBqgYzZiaDAZP,1DMFiMv2VN2GJqkZ,6.8969762,2019-10-29T11:55:00Z
4328,1kXDgP6AundZQ6pq,1m1eoYPRUk7fnUuM,15.82221318,2019-10-29T18:22:00Z
4329,1oeTDN5HqCg3T7VM,1d8edzTH8oYWX94B,1.09445955,2019-10-29T22:18:00Z
4330,1ofRenewZhVKtP4Z,1KKjwT6AeP3onKpi,14.83758338,2019-10-29T16:37:00Z
4331,1wA9JQv5bBoHTNkX,16fqu7hnqB6r2Qr8,0.22210118,2019-10-29T23:30:00Z
4332,12prQfyBwRwiQ7xN,1TGvPHyhPH9E8NoN,10.32813512,2019-10-29T09:11:00Z
4333,1Xy8nHgM47i6FHQP,1JAYcmmQMYT8b8h3,4.52596622,2019-10-29T23:24:00Z
4334,1NBG1wdMMmkw2pSD,1NqoZi13GJHL1hFj,12.12664929,2019-10-29T23:40:00Z
4335,1DUQpGNY5yCNs7U3,1hG71VmozVr8hrU4,12.23670831,2019-10-29T11:11:00Z
4336,12S1AvDrL5Mrj5ad,1WK83Xqamhw4HmCY,4.10790429,2019-10-29T02:07:00Z
4337,11YDkk59nLowFrWC,1HqwZnXkAFzBsHq4,1.3684056,2019-10-29T07:06:00Z
4338,1Pk225k3bpwmpgof,1FCwKXNELWCLUa7F,7.6148659,2019-10-29T07:25:00Z
4339,1K7eheH3GX8RU456,1LpLMQhdQxMc6q5G,4.09617909,2019-10-29T20:00:00Z
4340,1ESLD8zxDkmFhWpj,17jC1Ei7B2LYpRju,12.68914534,2019-10-29T00:07:00Z
4341,1FiNioNzpgymAubQ,1NQ5KzpBCyTRmYeU,0.36697456,2019-10-29T12:54:00Z
4342,1sMgDEqyNy2LKtHw,12oqboLigEsKhqv4,10.43650515,2019-10-29T22:56:00Z
4343,1KpZXFFbQHyshdBR,1Ya477bembmPDC5e,11.9819021,2019-10-29T16:04:00Z
4344,1rm6mDrQQKSefJTJ,1nNWnTqffNRmJgUQ,11.25120393,2019-10-29T09:19:00Z
4345,1meGAB6rHQVuvab9,1FvEuPX26fgowXFR,0.5044119,2019-10-29T02:53:00Z
4346,1bQPxmPLdN1ddTT1,1TmvfsTenGCM6p5i,0.78560646,2019-10-29T05:33:00Z
4347,1uCzs2DS7L4tawtB,1MPX9humnLRCZmdo,0.81334567,2019-10-29T07:49:00Z
4348,1Xm28HBz8K7oS2Ps,1XL17xz8K629NxW2,3.07330626,2019-10-29T14:26:00Z
4349,1zHrLkCwGbTSiQL5,1sFptmjCiyXHK7hD,12.29332431,2019-10-29T16:47:00Z
4350,1qFjgSfPTQ1XSojB,1NKK8fSMtXB3KsAM,7.88772463,2019-10-29T05:26:00Z
4351,1duDD76PYqtoyNfz,1ymF7aBmDAnmTR9Y,5.10744383,2019-10-29T01:12:00Z
4352,1CJCQ76bYE1bU6XP,1PgSmZRijboCzfp3,2.59211197,2019-10-29T20:01:00Z
4353,1ykpUg4NEwL4BBJa,1CJCQ76bYE1bU6XP,2.63681554,2019-10-29T16:56:00Z
4354,1XkuXBH7JyiCRNsp,1AqzYMpNCWPVnXcB,9.4349823,2019-10-29T18:55:00Z
4355,12L3GGbNeTTeMwrz,1JJCDTwoAFteK613,9.81538178,2019-10-29T02:35:00Z
4356,18oo53hohSLkGFP9,1uVhtcCtafuHSion,12.72240161,2019-10-29T14:01:00Z
4357,1Qztqa7TeMpLNfG2,1WB9gmep4jiq2aFh,10.38331891,2019-10-29T14:54:00Z
4358,1ywSCFxbMby3WYFs,1baPJZJavKVY7eW5,4.39078505,2019-10-29T13:15:00Z
4359,1sNZy4memEAoMyeB,1V9JtnLJxgFSR6DX,3.95162298,2019-10-29T11:16:00Z
4360,1bYmgRkXfXFc6ceB,122WkN2Fz9mA3hfE,4.97452907,2019-10-29T22:45:00Z
4361,1hG71VmozVr8hrU4,1CZXtBWYzRfRFfNd,0.9264368,2019-10-29T15:29:00Z
4362,1QHZ5rZ7PKneyZs1,1JwrHM2qHoXKX53t,1.40613637,2019-10-29T05:45:00Z
4363,11eMrU18s6g9mah1,1C7CVivZBxG9sRpZ,12.19986733,2019-10-29T08:32:00Z
4364,1ysDNH4ACAAsBQZD,1Ay5MNjxL4h974GL,21.24300866,2019-10-29T06:15:00Z
4365,1XTXyNWwC6qJPofe,18xU1Uod8DEj59Q5,8.56654784,2019-10-29T17:10:00Z
4366,1N8wjBELrLKHbMA1,1uCqxAp713f1gSic,11.99367217,2019-10-29T14:25:00Z
4367,1gYcAvNY55KkGMRy,1FQBNMGgntQKst2f,4.28728328,2019-10-29T16:05:00Z
4368,11MU3s8mo2Wv4mP4,1myL39jpsGfXAaRH,7.48588866,2019-10-29T04:29:00Z
4369,1YB137ChL817hoh2,1eHdD9CmutfkiTPf,5.21407659,2019-10-29T11:54:00Z
4370,1FCwKXNELWCLUa7F,1ZY37tAH9aZ1ogBx,11.92012296,2019-10-29T06:59:00Z
4371,1DNgwGvVTzNpDGop,1DEtNbkeByLEKrEN,7.87492712,2019-10-29T15:09:00Z
4372,1PUBGf1cD2nJm8PN,3fEw71S93wM8AFCq,1.93077166,2019-10-29T00:38:00Z
4373,1CmCEQjx7QFdXDax,31u2kj2PUBoHKUe6,4.44369091,2019-10-29T12:05:00Z
4374,1NKK8fSMtXB3KsAM,1EzihFiUPDcFgs16,0.80141917,2019-10-29T09:50:00Z
4375,16vgu1XxbXQedo5J,1aMQxxJmBNa1Yunj,0.32051275,2019-10-29T20:15:00Z
4376,1Uhd4wi7qyD77d5D,1XGwfNfKfw1Lc7DN,0.42381542,2019-10-29T03:43:00Z
4377,1WDuTzvPch7rmU1X,1HqwZnXkAFzBsHq4,2.24369553,2019-10-29T02:35:00Z
4378,15NBVGLtZxFXPYNJ,12HFq7AZAMcJEnpD,7.68921263,2019-10-29T10:20:00Z
4379,1GBL1vT38bfoigJf,1K7eheH3GX8RU456,13.13103645,2019-10-29T00:40:00Z
4380,1sXKD77J9MWK6vBR,1rm6mDrQQKSefJTJ,10.6366796,2019-10-29T05:19:00Z
4381,1KuoQAUCvpfgWZ11,1MyaugtnNCwZurS1,7.47868836,2019-10-29T20:58:00Z
4382,1bP5YXsxy97Q1Run,3bT1sZ43sAMEmTAs,4.68719266,2019-10-29T00:31:00Z
4383,1NqoZi13GJHL1hFj,11MU3s8mo2Wv4mP4,10.72154988,2019-10-29T18:43:00Z
4384,1A7T9uTCK7vccwGq,1SvGE4M9BVGngCG7,10.99832589,2019-10-29T15:29:00Z
4385,1KKjwT6AeP3onKpi,1MyWQKq1M8cFTixK,14.86963792,2019-10-29T23:47:00Z
4386,1Zah9Cobj5DLP7dx,1rQ6aDz23A2Wp9xk,4.67031933,2019-10-29T20:47:00Z
4387,13wQdZHUzQQMBPQa,1uVhtcCtafuHSion,4.65609744,2019-10-29T00:19:00Z
4388,1f2nkejfSgUYoEPm,1ry7u31iLPgEqmDF,12.26676766,2019-10-29T23:21:00Z
4389,1qFjgSfPTQ1XSojB,1ETvKBaUPiin8YVz,7.05488152,2019-11-05T10:58:00Z
4390,1SvBuqRbpsFXezAx,1uCWBqgYzZiaDAZP,4.09163837,2019-11-05T22:18:00Z
4391,1P48RS5DiLBxE7yU,1aMQxxJmBNa1Yunj,14.32172469,2019-11-05T08:36:00Z
4392,1RJ5vK1m5XkFXC4p,1f1KVJ1HD7WNNpqY,2.94645069,2019-11-05T17:08:00Z
4393,1sVxLQ8462Q9kri7,1E63uVpmLe4AMj6V,0.50759478,2019-11-05T13:21:00Z
4394,1ywSCFxbMby3WYFs,3TwobS8w1RnXNQzC,1.94542443,2019-11-05T12:39:00Z
4395,1bMrs8HxrWzH491H,1LpLMQhdQxMc6q5G,14.84065135,2019-11-05T10:35:00Z
4396,1SPqMv4kPCPf6Mfn,1ZY37tAH9aZ1ogBx,2.43167885,2019-11-05T08:14:00Z
4397,11rS7WKDdVLtmpG4,1wXzsg6aDRTfyCpn,3.19840314,2019-11-05T04:03:00Z
4398,1MyaugtnNCwZurS1,1iABwSrL7rbezk5N,9.50679928,2019-11-05T15:34:00Z
4399,1TN5qzi3ueRYX3S1,1XGwfNfKfw1Lc7DN,8.34170085,2019-11-05T00:27:00Z
4400,1cX4L5iqM3YVuBLG,1wA9JQv5bBoHTNkX,0.82300951,2019-11-05T13:59:00Z
4401,1zbrJmHtZS58T5mS,1wA9JQv5bBoHTNkX,3.08572632,2019-11-05T01:26:00Z
4402,1FQBNMGgntQKst2f,31A6EQ7oSqhieQBM,3.68312026,2019-11-05T20:24:00Z
4403,1k1GUS4Zygfe3sEr,1F6WecCRkeQ7hcPK,4.79300363,2019-11-05T11:02:00Z
4404,1zeLqQ8Jxj2vY36x,1REcDPnDsWxZsc6t,3.46059837,2019-11-05T19:29:00Z
4405,1P48RS5DiLBxE7yU,1L6ouHa3L2kuuBmY,0.27392158,2019-11-05T16:11:00Z
4406,1BxVvVSPBAfjHad1,1KMk4962MsDuK7b2,2.19707723,2019-11-05T03:47:00Z
4407,1nKySGyDHiESYSt9,1baPJZJavKVY7eW5,2.49901745,2019-11-05T07:29:00Z
4408,1rm6mDrQQKSefJTJ,1DT5XE2pRiJmX718,3.50459575,2019-11-05T16:10:00Z
4409,1y9pJedRpkAis53A,1UQRKVhaaiBykuHQ,6.11385644,2019-11-05T19:23:00Z
4410,1mu4unH7AU6TwDq5,194bpAfnGGE5D119,7.09485535,2019-11-05T20:47:00Z
4411,1oeTDN5HqCg3T7VM,1bosF2uXW2LbGfEb,0.13396381,2019-11-05T19:00:00Z
4412,176ruzWkbVip1SUr,1S8dkAL66y1uN2Ji,8.38557483,2019-11-05T18:08:00Z
4413,1HE5A9X4VFRvs69Q,12cBPqD9dN948L6R,1.89063171,2019-11-05T21:52:00Z
4414,1xiYe9aH2odBg91N,17HJUzK5vEjDaUCH,0.83739911,2019-11-05T02:18:00Z
4415,1wy5J2qUhmGY88jm,1jZgVWJPAN8Qy6nv,2.32924253,2019-11-05T05:15:00Z
4416,1TN5qzi3ueRYX3S1,1KYrTSP42ExcvCAR,6.07871968,2019-11-05T01:41:00Z
4417,1bMADFnNRNjk26ri,1KB4sdPTyNYb4jRK,0.18768534,2019-11-05T23:34:00Z
4418,1Kp41jcUfeoKB8Np,1E63uVpmLe4AMj6V,10.56293408,2019-11-05T16:27:00Z
4419,1trNjrZ7qc9pAyJg,1GmQPMiZarPGguMF,7.28545776,2019-11-05T15:34:00Z
4420,1ETvKBaUPiin8YVz,31nV2DrVWAFeyqYT,2.80951661,2019-11-05T12:08:00Z
4421,1ETvKBaUPiin8YVz,1493T4n79LvMHtLx,0.89764827,2019-11-05T15:50:00Z
4422,18xU1Uod8DEj59Q5,17ajhF2m1FhKhpUJ,11.8923426,2019-11-05T22:07:00Z
4423,1zeLqQ8Jxj2vY36x,1rQ6aDz23A2Wp9xk,0.4612417,2019-11-05T08:50:00Z
4424,1ehP4kraCyfDdin8,1wwNHorQoSkC6NxM,8.58999321,2019-11-05T20:06:00Z
4425,1bMADFnNRNjk26ri,1g3R7XEtJcxkCRjp,4.0870083,2019-11-05T03:38:00Z
4426,1duDD76PYqtoyNfz,1NoPtJnH1GNviQy9,1.5535272,2019-11-05T01:11:00Z
4427,1umVrfVRkm1kAPC2,1SvGE4M9BVGngCG7,2.64577429,2019-11-05T04:15:00Z
4428,13V81CAdqreV7Zgv,3JNGSpTz4CW5hTzG,1.26946097,2019-11-05T21:17:00Z
4429,1QHZ5rZ7PKneyZs1,1heufH2Pg3iNawBs,8.1325193,2019-11-05T06:15:00Z
4430,169kfoy2ms629N4R,31nV2DrVWAFeyqYT,4.81715048,2019-11-05T09:34:00Z
4431,12HFq7AZAMcJEnpD,1eHdD9CmutfkiTPf,7.31650143,2019-11-05T21:36:00Z
4432,1CmCEQjx7QFdXDax,1nNWnTqffNRmJgUQ,6.71859269,2019-11-05T19:22:00Z
4433,1k1GUS4Zygfe3sEr,1Vb3yoA1UuHwoAGS,4.18768489,2019-11-05T13:06:00Z
4434,1KMk4962MsDuK7b2,1VcAx2NyFCi7pmc8,5.0063643,2019-11-05T10:44:00Z
4435,1W1zjR8SiDExk3CX,1j2k7sqBneFq8w3p,7.78654393,2019-11-05T20:34:00Z
4436,1aJYLcVYbQnzu7Dj,1PeQ5DWwDRyaFsUH,0.03680637,2019-11-05T22:47:00Z
4437,1MPX9humnLRCZmdo,18xU1Uod8DEj59Q5,7.23074337,2019-11-05T16:19:00Z
4438,1NZ3GAtqtJP25yF4,1b6KPEtESCymyBS1,1.60608601,2019-11-05T00:54:00Z
4439,1dBnZM2ZKr3V44Li,169kfoy2ms629N4R,7.4572693,2019-11-05T14:17:00Z
4440,1VECp2Uvcq4JEsEv,1c8eacFH4WH2tJia,13.07431197,2019-11-05T17:13:00Z
4441,1SbyfAq3RdMgwkLF,1JB1hxGJQBRG5eVF,4.24840924,2019-11-05T14:32:00Z
4442,1ZY37tAH9aZ1ogBx,1zo6VADjfWFtx3d1,14.23255744,2019-11-05T14:58:00Z
4443,19yUWzvb2G43tDF5,1NtyM4w2eJYmcELe,12.65533006,2019-11-05T00:50:00Z
4444,1abgQKZ9i3rBKpXP,1zbrJmHtZS58T5mS,1.41068532,2019-11-05T11:00:00Z
4445,1b66vZr5A7ByxDCX,1QX95PQkfufvsd76,3.7047298,2019-11-05T04:21:00Z
4446,1o9sSeQ1SAzNBf6U,1WTUN6uCaG87dfRb,0.15293414,2019-11-05T12:53:00Z
4447,1Jbzz4MaVG2UiRoC,1hzugAi4qWHZLX4b,6.34068193,2019-11-05T13:15:00Z
4448,1wayVneJ4gbnmY94,1M59JAfGEaxXy344,0.61741224,2019-11-05T16:49:00Z
4449,1pVwey2KMhHHn8y1,11Xc93NZ4ssVE5XJ,10.04766749,2019-11-05T10:15:00Z
4450,1BWFUE95QLowe2NQ,1mA26temRswXwWt5,4.38121775,2019-11-05T00:51:00Z
4451,1QBKaXJNEFgNPPdB,1sMgDEqyNy2LKtHw,1.59394049,2019-11-05T05:22:00Z
4452,1A7T9uTCK7vccwGq,1V9JtnLJxgFSR6DX,8.92050612,2019-11-05T16:09:00Z
4453,1RLBV7h2XHH7fnof,1bMADFnNRNjk26ri,4.64805135,2019-11-05T11:41:00Z
4454,15JYDqiNtGUaXU8P,1XGwfNfKfw1Lc7DN,0.67377607,2019-11-05T09:17:00Z
4455,19jB7F5cM6eDJD96,1WDuTzvPch7rmU1X,1.75436782,2019-11-05T05:30:00Z
4456,1jjTKyMs1hK42t6r,18orPehj2oQLcE2H,14.83108397,2019-11-05T10:04:00Z
4457,1j2k7sqBneFq8w3p,1kBAW4GbqXKcv5xo,2.95497765,2019-11-05T17:17:00Z
4458,1P48RS5DiLBxE7yU,1Rbpeq3vVvvgJjUo,13.19807437,2019-11-05T02:39:00Z
4459,11MU3s8mo2Wv4mP4,1TySac9ASAqUD12T,6.07330586,2019-11-05T22:00:00Z
4460,1PgSmZRijboCzfp3,12icaPSgNgN28QDh,3.9762145,2019-11-05T17:47:00Z
4461,1wwNHorQoSkC6NxM,1td6fZydavhWrvD8,4.8203822,2019-11-05T23:27:00Z
4462,13UkDZHj8FgGUDxb,1DA2zMwDA5txETci,4.54398416,2019-11-05T07:53:00Z
4463,1dNHdTLMNXDJ6XCm,1ACuhLy6uHKKpNH9,7.1726708,2019-11-05T09:28:00Z
4464,1wqoMruVZjrAqRw2,1PgSmZRijboCzfp3,7.21447022,2019-11-05T12:34:00Z
4465,1ry7u31iLPgEqmDF,1eaNSJ7sMaSnHiQF,7.2830742,2019-11-05T06:46:00Z
4466,11YtRTFn1oSL3zXR,1jZgVWJPAN8Qy6nv,6.04717905,2019-11-05T13:27:00Z
4467,1qk7RWE4ULArRrq7,1FQBNMGgntQKst2f,10.6273497,2019-11-05T10:02:00Z
4468,1heufH2Pg3iNawBs,1uG6H4dHadXmE2Qy,14.02693206,2019-11-05T05:54:00Z
4469,1uJnJUziXWCaq5fA,1qXBAfygoKodh1X6,3.25284224,2019-11-05T12:30:00Z
4470,1MPX9humnLRCZmdo,1GHhYW9Y4jw73Wix,11.60951938,2019-11-05T06:11:00Z
4471,1cc6EmB89iTQH8C3,17zMxo79qrrMS44q,1.70419411,2019-11-05T19:14:00Z
4472,1NBG1wdMMmkw2pSD,1jVEEF9aaHDS2Xju,12.22101706,2019-11-05T08:46:00Z
4473,1KB4sdPTyNYb4jRK,1ry7u31iLPgEqmDF,10.47936243,2019-11-05T11:49:00Z
4474,1N1GanX4r3fBWAZQ,1BdPFKagrNfN8TyZ,1.32264045,2019-11-05T12:19:00Z
4475,17zMxo79qrrMS44q,1K7eheH3GX8RU456,10.46692912,2019-11-05T18:13:00Z
4476,1rWJ2i7CyHU2Ns4m,18xU1Uod8DEj59Q5,1.08428393,2019-11-05T15:17:00Z
4477,1mu4unH7AU6TwDq5,1MyaugtnNCwZurS1,14.35809423,2019-11-05T14:43:00Z
4478,1oS85NnHsY7UabsF,1sVxLQ8462Q9kri7,2.53511413,2019-11-05T12:21:00Z
4479,1WK83Xqamhw4HmCY,1Uhd4wi7qyD77d5D,11.83378182,2019-11-05T19:16:00Z
4480,1ACuhLy6uHKKpNH9,1fXRWFQkodYaJSn4,12.94006567,2019-11-05T23:44:00Z
4481,1S8dkAL66y1uN2Ji,1aJYLcVYbQnzu7Dj,14.67862125,2019-11-05T11:27:00Z
4482,1Ya477bembmPDC5e,1WDuTzvPch7rmU1X,11.68012342,2019-11-05T16:57:00Z
4483,1oeTDN5HqCg3T7VM,1baPJZJavKVY7eW5,2.71048069,2019-11-05T04:24:00Z
4484,1Zah9Cobj5DLP7dx,1qaShFAfDNwuCNHL,4.28460452,2019-11-05T03:22:00Z
4485,13e5rMp8T3rKpF5m,1cvbrWWvoinEVJD3,7.97279301,2019-11-05T13:12:00Z
4486,1rQ6aDz23A2Wp9xk,1vPzykFZ81JA7fEP,13.49799545,2019-11-05T17:01:00Z
4487,1QX95PQkfufvsd76,11rS7WKDdVLtmpG4,0.1885357,2019-11-05T19:43:00Z
4488,1GgUk1pE2xYWkEp1,1JB1hxGJQBRG5eVF,7.91992134,2019-11-05T08:58:00Z
4489,1eaNSJ7sMaSnHiQF,1g36umfR2kiGj276,11.28424605,2019-11-05T12:36:00Z
4490,1Xy8nHgM47i6FHQP,1kBAW4GbqXKcv5xo,8.1895915,2019-11-05T12:30:00Z
4491,1YHujKKw4PahsN2i,1XkuXBH7JyiCRNsp,0.80317009,2019-11-12T14:44:00Z
4492,1meGAB6rHQVuvab9,1HE5A9X4VFRvs69Q,3.36853296,2019-11-12T01:22:00Z
4493,1JJCDTwoAFteK613,1Lq6JbQon9FD4mXf,0.40692415,2019-11-12T03:38:00Z
4494,18rd9ES2jc2qTb7b,15JYDqiNtGUaXU8P,7.62236264,2019-11-12T17:27:00Z
4495,1QJkexwJrAv7AeMS,1h6Xw6p2BgV6aevF,3.98348832,2019-11-12T02:21:00Z
4496,1eaNSJ7sMaSnHiQF,1rgNxjB9oN2TJDev,12.37443053,2019-11-12T19:38:00Z
4497,1rTuDkQxjRckeCCs,3yPiVMh5dp8KPR9t,0.75874832,2019-11-12T23:57:00Z
4498,1pVwey2KMhHHn8y1,17DAc2BTkRYYtkeJ,2.02262131,2019-11-12T20:04:00Z
4499,1TxPGdCGUmsBP2ew,3yPiVMh5dp8KPR9t,3.75652235,2019-11-12T19:02:00Z
4500,1mTZ2KCk9vkDkx9m,1npjBuCQ8DHY1vGP,3.05611758,2019-11-12T21:09:00Z
4501,1wXzsg6aDRTfyCpn,1G2ycmVfbfgvvvF5,4.91315302,2019-11-12T18:53:00Z
4502,1BCunKfeARTRXgPx,1DmWR8LTWHCE4mJa,9.09988528,2019-11-12T22:36:00Z
4503,1QX95PQkfufvsd76,1VE4TNuRzEnLZSHa,0.12040464,2019-11-12T20:21:00Z
4504,1KdwGgoD17CcZRwZ,1PsDbVGdT9Mcyj9d,11.47988774,2019-11-12T11:26:00Z
4505,1Eym1qWeXf6gGZHK,1rywYxiEGmh1J5gg,4.13806861,2019-11-12T00:24:00Z
4506,1B3n1XSnNTEBrhiG,31A6EQ7oSqhieQBM,44.42222652,2019-11-12T07:52:00Z
4507,1TGvPHyhPH9E8NoN,1PA3SuhtCjMMNEQV,5.12661123,2019-11-12T03:49:00Z
4508,1wU5UrH5NZ3FH341,16fqu7hnqB6r2Qr8,9.94059978,2019-11-12T09:06:00Z
4509,1ry7u31iLPgEqmDF,1beG3gmDh2nieyPH,5.10791456,2019-11-12T23:57:00Z
4510,1rm6mDrQQKSefJTJ,1H9EzdacNFBExDbt,10.75568651,2019-11-12T10:44:00Z
4511,1KB4sdPTyNYb4jRK,1sdn3PZWak3MKjxE,12.93589156,2019-11-12T05:57:00Z
4512,12HFq7AZAMcJEnpD,1iABwSrL7rbezk5N,5.91300942,2019-11-12T21:33:00Z
4513,1VhigAMVPspqh7MT,1PA3SuhtCjMMNEQV,10.90840073,2019-11-12T03:50:00Z
4514,1KsiwuEHiEUovHeg,1LroL5DaYgBum5fR,1.85090952,2019-11-12T05:22:00Z
4515,1cX4L5iqM3YVuBLG,1XNMrCC1GkssGbtP,4.47057998,2019-11-12T01:18:00Z
4516,1D491Zgk2Y8bMKwZ,1eBUMG9wz5BKbkx4,9.19382011,2019-11-12T14:22:00Z
4517,1dNHdTLMNXDJ6XCm,18UGxBHYepxtgc8b,4.06903658,2019-11-12T10:05:00Z
4518,1sNZy4memEAoMyeB,1GBqzXwG9BkMXDFf,1.73749926,2019-11-12T11:48:00Z
4519,1g36umfR2kiGj276,1Vb3yoA1UuHwoAGS,1.63456206,2019-11-12T17:34:00Z
4520,1syBc5NTtNmk4btw,1o9sSeQ1SAzNBf6U,2.27832219,2019-11-12T22:12:00Z
4521,1VE4TNuRzEnLZSHa,1kTRDdcauBB9x9H7,2.57582378,2019-11-12T13:51:00Z
4522,1G8LKvkxhhJegZN4,1LpLMQhdQxMc6q5G,5.41223007,2019-11-12T15:49:00Z
4523,1TZFKKsBA219W6qT,1b66vZr5A7ByxDCX,6.6310319,2019-11-12T04:47:00Z
4524,1KsiwuEHiEUovHeg,1BtvsdcRTNNxrZUb,4.77393946,2019-11-12T18:32:00Z
4525,1yCEH1ZvzKth2QMM,1tFUrLP6Vv7RWdva,1.27621528,2019-11-12T03:20:00Z
4526,1fJYDzKVrv6qvx3B,1jVEEF9aaHDS2Xju,14.16556385,2019-11-12T18:22:00Z
4527,1SbyfAq3RdMgwkLF,1bP5YXsxy97Q1Run,4.90415108,2019-11-12T13:34:00Z
4528,1mu4unH7AU6TwDq5,1YEs9MfeR9TTJ7HL,2.25724072,2019-11-12T07:35:00Z
4529,1FQBNMGgntQKst2f,1sq9w7hH5aJBpW63,3.0982865,2019-11-12T10:49:00Z
4530,1TZFKKsBA219W6qT,1Z23NF2em6mRjZK2,4.35625581,2019-11-12T00:47:00Z
4531,1JJCDTwoAFteK613,1G8LrcvWxHvwBNPr,1.85179244,2019-11-12T03:37:00Z
4532,1Ywg7Q775xiv9GrR,1wy5J2qUhmGY88jm,3.25436087,2019-11-12T22:46:00Z
4533,1S8dkAL66y1uN2Ji,1d8edzTH8oYWX94B,3.05062242,2019-11-12T20:23:00Z
4534,1uKFZfFbtPAnpXFy,1K5tPoKFBRutRkmN,6.91445948,2019-11-12T07:34:00Z
4535,176RurrR4vviP3HT,1QHZ5rZ7PKneyZs1,14.360223,2019-11-12T02:31:00Z
4536,1GHhYW9Y4jw73Wix,1bMrs8HxrWzH491H,9.62480629,2019-11-12T00:17:00Z
4537,1VBEWwGrVxxDmH7H,1cc6EmB89iTQH8C3,3.88321978,2019-11-12T18:57:00Z
4538,19GRgUUEQCUDKfgA,1dNHdTLMNXDJ6XCm,1.36784245,2019-11-12T12:08:00Z
4539,1AfUZmao8Q8K5CcP,1H38vMgDepmZHMxt,10.30023368,2019-11-12T00:13:00Z
4540,1PeQ5DWwDRyaFsUH,1VhigAMVPspqh7MT,9.75551233,2019-11-12T16:19:00Z
4541,1Ze691FgqxPp3PhR,1baPJZJavKVY7eW5,7.21605248,2019-11-12T05:21:00Z
4542,11LUyFPKC6f7FMKK,3JNGSpTz4CW5hTzG,11.44962672,2019-11-12T01:01:00Z
4543,1PeQ5DWwDRyaFsUH,1LpLMQhdQxMc6q5G,14.80125771,2019-11-12T11:51:00Z
4544,1DorH1thto4NDxNT,1KpZXFFbQHyshdBR,9.28805559,2019-11-12T12:56:00Z
4545,1wRJF38GuNp6V9Ag,1P5LZ9pox9y37PvG,14.87907085,2019-11-12T06:17:00Z
4546,1Q1Jx1FnagZcJ3Lo,1gJ4ncA1edARWrbB,14.81311037,2019-11-12T06:40:00Z
4547,1LGF8yTTgxqEp3mX,1KYrTSP42ExcvCAR,1.52182904,2019-11-12T12:39:00Z
4548,1vMRWSipQWE9JQGM,1ehP4kraCyfDdin8,6.57075056,2019-11-12T04:13:00Z
4549,13BHTAnXc77gk9xm,1FGuHFVV7PfVczfQ,11.1952301,2019-11-12T07:40:00Z
4550,1PEDHBz1wPsrxD1r,3bT1sZ43sAMEmTAs,3.4958939,2019-11-12T22:18:00Z
4551,1TxPGdCGUmsBP2ew,1JAy28H4PHXK5XsQ,10.04198775,2019-11-12T12:53:00Z
4552,1uCzs2DS7L4tawtB,1vMRWSipQWE9JQGM,0.54942607,2019-11-12T07:00:00Z
4553,1HSG21KF9DsV9h8v,1BEmM3Ddv4o9jY9f,11.95105989,2019-11-12T04:38:00Z
4554,1LN1xcu2R45BkZzF,1GmQPMiZarPGguMF,12.83525305,2019-11-12T08:47:00Z
4555,1hG71VmozVr8hrU4,1YFVeahnYSW64Tmn,3.51020434,2019-11-12T03:28:00Z
4556,1H9EzdacNFBExDbt,1JwrHM2qHoXKX53t,6.92785703,2019-11-12T19:31:00Z
4557,15NBVGLtZxFXPYNJ,1MyWQKq1M8cFTixK,3.28527033,2019-11-12T04:06:00Z
4558,1sdn3PZWak3MKjxE,1QbYqZCBLH3uZvug,7.41035129,2019-11-12T11:18:00Z
4559,1ZCxARPJNAYEpALP,1sMgDEqyNy2LKtHw,0.28070045,2019-11-12T11:40:00Z
4560,1w7PPqsKLwfwSnRo,1H38vMgDepmZHMxt,9.85908498,2019-11-12T14:32:00Z
4561,1pVwey2KMhHHn8y1,1YkHxsb1CniMTbv7,5.92579763,2019-11-12T11:57:00Z
4562,1AqzYMpNCWPVnXcB,31nV2DrVWAFeyqYT,1.6563409,2019-11-12T15:40:00Z
4563,1qk7RWE4ULArRrq7,1DA2zMwDA5txETci,2.4650078,2019-11-12T03:23:00Z
4564,1HSG21KF9DsV9h8v,1BdPFKagrNfN8TyZ,12.17988643,2019-11-12T18:14:00Z
4565,1zeLqQ8Jxj2vY36x,1KG3E9XzsSQhjUqw,1.95644798,2019-11-12T08:29:00Z
4566,1qVtaChQVzoQPqUC,3bT1sZ43sAMEmTAs,14.20110777,2019-11-12T00:06:00Z
4567,11eMrU18s6g9mah1,31A6EQ7oSqhieQBM,0.69141968,2019-11-12T11:20:00Z
4568,1ooHQ9QPxgLWb4yK,1BNhWegfsi9vfMdQ,37.8711014,2019-11-12T05:51:00Z
4569,1mA26temRswXwWt5,1TmvfsTenGCM6p5i,3.36937299,2019-11-12T04:07:00Z
4570,1Fjwin5jGN8SXmxs,1ykpUg4NEwL4BBJa,0.91231212,2019-11-12T11:10:00Z
4571,1W1z6QA3tiZwBVWm,1zHdtY5BbP1Ydp4P,9.9700095,2019-11-12T00:28:00Z
4572,1YB137ChL817hoh2,1jZgVWJPAN8Qy6nv,0.65021827,2019-11-12T19:40:00Z
4573,1PgSmZRijboCzfp3,13e5rMp8T3rKpF5m,2.20485464,2019-11-12T22:35:00Z
4574,17Gy8pc9sKyMbPcs,1xiYe9aH2odBg91N,1.08312762,2019-11-12T08:39:00Z
4575,13JKYzr7aCwCAYiy,1eBUMG9wz5BKbkx4,10.03080245,2019-11-12T14:42:00Z
4576,1pBZdHa4eenRLFEL,3wyLJFqFLkmqeTeH,10.71751256,2019-11-12T18:40:00Z
4577,12oqboLigEsKhqv4,1pBZdHa4eenRLFEL,9.1250889,2019-11-12T19:40:00Z
4578,1uKFZfFbtPAnpXFy,1MhamiF8tbDweUvM,6.3562203,2019-11-12T10:37:00Z
4579,1PWnXwLJN2cp18zN,1LN1xcu2R45BkZzF,11.83823981,2019-11-12T15:04:00Z
4580,1Ze691FgqxPp3PhR,19yUWzvb2G43tDF5,4.90763818,2019-11-12T05:37:00Z
4581,1PsDbVGdT9Mcyj9d,3yPiVMh5dp8KPR9t,3.38566362,2019-11-12T11:52:00Z
4582,1BtvsdcRTNNxrZUb,1YFVeahnYSW64Tmn,3.56230338,2019-11-12T02:12:00Z
4583,1oS85NnHsY7UabsF,1sNZy4memEAoMyeB,3.66880498,2019-11-12T04:37:00Z
4584,1TZFKKsBA219W6qT,1zeLqQ8Jxj2vY36x,11.83423631,2019-11-12T12:21:00Z
4585,18orPehj2oQLcE2H,1C7CVivZBxG9sRpZ,1.87017274,2019-11-12T23:22:00Z
4586,1m9P6QGeT5XApSjF,1f1KVJ1HD7WNNpqY,3.61009323,2019-11-12T11:50:00Z
4587,1HSG21KF9DsV9h8v,3wyLJFqFLkmqeTeH,6.35895758,2019-11-12T10:42:00Z
4588,1F96QJxaM4UdvE9t,1oeTDN5HqCg3T7VM,5.36506681,2019-11-12T11:44:00Z
4589,1cX4L5iqM3YVuBLG,1tQGNHthD2YaTMxB,14.26697928,2019-11-12T01:57:00Z
4590,1yTE3Q7kRdzyuaA9,1f9v43Xk1s68FSiu,10.75824411,2019-11-12T15:38:00Z
4591,1P7QqLzF6JZ7hxuv,1SvBuqRbpsFXezAx,9.41253702,2019-11-12T08:36:00Z
4592,1MPX9humnLRCZmdo,1KpZXFFbQHyshdBR,5.48089106,2019-11-12T10:16:00Z
4593,1nNWnTqffNRmJgUQ,3Cy58imRd5rntwwS,3.31054191,2019-11-19T23:22:00Z
4594,1WK83Xqamhw4HmCY,1HHiiFkcuZ8pze9D,0.72189462,2019-11-19T02:36:00Z
4595,1sVxLQ8462Q9kri7,1a2LgFdh5Fpt4KCF,10.73326874,2019-11-19T20:16:00Z
4596,1iQanud375u25sc9,1PsDbVGdT9Mcyj9d,10.75678127,2019-11-19T16:08:00Z
4597,1R4s3ahHxYNoLUrc,1gyZ6NDSd4Fjqhz1,4.55081698,2019-11-19T06:47:00Z
4598,16vgu1XxbXQedo5J,176bFA8cpA43nK9s,3.74163101,2019-11-19T19:45:00Z
4599,1RiHFvhFHJHJR3se,1beG3gmDh2nieyPH,13.04496123,2019-11-19T12:22:00Z
4600,1yQ8zfL35VnatKho,33YWCjBomCEfoFyz,8.37842441,2019-11-19T14:42:00Z
4601,1MNWx7D4QRUUiG1c,1f9v43Xk1s68FSiu,11.73422302,2019-11-19T03:18:00Z
4602,1NpApQNXEKfWoHD5,1wXB1erZ6bdzRkrJ,12.06971607,2019-11-19T16:39:00Z
4603,1GBqzXwG9BkMXDFf,12S1AvDrL5Mrj5ad,0.23594979,2019-11-19T14:17:00Z
4604,17HJUzK5vEjDaUCH,1m9P6QGeT5XApSjF,1.2481657,2019-11-19T18:58:00Z
4605,1JRtUG5Lb9TR5ftT,1iQanud375u25sc9,5.36063275,2019-11-19T23:54:00Z
4606,1TN5qzi3ueRYX3S1,1duDD76PYqtoyNfz,13.08065566,2019-11-19T01:32:00Z
4607,18Pwu5LG5mY6GwN9,3TwobS8w1RnXNQzC,1.32076249,2019-11-19T17:20:00Z
4608,1qczkoAMQzbTPCNY,1Xy8nHgM47i6FHQP,4.99291032,2019-11-19T07:32:00Z
4609,1h6Xw6p2BgV6aevF,1Xm28HBz8K7oS2Ps,2.98107748,2019-11-19T16:08:00Z
4610,1MNuGBAZWt3kZbiu,1Vb3yoA1UuHwoAGS,9.0027378,2019-11-19T03:18:00Z
4611,1gyZ6NDSd4Fjqhz1,1y9pJedRpkAis53A,0.4016523,2019-11-19T18:27:00Z
4612,1TxPGdCGUmsBP2ew,1BWFUE95QLowe2NQ,4.71181681,2019-11-19T08:00:00Z
4613,1AqzYMpNCWPVnXcB,1p1NJnWPxnBetJ7E,12.76639001,2019-11-19T21:51:00Z
4614,1cvbrWWvoinEVJD3,1G8LKvkxhhJegZN4,13.41960635,2019-11-19T14:46:00Z
4615,1zHdtY5BbP1Ydp4P,1wwNHorQoSkC6NxM,2.38892959,2019-11-19T02:09:00Z
4616,13JKYzr7aCwCAYiy,1Uhd4wi7qyD77d5D,2.31064339,2019-11-19T23:08:00Z
4617,1KG3E9XzsSQhjUqw,1r7RxwaKdSRLiBNu,11.2260938,2019-11-19T17:09:00Z
4618,1MPX9humnLRCZmdo,1MyaugtnNCwZurS1,12.68048793,2019-11-19T22:13:00Z
4619,1g3R7XEtJcxkCRjp,1T79Rac8NFGHhECF,7.55437152,2019-11-19T13:30:00Z
4620,1D491Zgk2Y8bMKwZ,1qFjgSfPTQ1XSojB,5.14873014,2019-11-19T12:51:00Z
4621,1TirB8QNsvB27LGc,1npjBuCQ8DHY1vGP,13.96786765,2019-11-19T04:04:00Z
4622,1cX4L5iqM3YVuBLG,1DMFiMv2VN2GJqkZ,1.69662164,2019-11-19T22:27:00Z
4623,1Pk225k3bpwmpgof,1hzugAi4qWHZLX4b,3.40367816,2019-11-19T13:16:00Z
4624,1Q1Jx1FnagZcJ3Lo,1kTRDdcauBB9x9H7,13.54102747,2019-11-19T18:04:00Z
4625,1JB1hxGJQBRG5eVF,3AZSyahATYfVAd1i,0.5612911,2019-11-19T17:14:00Z
4626,1T79Rac8NFGHhECF,1sXKD77J9MWK6vBR,10.90358259,2019-11-19T14:26:00Z
4627,1jVEEF9aaHDS2Xju,1Qztqa7TeMpLNfG2,0.6877077,2019-11-19T02:18:00Z
4628,1K5tPoKFBRutRkmN,18rd9ES2jc2qTb7b,3.8400268,2019-11-19T07:59:00Z
4629,1PsDbVGdT9Mcyj9d,31A6EQ7oSqhieQBM,2.5193593,2019-11-19T23:43:00Z
4630,12nx1RT4Sau3D2aX,1uVhtcCtafuHSion,13.23845892,2019-11-19T09:05:00Z
4631,1zqvW4J1tBVfodm1,3bT1sZ43sAMEmTAs,13.21288487,2019-11-19T18:21:00Z
4632,1wA9JQv5bBoHTNkX,1qczkoAMQzbTPCNY,2.99048741,2019-11-19T08:13:00Z
4633,1ykpUg4NEwL4BBJa,16vgu1XxbXQedo5J,4.20844829,2019-11-19T21:23:00Z
4634,1wRJF38GuNp6V9Ag,1vZyLz5AuLBMgk8a,7.82081574,2019-11-19T10:57:00Z
4635,1UCSnMk7TCn7w32v,1f9v43Xk1s68FSiu,14.20763864,2019-11-19T05:48:00Z
4636,1CxxWTdSD4DWGoAn,1Fd1eaAEp2SQCLn4,10.56168535,2019-11-19T04:55:00Z
4637,1GLA3tPmY3Gtn4fg,13V81CAdqreV7Zgv,3.1984973,2019-11-19T10:54:00Z
4638,1Hn6EhDddRt6TuDW,3AZSyahATYfVAd1i,2.27593963,2019-11-19T20:03:00Z
4639,1H1vThduW1sBngae,1WNtMDRb4yNLn2nC,13.48830047,2019-11-19T16:07:00Z
4640,18UGxBHYepxtgc8b,1rm6mDrQQKSefJTJ,9.044415,2019-11-19T17:13:00Z
4641,1KMk4962MsDuK7b2,11XHsaRP5ueXM5Kg,4.96138998,2019-11-19T07:04:00Z
4642,1fXRWFQkodYaJSn4,1Cm493HpDrKek14f,8.90823702,2019-11-19T02:31:00Z
4643,1NdpC25TDn7yycoE,1fPDpC9ADze4EAoM,9.52656786,2019-11-19T13:17:00Z
4644,1umVrfVRkm1kAPC2,1pBZdHa4eenRLFEL,4.53548406,2019-11-19T08:44:00Z
4645,1MCX7JwBBHr7ogza,1NZ3GAtqtJP25yF4,7.43275527,2019-11-19T17:20:00Z
4646,1FCwKXNELWCLUa7F,1G75HiEeJBQkDsS8,14.19771089,2019-11-19T04:02:00Z
4647,1ZDwWzY9axKu7AJL,12cBPqD9dN948L6R,5.06888653,2019-11-19T07:58:00Z
4648,16vgu1XxbXQedo5J,13JKYzr7aCwCAYiy,7.42300023,2019-11-19T10:49:00Z
4649,1ywSCFxbMby3WYFs,1mPgySB6nNp4NtTA,3.14843604,2019-11-19T20:02:00Z
4650,1PEDHBz1wPsrxD1r,1aJYLcVYbQnzu7Dj,0.33240711,2019-11-19T05:21:00Z
4651,1NQ5KzpBCyTRmYeU,1Rbpeq3vVvvgJjUo,14.0105683,2019-11-19T02:55:00Z
4652,1YJqpbNfjFz8SQQN,15ccd8PRT18Nc96z,8.09399953,2019-11-19T05:19:00Z
4653,1hzugAi4qWHZLX4b,1ofRenewZhVKtP4Z,2.38815848,2019-11-19T03:12:00Z
4654,1Ze691FgqxPp3PhR,1KG3E9XzsSQhjUqw,14.45520314,2019-11-19T02:49:00Z
4655,1oS85NnHsY7UabsF,1Bv2FekYLfDSQxso,11.63435379,2019-11-19T12:53:00Z
4656,1gYcAvNY55KkGMRy,1y9pJedRpkAis53A,1.88620618,2019-11-19T13:56:00Z
4657,1WK83Xqamhw4HmCY,17jKMwUrLoqVr6HG,0.08929033,2019-11-19T07:59:00Z
4658,1WTUN6uCaG87dfRb,1sdn3PZWak3MKjxE,12.43775786,2019-11-19T14:36:00Z
4659,11MU3s8mo2Wv4mP4,1vZyLz5AuLBMgk8a,12.07836483,2019-11-19T11:10:00Z
4660,1HHiiFkcuZ8pze9D,1LWBZk28j3vPRqMk,8.41482833,2019-11-19T07:22:00Z
4661,1RiHFvhFHJHJR3se,19FAKT2N5LniVr2M,11.72205993,2019-11-19T19:23:00Z
4662,1BYnrH8VYnoVkfPa,1rxtaX3BLLRUwH2P,1.60556224,2019-11-19T21:03:00Z
4663,1KpZXFFbQHyshdBR,17jC1Ei7B2LYpRju,13.297911,2019-11-19T05:10:00Z
4664,1Dnotr7p62Z9h1yv,1cvbrWWvoinEVJD3,5.76463952,2019-11-19T05:21:00Z
4665,1yCEH1ZvzKth2QMM,1PfW4rmw4VwCruo4,9.6653701,2019-11-19T13:48:00Z
4666,1rxtaX3BLLRUwH2P,1BWFUE95QLowe2NQ,11.87415314,2019-11-19T15:30:00Z
4667,1HQxjBP2SAxwdW4R,1Fd1eaAEp2SQCLn4,9.48463172,2019-11-19T02:24:00Z
4668,1YRiDhGvwuLrmoBE,1k1GUS4Zygfe3sEr,11.51182376,2019-11-19T09:26:00Z
4669,18orPehj2oQLcE2H,1L94V1WA3RLHpswz,1.29960566,2019-11-19T15:00:00Z
4670,1ofRenewZhVKtP4Z,1TxPGdCGUmsBP2ew,2.17323325,2019-11-19T18:06:00Z
4671,1wGEGMDFxPNkzVNo,1mLnNP22PCYCsPAH,4.63783836,2019-11-19T15:48:00Z
4672,1mTZ2KCk9vkDkx9m,1C1c9NfjmUH4i56s,3.49569912,2019-11-19T06:45:00Z
4673,1W2Z3WUV5mN1nmcH,3TwobS8w1RnXNQzC,1.8752659,2019-11-19T14:57:00Z
4674,1TySac9ASAqUD12T,33YWCjBomCEfoFyz,7.26194234,2019-11-19T10:13:00Z
4675,1DA2zMwDA5txETci,1bMrs8HxrWzH491H,10.41934275,2019-11-19T21:13:00Z
4676,1L5mq7cfRt2YL3j2,1batLbsu69QinbXN,20.34398594,2019-11-19T20:56:00Z
4677,1LGF8yTTgxqEp3mX,1YHujKKw4PahsN2i,10.11178622,2019-11-19T14:14:00Z
4678,1KdwGgoD17CcZRwZ,13UkDZHj8FgGUDxb,6.34774464,2019-11-19T16:09:00Z
4679,1ACuhLy6uHKKpNH9,1jVEEF9aaHDS2Xju,12.08907367,2019-11-19T09:41:00Z
4680,1sQnDPLJ6nx1gzYK,1JAy28H4PHXK5XsQ,11.11709848,2019-11-19T04:58:00Z
4681,14pdSn19wptXxmSw,1K3jQtjj7jPoH2T3,14.36873257,2019-11-19T20:07:00Z
4682,1NZ3GAtqtJP25yF4,1zHrLkCwGbTSiQL5,12.18695362,2019-11-19T06:08:00Z
4683,12HFq7AZAMcJEnpD,1PobkGAcsDthod5q,5.48776504,2019-11-19T05:06:00Z
4684,1HE5A9X4VFRvs69Q,1VhigAMVPspqh7MT,6.07848357,2019-11-19T15:35:00Z
4685,1eBUMG9wz5BKbkx4,1F96QJxaM4UdvE9t,3.02278185,2019-11-19T23:11:00Z
4686,1KYrTSP42ExcvCAR,18YLNiWgsug4AxXb,13.13964409,2019-11-19T10:02:00Z
4687,1NCyyQsgcY76GjJ5,1GmQPMiZarPGguMF,3.49866796,2019-11-19T02:08:00Z
4688,1CxxWTdSD4DWGoAn,1ZDwWzY9axKu7AJL,13.81930246,2019-11-19T22:00:00Z
4689,1W2Z3WUV5mN1nmcH,1MyWQKq1M8cFTixK,8.94007621,2019-11-19T18:26:00Z
4690,1dgP5iYyNjEdjzJf,1gMpeFZyZMJMBcSU,4.73737126,2019-11-19T06:56:00Z
4691,11eYHFj3K6Q4neLR,1QX95PQkfufvsd76,3.86519962,2019-11-19T04:08:00Z
4692,1uyH4EUyiub39rLc,1j2k7sqBneFq8w3p,4.67912221,2019-11-19T19:35:00Z
4693,11YtRTFn1oSL3zXR,1VE4TNuRzEnLZSHa,2.16326452,2019-11-19T17:49:00Z
4694,1LpLMQhdQxMc6q5G,1m9P6QGeT5XApSjF,6.30343516,2019-11-19T14:22:00Z
4695,1XkuXBH7JyiCRNsp,12cBPqD9dN948L6R,13.72855038,2019-11-26T20:40:00Z
4696,1qu55j4BLyaSbw5w,1MkMQvMbp7DQFhAP,42.9228068,2019-11-26T15:10:00Z
4697,1PUBGf1cD2nJm8PN,1uCWBqgYzZiaDAZP,4.67261912,2019-11-26T21:47:00Z
4698,1V9JtnLJxgFSR6DX,1W2Z3WUV5mN1nmcH,1.06109245,2019-11-26T03:48:00Z
4699,1AfUZmao8Q8K5CcP,13BHTAnXc77gk9xm,4.72697983,2019-11-26T17:16:00Z
4700,1Gv16bv4MT4KMMjK,1zHdtY5BbP1Ydp4P,7.08873783,2019-11-26T08:01:00Z
4701,1ykpUg4NEwL4BBJa,1L5CGrSA9Jc9jfD4,4.04482308,2019-11-26T22:00:00Z
4702,1Z23NF2em6mRjZK2,1Vb3yoA1UuHwoAGS,13.22498182,2019-11-26T20:35:00Z
4703,1Uhd4wi7qyD77d5D,13X4eqxD5uQA1X5Y,2.07658327,2019-11-26T19:42:00Z
4704,12HFq7AZAMcJEnpD,1PEDHBz1wPsrxD1r,3.5513798,2019-11-26T19:02:00Z
4705,1iQanud375u25sc9,1rTuDkQxjRckeCCs,13.26772146,2019-11-26T19:15:00Z
4706,1GmQPMiZarPGguMF,1A7T9uTCK7vccwGq,0.73059554,2019-11-26T14:50:00Z
4707,1rgNxjB9oN2TJDev,1EitxxxYaR5ynDrK,0.47703588,2019-11-26T11:41:00Z
4708,1SPqMv4kPCPf6Mfn,1ZCxARPJNAYEpALP,14.45041412,2019-11-26T09:43:00Z
4709,1MyWQKq1M8cFTixK,12icaPSgNgN28QDh,8.44902913,2019-11-26T02:32:00Z
4710,1P2hrV8V5G8xNiob,1CZXtBWYzRfRFfNd,11.18402819,2019-11-26T08:23:00Z
4711,1o9sSeQ1SAzNBf6U,1oszo1mWfFFYjxzp,13.2990539,2019-11-26T02:52:00Z
4712,1x3oJrxeU5vzaB1i,1Aw9xEQ8dc8VVMNb,1.65299923,2019-11-26T04:52:00Z
4713,1f1KVJ1HD7WNNpqY,1o9sSeQ1SAzNBf6U,2.71395012,2019-11-26T22:34:00Z
4714,1MyaugtnNCwZurS1,1NBG1wdMMmkw2pSD,1.7469042,2019-11-26T11:34:00Z
4715,1WKBC1BaA9puhK8J,1PEDHBz1wPsrxD1r,6.0215061,2019-11-26T18:44:00Z
4716,1RLBV7h2XHH7fnof,1968pTj3QcDShL9b,4.21833494,2019-11-26T09:45:00Z
4717,1gyZ6NDSd4Fjqhz1,1H9EzdacNFBExDbt,14.69091204,2019-11-26T06:25:00Z
4718,114219JPKvhccHHQ,1GBL1vT38bfoigJf,3.27488968,2019-11-26T18:38:00Z
4719,19GRgUUEQCUDKfgA,1Zah9Cobj5DLP7dx,1.50327254,2019-11-26T16:30:00Z
4720,12icaPSgNgN28QDh,3wyLJFqFLkmqeTeH,3.61368443,2019-11-26T17:42:00Z
4721,1aish8o4qBwWJCLN,1H9EzdacNFBExDbt,1.51606235,2019-11-26T16:29:00Z
4722,1LN1xcu2R45BkZzF,1ccgdQXiLLrhQ2QH,3.95268863,2019-11-26T16:16:00Z
4723,1BbEZgaTPALXoQhj,1WK83Xqamhw4HmCY,7.49735174,2019-11-26T01:04:00Z
4724,12oqboLigEsKhqv4,1CZXtBWYzRfRFfNd,4.26042205,2019-11-26T06:12:00Z
4725,1TirB8QNsvB27LGc,1VBEWwGrVxxDmH7H,12.8941752,2019-11-26T11:33:00Z
4726,1BEmM3Ddv4o9jY9f,1GHhYW9Y4jw73Wix,4.89770783,2019-11-26T02:37:00Z
4727,1y9pJedRpkAis53A,1MPX9humnLRCZmdo,7.69031446,2019-11-26T12:07:00Z
4728,1E63uVpmLe4AMj6V,1sPNuStJDpGtFncE,4.29594654,2019-11-26T01:42:00Z
4729,1y5g9KS8dGm9MDKE,1rTuDkQxjRckeCCs,1.27693789,2019-11-26T22:25:00Z
4730,19GRgUUEQCUDKfgA,1y7WwKtqszVBcS2C,1.7773777,2019-11-26T17:13:00Z
4731,1PUBGf1cD2nJm8PN,1HHiiFkcuZ8pze9D,13.00039071,2019-11-26T04:09:00Z
4732,1HqwZnXkAFzBsHq4,3M239b5DEVh1NKFV,1.0061902,2019-11-26T00:23:00Z
4733,1jFU921ThTZqpEV3,1gJ4ncA1edARWrbB,2.23157747,2019-11-26T22:51:00Z
4734,1X8REorWWbZsKkTP,13UkDZHj8FgGUDxb,0.25868498,2019-11-26T09:51:00Z
4735,1zHdtY5BbP1Ydp4P,12S1AvDrL5Mrj5ad,4.4592968,2019-11-26T12:53:00Z
4736,1ENtKQwCYB1gQwwR,1LWBZk28j3vPRqMk,7.15680898,2019-11-26T21:24:00Z
4737,1wUaHVe7NRc8Xoa9,1VcAx2NyFCi7pmc8,12.13822247,2019-11-26T13:47:00Z
4738,1b66vZr5A7ByxDCX,17DAc2BTkRYYtkeJ,3.23873938,2019-11-26T20:32:00Z
4739,1Eym1qWeXf6gGZHK,1wRJF38GuNp6V9Ag,13.05717677,2019-11-26T06:44:00Z
4740,1DEtNbkeByLEKrEN,1b66vZr5A7ByxDCX,2.47983301,2019-11-26T08:58:00Z
4741,1S8dkAL66y1uN2Ji,1aMQxxJmBNa1Yunj,6.5757009,2019-11-26T02:33:00Z
4742,1jSNxV48v1Z1p2ux,1BYnrH8VYnoVkfPa,4.14049526,2019-11-26T15:38:00Z
4743,1uJnJUziXWCaq5fA,1WTUN6uCaG87dfRb,9.79475487,2019-11-26T23:16:00Z
4744,1o6GH2muzvc7HAaY,11BXeo4xAVEdmfkD,1.9606882,2019-11-26T22:38:00Z
4745,1iQanud375u25sc9,1Ep6D28bJwQ9fhu2,11.88832712,2019-11-26T06:10:00Z
4746,16RF8jRKNpwG48hQ,1vRZaJXjEa43zPgG,41.91259052,2019-11-26T05:17:00Z
4747,1LXdKPV49UPsP3Mc,1QHZ5rZ7PKneyZs1,6.66716131,2019-11-26T08:01:00Z
4748,176bFA8cpA43nK9s,11CxF3hJ67djH9EQ,9.84199117,2019-11-26T06:47:00Z
4749,19ZQn5nvoG39PhES,1TxPGdCGUmsBP2ew,1.31426485,2019-11-26T15:04:00Z
4750,1ZDwWzY9axKu7AJL,3fEw71S93wM8AFCq,7.64519751,2019-11-26T15:51:00Z
4751,1BtvsdcRTNNxrZUb,1GmQPMiZarPGguMF,7.10228998,2019-11-26T12:46:00Z
4752,1bYmgRkXfXFc6ceB,1mLnNP22PCYCsPAH,3.08896957,2019-11-26T19:58:00Z
4753,1c7MqcajSaoyQvuo,1L94V1WA3RLHpswz,5.39012722,2019-11-26T03:18:00Z
4754,1JJCDTwoAFteK613,169kfoy2ms629N4R,13.41761318,2019-11-26T12:41:00Z
4755,17mpLDmL5RLB7QqP,1SPqMv4kPCPf6Mfn,3.37831687,2019-11-26T20:57:00Z
4756,1NtyM4w2eJYmcELe,1YHujKKw4PahsN2i,0.29418608,2019-11-26T03:48:00Z
4757,1vPzykFZ81JA7fEP,1K7eheH3GX8RU456,3.41534038,2019-11-26T14:52:00Z
4758,1hzugAi4qWHZLX4b,1ccgdQXiLLrhQ2QH,0.06012932,2019-11-26T15:02:00Z
4759,1vMRWSipQWE9JQGM,1NpApQNXEKfWoHD5,0.67639826,2019-11-26T11:47:00Z
4760,1sMgDEqyNy2LKtHw,31u2kj2PUBoHKUe6,0.13165171,2019-11-26T15:31:00Z
4761,1FiNioNzpgymAubQ,1FvEuPX26fgowXFR,4.18082344,2019-11-26T20:23:00Z
4762,12HFq7AZAMcJEnpD,1W1zjR8SiDExk3CX,7.97508948,2019-11-26T05:05:00Z
4763,11BXeo4xAVEdmfkD,1PCqRRY5NvPrpdLc,7.29814278,2019-11-26T13:01:00Z
4764,1f1KVJ1HD7WNNpqY,1CZXtBWYzRfRFfNd,1.39613201,2019-11-26T16:53:00Z
4765,1NqoZi13GJHL1hFj,1rW19tXCvifK49fv,4.08171176,2019-11-26T11:31:00Z
4766,1Hn6EhDddRt6TuDW,188wH6iE31SEdx9j,5.45772949,2019-11-26T02:06:00Z
4767,1bYmgRkXfXFc6ceB,1KMk4962MsDuK7b2,6.29533676,2019-11-26T10:19:00Z
4768,1C7CVivZBxG9sRpZ,18Pwu5LG5mY6GwN9,11.62898751,2019-11-26T12:59:00Z
4769,1V25NM2bkpKdxp4K,1CBKUFsVDi3KMaRb,3.5484935,2019-11-26T11:14:00Z
4770,16wAiLkpMMuJMaY5,1bMADFnNRNjk26ri,8.33784584,2019-11-26T04:57:00Z
4771,1WNtMDRb4yNLn2nC,1QX95PQkfufvsd76,12.00985144,2019-11-26T01:21:00Z
4772,1gyZ6NDSd4Fjqhz1,1LrrxBcvrigRP7PP,2.71548139,2019-11-26T17:37:00Z
4773,1ZZTRazEHBH3R5Qz,1Ep6D28bJwQ9fhu2,8.74303383,2019-11-26T10:13:00Z
4774,12bchPVYsFo4gYGV,1XGwfNfKfw1Lc7DN,7.94347823,2019-11-26T04:57:00Z
4775,18UGxBHYepxtgc8b,1mRAifCi77m6vAxM,13.22742109,2019-11-26T19:21:00Z
4776,1wqoMruVZjrAqRw2,1wqoMruVZjrAqRw2,3.79629166,2019-11-26T06:10:00Z
4777,17mpLDmL5RLB7QqP,14ArkDK15E15KjBS,10.80990549,2019-11-26T15:15:00Z
4778,1P48RS5DiLBxE7yU,1E63uVpmLe4AMj6V,7.45724435,2019-11-26T21:53:00Z
4779,1ESLD8zxDkmFhWpj,1trNjrZ7qc9pAyJg,3.27121864,2019-11-26T10:12:00Z
4780,1rTuDkQxjRckeCCs,1mTZ2KCk9vkDkx9m,3.67682235,2019-11-26T18:03:00Z
4781,1MPX9humnLRCZmdo,1y9pJedRpkAis53A,1.5969548,2019-11-26T15:04:00Z
4782,1k1GUS4Zygfe3sEr,1NBG1wdMMmkw2pSD,14.40298362,2019-11-26T04:51:00Z
4783,1w7PPqsKLwfwSnRo,1Fd1eaAEp2SQCLn4,10.19017399,2019-11-26T07:35:00Z
4784,12bchPVYsFo4gYGV,1FGuHFVV7PfVczfQ,6.53178124,2019-11-26T19:12:00Z
4785,1wRJF38GuNp6V9Ag,1JDQxwrCwhnrcNLH,4.40130784,2019-11-26T03:05:00Z
4786,1MhamiF8tbDweUvM,18UGxBHYepxtgc8b,9.92047614,2019-11-26T14:58:00Z
4787,1NCyyQsgcY76GjJ5,1sdn3PZWak3MKjxE,4.70345808,2019-11-26T19:10:00Z
4788,1wy5J2qUhmGY88jm,18a2q1L9WCa1KKkT,1.68287928,2019-11-26T14:28:00Z
4789,1RiHFvhFHJHJR3se,1TxPGdCGUmsBP2ew,13.02708378,2019-11-26T05:51:00Z
4790,1sQnDPLJ6nx1gzYK,1oS85NnHsY7UabsF,11.9900247,2019-11-26T23:14:00Z
4791,1Aw9xEQ8dc8VVMNb,1493T4n79LvMHtLx,6.20643033,2019-11-26T10:31:00Z
4792,1VcAx2NyFCi7pmc8,1ACuhLy6uHKKpNH9,4.80449062,2019-11-26T00:33:00Z
4793,18a2q1L9WCa1KKkT,1jjTKyMs1hK42t6r,0.74350034,2019-11-26T07:55:00Z
4794,18xU1Uod8DEj59Q5,1y9pJedRpkAis53A,11.90082474,2019-11-26T11:56:00Z
4795,1XCTbHaM3HV8uAPU,1TySac9ASAqUD12T,1.75448404,2019-11-26T18:59:00Z
4796,1VYtDDv1ahbdRdfF,1kTRDdcauBB9x9H7,1.76471113,2019-11-26T02:21:00Z
4797,1DorH1thto4NDxNT,1F96QJxaM4UdvE9t,11.19788132,2019-12-03T20:22:00Z
4798,1Qztqa7TeMpLNfG2,1MyWQKq1M8cFTixK,8.82980617,2019-12-03T03:39:00Z
4799,1QHZ5rZ7PKneyZs1,1PgSmZRijboCzfp3,7.15389641,2019-12-03T10:55:00Z
4800,188wH6iE31SEdx9j,1mA26temRswXwWt5,5.68547662,2019-12-03T03:37:00Z
4801,1ENtKQwCYB1gQwwR,1REcDPnDsWxZsc6t,7.24346346,2019-12-03T09:07:00Z
4802,15Ha2CawZG7cHxRA,1TySac9ASAqUD12T,13.29606081,2019-12-03T02:05:00Z
4803,1YRiDhGvwuLrmoBE,1rgNxjB9oN2TJDev,2.79188839,2019-12-03T00:54:00Z
4804,1QHZ5rZ7PKneyZs1,1gJ4ncA1edARWrbB,13.3938399,2019-12-03T11:30:00Z
4805,1Ze691FgqxPp3PhR,1KpZXFFbQHyshdBR,1.74292827,2019-12-03T07:30:00Z
4806,1ZZTRazEHBH3R5Qz,1BUmY8YHKCgu6N79,4.05862348,2019-12-03T00:26:00Z
4807,1DMFiMv2VN2GJqkZ,1fXRWFQkodYaJSn4,12.2150192,2019-12-03T16:45:00Z
4808,1FGuHFVV7PfVczfQ,1KMk4962MsDuK7b2,3.88682256,2019-12-03T06:00:00Z
4809,18a2q1L9WCa1KKkT,1KuoQAUCvpfgWZ11,2.71656832,2019-12-03T16:42:00Z
4810,19ENARnLTF4vPJVH,1nndN8uvV66d2nZq,37.87735262,2019-12-03T00:54:00Z
4811,1kKA1dfnPdMxRYE6,1ETvKBaUPiin8YVz,11.7652717,2019-12-03T17:56:00Z
4812,1sVxLQ8462Q9kri7,1wU5UrH5NZ3FH341,4.14851856,2019-12-03T22:23:00Z
4813,11XHsaRP5ueXM5Kg,1oszo1mWfFFYjxzp,2.7638095,2019-12-03T19:01:00Z
4814,1dNHdTLMNXDJ6XCm,1FiNioNzpgymAubQ,2.31149691,2019-12-03T02:46:00Z
4815,1T79Rac8NFGHhECF,1aJYLcVYbQnzu7Dj,8.25869616,2019-12-03T23:56:00Z
4816,1ZZTRazEHBH3R5Qz,33YWCjBomCEfoFyz,1.79465386,2019-12-03T12:15:00Z
4817,1NtyM4w2eJYmcELe,1a2LgFdh5Fpt4KCF,10.82104081,2019-12-03T11:30:00Z
4818,1RiHFvhFHJHJR3se,1GBqzXwG9BkMXDFf,9.23246479,2019-12-03T11:45:00Z
4819,1bMADFnNRNjk26ri,1fJYDzKVrv6qvx3B,0.71190359,2019-12-03T20:35:00Z
4820,1vPzykFZ81JA7fEP,1P7QqLzF6JZ7hxuv,1.37590292,2019-12-03T08:27:00Z
4821,1KdwGgoD17CcZRwZ,1JB1hxGJQBRG5eVF,12.1862226,2019-12-03T04:53:00Z
4822,1td6fZydavhWrvD8,1o6GH2muzvc7HAaY,7.66221108,2019-12-03T02:11:00Z
4823,1iwb3CgmtuUXfwnW,1NtyM4w2eJYmcELe,3.08614851,2019-12-03T02:16:00Z
4824,1BCunKfeARTRXgPx,1L6ouHa3L2kuuBmY,3.8515268,2019-12-03T22:47:00Z
4825,13BHTAnXc77gk9xm,14UGXj9yALWG5945,6.34487607,2019-12-03T04:35:00Z
4826,1PobkGAcsDthod5q,1bMrs8HxrWzH491H,2.08258343,2019-12-03T09:32:00Z
4827,1wXzsg6aDRTfyCpn,11YtRTFn1oSL3zXR,12.68784844,2019-12-03T15:10:00Z
4828,1YFVeahnYSW64Tmn,114219JPKvhccHHQ,5.40487686,2019-12-03T05:01:00Z
4829,1zHrLkCwGbTSiQL5,18UGxBHYepxtgc8b,9.21773828,2019-12-03T15:11:00Z
4830,1GmQPMiZarPGguMF,1s4DKiNkzLNKvebH,5.67003571,2019-12-03T09:14:00Z
4831,1FGuHFVV7PfVczfQ,1g3R7XEtJcxkCRjp,7.37642865,2019-12-03T14:40:00Z
4832,1L6ouHa3L2kuuBmY,1wmitYd7XE38T2n5,11.74590175,2019-12-03T15:03:00Z
4833,1TZFKKsBA219W6qT,1zbrJmHtZS58T5mS,1.96333729,2019-12-03T19:02:00Z
4834,1uVhtcCtafuHSion,1y7WwKtqszVBcS2C,8.10300284,2019-12-03T09:22:00Z
4835,1dNHdTLMNXDJ6XCm,3M239b5DEVh1NKFV,3.14991638,2019-12-03T17:06:00Z
4836,13e5rMp8T3rKpF5m,1Eym1qWeXf6gGZHK,0.85599161,2019-12-03T14:44:00Z
4837,1VECp2Uvcq4JEsEv,1Aw9xEQ8dc8VVMNb,8.33025601,2019-12-03T23:21:00Z
4838,1MFfMcX78QkPgPkH,1C1c9NfjmUH4i56s,0.09301086,2019-12-03T04:36:00Z
4839,1GgUk1pE2xYWkEp1,3M239b5DEVh1NKFV,14.0409777,2019-12-03T01:29:00Z
4840,1NrC6c3u98T6eW3k,1P48RS5DiLBxE7yU,2.86706598,2019-12-03T12:12:00Z
4841,1PfW4rmw4VwCruo4,1KsiwuEHiEUovHeg,8.12926583,2019-12-03T02:01:00Z
4842,19yUWzvb2G43tDF5,1LWBZk28j3vPRqMk,3.86983805,2019-12-03T14:27:00Z
4843,1GBqzXwG9BkMXDFf,1Lq6JbQon9FD4mXf,3.73880341,2019-12-03T13:18:00Z
4844,1jmEHJTm62dP3wq9,176bFA8cpA43nK9s,2.17810838,2019-12-03T22:02:00Z
4845,1YFVeahnYSW64Tmn,1f1KVJ1HD7WNNpqY,9.43228777,2019-12-03T14:07:00Z
4846,1YkHxsb1CniMTbv7,1H38vMgDepmZHMxt,4.13378113,2019-12-03T02:28:00Z
4847,1eHdD9CmutfkiTPf,1Ywg7Q775xiv9GrR,13.16503484,2019-12-03T03:43:00Z
4848,1wUaHVe7NRc8Xoa9,31A6EQ7oSqhieQBM,2.67559028,2019-12-03T06:23:00Z
4849,1EitxxxYaR5ynDrK,3Y8vT7ASAd4qeB7t,2.32327562,2019-12-03T16:21:00Z
4850,148GPMKH7QD8tYb7,1jVEEF9aaHDS2Xju,1.95503235,2019-12-03T16:43:00Z
4851,1DorH1thto4NDxNT,1AfUZmao8Q8K5CcP,14.41407355,2019-12-03T13:34:00Z
4852,1vRZaJXjEa43zPgG,1umPaYR6uTpzCXsF,48.00843078,2019-12-03T01:20:00Z
4853,1G8LrcvWxHvwBNPr,1LsRJxSoNRTqwb48,14.23596275,2019-12-03T22:42:00Z
4854,17jKMwUrLoqVr6HG,3fEw71S93wM8AFCq,12.04871845,2019-12-03T03:13:00Z
4855,1sNZy4memEAoMyeB,1o6GH2muzvc7HAaY,14.67568665,2019-12-03T13:32:00Z
4856,169kfoy2ms629N4R,18YLNiWgsug4AxXb,5.25683559,2019-12-03T14:43:00Z
4857,12prQfyBwRwiQ7xN,18rd9ES2jc2qTb7b,3.78524863,2019-12-03T06:33:00Z
4858,1NZ3GAtqtJP25yF4,1mTZ2KCk9vkDkx9m,12.95548255,2019-12-03T23:07:00Z
4859,12L3GGbNeTTeMwrz,1sVxLQ8462Q9kri7,14.69311909,2019-12-03T18:11:00Z
4860,1zbrJmHtZS58T5mS,1TirB8QNsvB27LGc,4.27847143,2019-12-03T06:32:00Z
4861,1FvEuPX26fgowXFR,1b6KPEtESCymyBS1,2.82462905,2019-12-03T23:59:00Z
4862,148GPMKH7QD8tYb7,1TmvfsTenGCM6p5i,0.03618119,2019-12-03T18:52:00Z
4863,1L94V1WA3RLHpswz,1MNuGBAZWt3kZbiu,1.56512854,2019-12-03T15:09:00Z
4864,176bFA8cpA43nK9s,1eHdD9CmutfkiTPf,14.26495593,2019-12-03T17:47:00Z
4865,17Gy8pc9sKyMbPcs,1SvGE4M9BVGngCG7,4.50718563,2019-12-03T13:33:00Z
4866,1Md93HRhPXR8xZQA,1ow6eDoug41FgNMC,43.31496116,2019-12-03T11:55:00Z
4867,1sMgDEqyNy2LKtHw,1fXRWFQkodYaJSn4,13.71731775,2019-12-03T23:32:00Z
4868,1PUvb5fpX622F1by,17HJUzK5vEjDaUCH,14.0057549,2019-12-03T02:47:00Z
4869,1kBAW4GbqXKcv5xo,1K5tPoKFBRutRkmN,4.58210837,2019-12-03T22:40:00Z
4870,1Ya477bembmPDC5e,1GHhYW9Y4jw73Wix,2.99069766,2019-12-03T22:26:00Z
4871,17ajhF2m1FhKhpUJ,1qk7RWE4ULArRrq7,0.10993778,2019-12-03T09:58:00Z
4872,1tQGNHthD2YaTMxB,1WK83Xqamhw4HmCY,10.37866051,2019-12-03T05:32:00Z
4873,1TxPGdCGUmsBP2ew,1abgQKZ9i3rBKpXP,3.24062548,2019-12-03T16:21:00Z
4874,12HFq7AZAMcJEnpD,1DNgwGvVTzNpDGop,5.48990879,2019-12-03T04:09:00Z
4875,1zbrJmHtZS58T5mS,1G75HiEeJBQkDsS8,4.39003313,2019-12-03T12:16:00Z
4876,1yYJVJBhH82bZLsu,31u2kj2PUBoHKUe6,10.70721977,2019-12-03T05:20:00Z
4877,1cKXYF2pg3VQZCCd,1GBL1vT38bfoigJf,3.72804196,2019-12-03T03:41:00Z
4878,12L3GGbNeTTeMwrz,18xU1Uod8DEj59Q5,7.29879001,2019-12-03T21:00:00Z
4879,1y9pJedRpkAis53A,1kTRDdcauBB9x9H7,6.33777882,2019-12-03T07:19:00Z
4880,1Snda2Tdx776g9jV,1ehP4kraCyfDdin8,4.69081695,2019-12-03T01:36:00Z
4881,1SVP4oHqRKN4e6DR,1YB137ChL817hoh2,8.32845146,2019-12-03T03:59:00Z
4882,1kTRDdcauBB9x9H7,1jSNxV48v1Z1p2ux,14.42030771,2019-12-03T03:26:00Z
4883,1wA9JQv5bBoHTNkX,3TwobS8w1RnXNQzC,1.12652403,2019-12-03T18:45:00Z
4884,11BXeo4xAVEdmfkD,1sdn3PZWak3MKjxE,1.90714859,2019-12-03T16:55:00Z
4885,1sq9w7hH5aJBpW63,1Fjwin5jGN8SXmxs,12.63451213,2019-12-03T23:36:00Z
4886,1tQGNHthD2YaTMxB,1NZ3GAtqtJP25yF4,10.5911087,2019-12-03T09:31:00Z
4887,19jB7F5cM6eDJD96,17bvDWXiiiZPd1Tx,1.46527922,2019-12-03T21:32:00Z
4888,1YRiDhGvwuLrmoBE,1hG71VmozVr8hrU4,4.81448925,2019-12-03T11:34:00Z
4889,13JKYzr7aCwCAYiy,1rgNxjB9oN2TJDev,0.39427938,2019-12-03T05:21:00Z
4890,1NLyx6613EJJh4si,14pdSn19wptXxmSw,9.71551344,2019-12-03T16:11:00Z
4891,11XHsaRP5ueXM5Kg,1D491Zgk2Y8bMKwZ,14.83504084,2019-12-03T07:16:00Z
4892,1NrC6c3u98T6eW3k,1bMrs8HxrWzH491H,4.63398091,2019-12-03T11:06:00Z
4893,1DA2zMwDA5txETci,1SvGE4M9BVGngCG7,14.60751207,2019-12-03T15:53:00Z
4894,1CZXtBWYzRfRFfNd,1t5yy1psMdPdo33v,8.71961955,2019-12-03T01:12:00Z
4895,1WDuTzvPch7rmU1X,148GPMKH7QD8tYb7,7.71189866,2019-12-03T22:01:00Z
4896,1TGvPHyhPH9E8NoN,1zqvW4J1tBVfodm1,2.14682119,2019-12-03T01:30:00Z
4897,1F96QJxaM4UdvE9t,1ywSCFxbMby3WYFs,5.52682194,2019-12-03T21:14:00Z
4898,1dNHdTLMNXDJ6XCm,16wAiLkpMMuJMaY5,8.17760435,2019-12-03T04:59:00Z
4899,1gMpeFZyZMJMBcSU,1pboE89Tw179ao8E,6.43218383,2019-12-10T01:57:00Z
4900,1DmWR8LTWHCE4mJa,11YtRTFn1oSL3zXR,13.26119634,2019-12-10T22:00:00Z
4901,1GBqzXwG9BkMXDFf,1m9P6QGeT5XApSjF,7.97662087,2019-12-10T14:39:00Z
4902,1oeTDN5HqCg3T7VM,1p1NJnWPxnBetJ7E,0.76038634,2019-12-10T09:48:00Z
4903,1VBEWwGrVxxDmH7H,1QBKaXJNEFgNPPdB,8.74939494,2019-12-10T03:13:00Z
4904,1X8REorWWbZsKkTP,1dneZ88JhxpgAgsD,10.26095704,2019-12-10T09:41:00Z
4905,1NtyM4w2eJYmcELe,1LrrxBcvrigRP7PP,5.37999848,2019-12-10T04:42:00Z
4906,1PA3SuhtCjMMNEQV,1wy5J2qUhmGY88jm,4.34998753,2019-12-10T10:05:00Z
4907,11CxF3hJ67djH9EQ,1qoBFvYFCweu3FUZ,7.49294651,2019-12-10T04:42:00Z
4908,1N1GanX4r3fBWAZQ,1KpZXFFbQHyshdBR,13.7370358,2019-12-10T00:07:00Z
4909,15Ha2CawZG7cHxRA,1k1GUS4Zygfe3sEr,14.35382345,2019-12-10T11:57:00Z
4910,13V81CAdqreV7Zgv,1JJCDTwoAFteK613,6.05100148,2019-12-10T05:03:00Z
4911,1f1KVJ1HD7WNNpqY,1aAHuEHLbe7DE9jy,2.06801025,2019-12-10T16:29:00Z
4912,1YFVeahnYSW64Tmn,1PCqRRY5NvPrpdLc,0.67379501,2019-12-10T18:17:00Z
4913,1trNjrZ7qc9pAyJg,1NtyM4w2eJYmcELe,1.28311562,2019-12-10T02:16:00Z
4914,1ehP4kraCyfDdin8,1tFUrLP6Vv7RWdva,10.71529169,2019-12-10T18:39:00Z
4915,1qk7RWE4ULArRrq7,1ATbkij2UzPu93eY,9.85163955,2019-12-10T15:27:00Z
4916,1TGvPHyhPH9E8NoN,1j85QkqiMZzNH7xc,11.50663244,2019-12-10T09:19:00Z
4917,1kTRDdcauBB9x9H7,1y9pJedRpkAis53A,3.24764985,2019-12-10T01:56:00Z
4918,1gYcAvNY55KkGMRy,1LpLMQhdQxMc6q5G,14.38580397,2019-12-10T23:29:00Z
4919,1rWJ2i7CyHU2Ns4m,1pboE89Tw179ao8E,3.7562962,2019-12-10T18:08:00Z
4920,1vMRWSipQWE9JQGM,1pVwey2KMhHHn8y1,1.08574258,2019-12-10T15:43:00Z
4921,1ACuhLy6uHKKpNH9,1HE5A9X4VFRvs69Q,10.14414074,2019-12-10T16:33:00Z
4922,1o9sSeQ1SAzNBf6U,1Dnotr7p62Z9h1yv,14.37789264,2019-12-10T10:04:00Z
4923,1dneZ88JhxpgAgsD,1Jbzz4MaVG2UiRoC,10.25571755,2019-12-10T23:58:00Z
4924,1REcDPnDsWxZsc6t,176bFA8cpA43nK9s,0.50951054,2019-12-10T16:46:00Z
4925,1oeTDN5HqCg3T7VM,11XHsaRP5ueXM5Kg,1.21543355,2019-12-10T15:22:00Z
4926,1WK83Xqamhw4HmCY,13V81CAdqreV7Zgv,9.60417189,2019-12-10T09:02:00Z
4927,11rS7WKDdVLtmpG4,1S8dkAL66y1uN2Ji,6.67344393,2019-12-10T04:35:00Z
4928,1UQRKVhaaiBykuHQ,1BCunKfeARTRXgPx,0.30329839,2019-12-10T08:47:00Z
4929,1DorH1thto4NDxNT,1G8LrcvWxHvwBNPr,3.82903195,2019-12-10T09:51:00Z
4930,1QEE1bTY9qBWgRVh,1KMk4962MsDuK7b2,3.41190156,2019-12-10T02:27:00Z
4931,1WK83Xqamhw4HmCY,13BHTAnXc77gk9xm,9.00383256,2019-12-10T11:34:00Z
4932,1G8LrcvWxHvwBNPr,1h9mEfenzJbW4gNk,4.13745853,2019-12-10T11:02:00Z
4933,1MPX9humnLRCZmdo,114219JPKvhccHHQ,4.43013135,2019-12-10T17:19:00Z
4934,1iABwSrL7rbezk5N,1uCqxAp713f1gSic,9.95007068,2019-12-10T06:25:00Z
4935,1hnHy81d6mhKtPwf,1Ywg7Q775xiv9GrR,9.57606468,2019-12-10T09:29:00Z
4936,1aMQxxJmBNa1Yunj,1TGvPHyhPH9E8NoN,7.58129101,2019-12-10T02:11:00Z
4937,1KdwGgoD17CcZRwZ,1Qztqa7TeMpLNfG2,5.09006234,2019-12-10T05:03:00Z
4938,1XGwfNfKfw1Lc7DN,1cvbrWWvoinEVJD3,0.17796055,2019-12-10T05:40:00Z
4939,1NpApQNXEKfWoHD5,1LroL5DaYgBum5fR,6.29883412,2019-12-10T02:07:00Z
4940,1g3R7XEtJcxkCRjp,1GmQPMiZarPGguMF,2.13268858,2019-12-10T01:35:00Z
4941,1KpZXFFbQHyshdBR,1UiBeQvQEtTj47qh,3.70582582,2019-12-10T03:49:00Z
4942,1KYrTSP42ExcvCAR,1NQ5KzpBCyTRmYeU,2.40956684,2019-12-10T21:02:00Z
4943,1ry7u31iLPgEqmDF,1XL17xz8K629NxW2,0.25726328,2019-12-10T22:36:00Z
4944,1KKjwT6AeP3onKpi,1Jbzz4MaVG2UiRoC,0.74738308,2019-12-10T12:09:00Z
4945,18a2q1L9WCa1KKkT,1FiNioNzpgymAubQ,3.57076312,2019-12-10T00:13:00Z
4946,1PUBGf1cD2nJm8PN,13JKYzr7aCwCAYiy,3.46659364,2019-12-10T02:02:00Z
4947,1eaNSJ7sMaSnHiQF,1a21yySbuwDuB3ks,6.05909268,2019-12-10T03:48:00Z
4948,1JwrHM2qHoXKX53t,1td6fZydavhWrvD8,7.97216027,2019-12-10T21:45:00Z
4949,14UGXj9yALWG5945,1K3jQtjj7jPoH2T3,6.16766433,2019-12-10T10:29:00Z
4950,1qoBFvYFCweu3FUZ,17mpLDmL5RLB7QqP,9.44737723,2019-12-10T01:54:00Z
4951,18orPehj2oQLcE2H,1KB4sdPTyNYb4jRK,3.98662052,2019-12-10T23:36:00Z
4952,1kBAW4GbqXKcv5xo,1XNMrCC1GkssGbtP,3.08936836,2019-12-10T16:35:00Z
4953,1qXBAfygoKodh1X6,1rTuDkQxjRckeCCs,14.82058275,2019-12-10T03:04:00Z
4954,1ESLD8zxDkmFhWpj,1uJnJUziXWCaq5fA,1.67910652,2019-12-10T11:52:00Z
4955,1wXzsg6aDRTfyCpn,1ESLD8zxDkmFhWpj,2.60180109,2019-12-10T18:50:00Z
4956,1qk7RWE4ULArRrq7,3Y8vT7ASAd4qeB7t,11.40201228,2019-12-10T14:16:00Z
4957,169kfoy2ms629N4R,1DMFiMv2VN2GJqkZ,1.19736806,2019-12-10T07:43:00Z
4958,17ajhF2m1FhKhpUJ,114219JPKvhccHHQ,6.94542971,2019-12-10T02:02:00Z
4959,1DNgwGvVTzNpDGop,1NFvveM7rLnYRz6V,7.79466759,2019-12-10T00:50:00Z
4960,1oS85NnHsY7UabsF,1P5LZ9pox9y37PvG,11.15546363,2019-12-10T20:46:00Z
4961,1jVEEF9aaHDS2Xju,1NtyM4w2eJYmcELe,14.17244912,2019-12-10T16:47:00Z
4962,1BUmY8YHKCgu6N79,33YWCjBomCEfoFyz,0.9298565,2019-12-10T00:45:00Z
4963,1WDuTzvPch7rmU1X,1Xy8nHgM47i6FHQP,6.33367999,2019-12-10T22:17:00Z
4964,1ywSCFxbMby3WYFs,31nV2DrVWAFeyqYT,3.9854259,2019-12-10T05:18:00Z
4965,18a2q1L9WCa1KKkT,3Y8vT7ASAd4qeB7t,2.57000612,2019-12-10T22:11:00Z
4966,1Lm7CruzxRwQnb15,1sNZy4memEAoMyeB,0.97981415,2019-12-10T11:09:00Z
4967,1K5tPoKFBRutRkmN,1f9v43Xk1s68FSiu,14.94535804,2019-12-10T15:12:00Z
4968,1Uhd4wi7qyD77d5D,1NCyyQsgcY76GjJ5,6.52386083,2019-12-10T11:44:00Z
4969,1hmDDQnZd3fwKFds,1a2LgFdh5Fpt4KCF,11.24299297,2019-12-10T00:14:00Z
4970,1h6Xw6p2BgV6aevF,1aJYLcVYbQnzu7Dj,0.85115912,2019-12-10T23:16:00Z
4971,12nx1RT4Sau3D2aX,12icaPSgNgN28QDh,8.61325308,2019-12-10T02:44:00Z
4972,1bYmgRkXfXFc6ceB,1V9JtnLJxgFSR6DX,1.80763864,2019-12-10T17:52:00Z
4973,1nXyxT2sQtKh3M2i,1NdpC25TDn7yycoE,25.07270655,2019-12-10T18:42:00Z
4974,1YHujKKw4PahsN2i,1zHdtY5BbP1Ydp4P,2.41501906,2019-12-10T03:19:00Z
4975,1vMRWSipQWE9JQGM,1XTXyNWwC6qJPofe,11.3864909,2019-12-10T13:50:00Z
4976,1pVwey2KMhHHn8y1,1G8LrcvWxHvwBNPr,6.92667452,2019-12-10T03:22:00Z
4977,1CxxWTdSD4DWGoAn,1a2LgFdh5Fpt4KCF,5.95584327,2019-12-10T03:34:00Z
4978,1K7iQ6QudDFxU198,169kfoy2ms629N4R,11.93008659,2019-12-10T09:30:00Z
4979,1oS85NnHsY7UabsF,1P5LZ9pox9y37PvG,2.07470972,2019-12-10T07:45:00Z
4980,1WNtMDRb4yNLn2nC,1YB137ChL817hoh2,13.98135158,2019-12-10T06:58:00Z
4981,1PEDHBz1wPsrxD1r,1L5CGrSA9Jc9jfD4,1.60929019,2019-12-10T16:46:00Z
4982,1Snda2Tdx776g9jV,169kfoy2ms629N4R,1.93622551,2019-12-10T03:00:00Z
4983,1DT5XE2pRiJmX718,1Lm7CruzxRwQnb15,11.45952953,2019-12-10T17:12:00Z
4984,1XkuXBH7JyiCRNsp,11YtRTFn1oSL3zXR,10.21528347,2019-12-10T13:43:00Z
4985,19FAKT2N5LniVr2M,1TirB8QNsvB27LGc,11.17086884,2019-12-10T14:22:00Z
4986,1Lm7CruzxRwQnb15,1MhamiF8tbDweUvM,7.57032397,2019-12-10T03:32:00Z
4987,1uCqxAp713f1gSic,1bMrs8HxrWzH491H,1.19029755,2019-12-10T20:40:00Z
4988,1Lq6JbQon9FD4mXf,1zbrJmHtZS58T5mS,1.53387879,2019-12-10T18:59:00Z
4989,1WK83Xqamhw4HmCY,1qXBAfygoKodh1X6,2.08273111,2019-12-10T14:58:00Z
4990,1GLA3tPmY3Gtn4fg,1Xm28HBz8K7oS2Ps,11.228229,2019-12-10T08:45:00Z
4991,13e5rMp8T3rKpF5m,3JNGSpTz4CW5hTzG,10.81696543,2019-12-10T13:08:00Z
4992,13JKYzr7aCwCAYiy,1trNjrZ7qc9pAyJg,4.82653361,2019-12-10T09:19:00Z
4993,1QbYqZCBLH3uZvug,1TySac9ASAqUD12T,10.04788634,2019-12-10T06:47:00Z
4994,1MNWx7D4QRUUiG1c,1TZFKKsBA219W6qT,3.90154972,2019-12-10T03:59:00Z
4995,1Snda2Tdx776g9jV,1XNMrCC1GkssGbtP,1.98464547,2019-12-10T06:32:00Z
4996,1bMrs8HxrWzH491H,1Lm7CruzxRwQnb15,3.70785845,2019-12-10T02:00:00Z
4997,1K3jQtjj7jPoH2T3,14vbKu8RUhoJiuZz,12.40262043,2019-12-10T05:51:00Z
4998,1bQPxmPLdN1ddTT1,1NLyx6613EJJh4si,3.48837044,2019-12-10T08:25:00Z
4999,1oS85NnHsY7UabsF,1xiYe9aH2odBg91N,1.311823,2019-12-10T20:41:00Z
5000,1vPzykFZ81JA7fEP,3Cy58imRd5rntwwS,2.55366155,2019-12-10T07:34:00Z
